benchmark,machine,rid,actual_runtime,predicted_runtime,prediction_error,cluster_weight,average_runtime
bt_A,saphir,669,31694566414.0,-1,-1,32,18785997.2
bt_A,saphir,21,31694566414.0,-1,-1,30,24677962.2
bt_A,saphir,671,31694566414.0,-1,-1,29,14393856.0
bt_A,saphir,453,31694566414.0,-1,-1,344,12828384.6
bt_A,saphir,1941,31694566414.0,-1,-1,54,13381272.6
bt_A,saphir,1484,31694566414.0,-1,-1,363,14656871.6
bt_A,saphir,656,31694566414.0,-1,-1,52,14560007.8
bt_A,saphir,167,31694566414.0,-1,-1,356,14339951.8
bt_A,saphir,9,31694566414.0,-1,-1,34,15788655.0
bt_A,saphir,748,31694566414.0,-1,-1,32,16838934.4
bt_A,saphir,1428,31694566414.0,-1,-1,30,19245741.0
bt_A,saphir,793,31694566414.0,-1,-1,48,13901120.4
bt_A,saphir,121,31694566414.0,-1,-1,30,24453866.0
bt_A,saphir,1537,31694566414.0,-1,-1,37,18422686.0
bt_A,saphir,859,31694566414.0,-1,-1,31,18587861.6
bt_A,saphir,1529,31694566414.0,-1,-1,28,23646282.6
bt_A,saphir,294,31694566414.0,-1,-1,47,14414928.0
bt_A,saphir,1644,31694566414.0,-1,-1,48,14757103.8
bt_A,saphir,320,31694566414.0,-1,-1,32,19009589.0
bt_A,saphir,980,31694566414.0,-1,-1,32,22557491.0
bt_A,saphir,339,31694566414.0,-1,-1,35,20532852.6
bt_A,saphir,1069,31694566414.0,-1,-1,27,21075836.2
bt_A,saphir,1070,31694566414.0,-1,-1,27,19835372.6
bt_A,saphir,1108,31694566414.0,-1,-1,33,19418613.2
bt_A,saphir,1804,31694566414.0,-1,-1,49,14666152.0
bt_A,saphir,500,31694566414.0,-1,-1,26,22484467.6
bt_A,saphir,501,31694566414.0,-1,-1,26,17804630.0
bt_A,saphir,569,31694566414.0,-1,-1,33,19293597.2
bt_A,saphir,1249,31694566414.0,-1,-1,27,23866171.0
bt_A,saphir,1899,31694566414.0,-1,-1,25,15857159.2
bt_A,saphir,-1,31694566414.0,31674632587.6,-0.06289351347995231,-1,-1.0
bt_A,summer,669,12860468336.8,-1,-1,32,6955514.6
bt_A,summer,21,12860468336.8,-1,-1,30,6616966.8
bt_A,summer,671,12860468336.8,-1,-1,29,6778528.0
bt_A,summer,453,12860468336.8,-1,-1,344,6415051.8
bt_A,summer,1941,12860468336.8,-1,-1,54,6377576.8
bt_A,summer,1484,12860468336.8,-1,-1,363,6305848.4
bt_A,summer,656,12860468336.8,-1,-1,52,6414148.2
bt_A,summer,167,12860468336.8,-1,-1,356,6341072.2
bt_A,summer,9,12860468336.8,-1,-1,34,6129447.8
bt_A,summer,748,12860468336.8,-1,-1,32,6843569.4
bt_A,summer,1428,12860468336.8,-1,-1,30,6938837.6
bt_A,summer,793,12860468336.8,-1,-1,48,6353445.6
bt_A,summer,121,12860468336.8,-1,-1,30,7045505.6
bt_A,summer,1537,12860468336.8,-1,-1,37,7034149.0
bt_A,summer,859,12860468336.8,-1,-1,31,6532201.6
bt_A,summer,1529,12860468336.8,-1,-1,28,6926946.4
bt_A,summer,294,12860468336.8,-1,-1,47,6309779.6
bt_A,summer,1644,12860468336.8,-1,-1,48,6233390.8
bt_A,summer,320,12860468336.8,-1,-1,32,6450954.0
bt_A,summer,980,12860468336.8,-1,-1,32,6994997.0
bt_A,summer,339,12860468336.8,-1,-1,35,7222156.6
bt_A,summer,1069,12860468336.8,-1,-1,27,6686109.8
bt_A,summer,1070,12860468336.8,-1,-1,27,6803176.8
bt_A,summer,1108,12860468336.8,-1,-1,33,7264261.4
bt_A,summer,1804,12860468336.8,-1,-1,49,6364158.2
bt_A,summer,500,12860468336.8,-1,-1,26,6737183.4
bt_A,summer,501,12860468336.8,-1,-1,26,6767587.0
bt_A,summer,569,12860468336.8,-1,-1,33,7139863.0
bt_A,summer,1249,12860468336.8,-1,-1,27,6867864.8
bt_A,summer,1899,12860468336.8,-1,-1,25,6745184.4
bt_A,summer,-1,12860468336.8,12992802418.800001,1.0289989332762504,-1,-1.0
cg_A,saphir,5,281706731.2,-1,-1,23,15213863.8
cg_A,saphir,9,281706731.2,-1,-1,14,8008451.6
cg_A,saphir,37,281706731.2,-1,-1,1,4174053.6
cg_A,saphir,-1,281706731.2,466211243.40000004,65.49524443880242,-1,-1.0
cg_A,summer,5,251103477.2,-1,-1,23,9877792.6
cg_A,summer,9,251103477.2,-1,-1,14,6904184.4
cg_A,summer,37,251103477.2,-1,-1,1,3549620.2
cg_A,summer,-1,251103477.2,327397431.59999996,30.383471886067525,-1,-1.0
ep_A,saphir,10,1455491546.4,-1,-1,5,37135971.2
ep_A,saphir,18,1455491546.4,-1,-1,16,36468827.6
ep_A,saphir,21,1455491546.4,-1,-1,15,36884755.0
ep_A,saphir,24,1455491546.4,-1,-1,4,37170986.6
ep_A,saphir,-1,1455491546.4,1471136369.0,1.07488240922427,-1,-1.0
ep_A,summer,10,1374888926.6,-1,-1,5,34996815.0
ep_A,summer,18,1374888926.6,-1,-1,16,34223732.4
ep_A,summer,21,1374888926.6,-1,-1,15,34632281.0
ep_A,summer,24,1374888926.6,-1,-1,4,34839053.0
ep_A,summer,-1,1374888926.6,1381404220.4,0.47387782925214456,-1,-1.0
ft_A,saphir,0,801428336.6,-1,-1,1,33740837.2
ft_A,saphir,39,801428336.6,-1,-1,18,11423841.4
ft_A,saphir,13,801428336.6,-1,-1,19,12890000.8
ft_A,saphir,6,801428336.6,-1,-1,14,14446199.8
ft_A,saphir,49,801428336.6,-1,-1,6,19532301.0
ft_A,saphir,-1,801428336.6,803720600.8000001,0.2860223547528663,-1,-1.0
ft_A,summer,0,466783217.4,-1,-1,1,22848423.8
ft_A,summer,39,466783217.4,-1,-1,18,5365797.4
ft_A,summer,13,466783217.4,-1,-1,19,6697266.4
ft_A,summer,6,466783217.4,-1,-1,14,8563650.4
ft_A,summer,49,466783217.4,-1,-1,6,22097315.0
ft_A,summer,-1,466783217.4,499155834.20000005,6.93525722289605,-1,-1.0
is_A,saphir,9,717680468.6,-1,-1,7,460989550.4
is_A,saphir,15,717680468.6,-1,-1,6,90659917.0
is_A,saphir,12,717680468.6,-1,-1,5,101845998.2
is_A,saphir,-1,717680468.6,4280116345.7999997,496.38189041835653,-1,-1.0
is_A,summer,9,225458237.6,-1,-1,7,224120459.6
is_A,summer,15,225458237.6,-1,-1,6,48364729.2
is_A,summer,12,225458237.6,-1,-1,5,39632816.8
is_A,summer,-1,225458237.6,2057195676.4,812.4508815019675,-1,-1.0
lu_A,saphir,317,26822721724.0,-1,-1,36,15971167.0
lu_A,saphir,426,26822721724.0,-1,-1,299,14400976.0
lu_A,saphir,839,26822721724.0,-1,-1,39,14914159.6
lu_A,saphir,706,26822721724.0,-1,-1,297,14505407.8
lu_A,saphir,1399,26822721724.0,-1,-1,40,19150045.4
lu_A,saphir,1026,26822721724.0,-1,-1,47,23952355.0
lu_A,saphir,545,26822721724.0,-1,-1,31,16905062.4
lu_A,saphir,807,26822721724.0,-1,-1,32,14766240.0
lu_A,saphir,270,26822721724.0,-1,-1,32,17827110.0
lu_A,saphir,49,26822721724.0,-1,-1,43,21215724.0
lu_A,saphir,589,26822721724.0,-1,-1,37,20983395.8
lu_A,saphir,591,26822721724.0,-1,-1,35,14867519.8
lu_A,saphir,574,26822721724.0,-1,-1,32,14796199.6
lu_A,saphir,296,26822721724.0,-1,-1,39,18986421.0
lu_A,saphir,1432,26822721724.0,-1,-1,52,24211938.2
lu_A,saphir,1438,26822721724.0,-1,-1,33,23769338.4
lu_A,saphir,640,26822721724.0,-1,-1,29,17408422.4
lu_A,saphir,642,26822721724.0,-1,-1,35,14827727.8
lu_A,saphir,1481,26822721724.0,-1,-1,32,17666622.0
lu_A,saphir,135,26822721724.0,-1,-1,38,14629920.0
lu_A,saphir,708,26822721724.0,-1,-1,46,19882852.8
lu_A,saphir,974,26822721724.0,-1,-1,39,18625941.8
lu_A,saphir,1261,26822721724.0,-1,-1,41,22362411.2
lu_A,saphir,152,26822721724.0,-1,-1,35,15706463.0
lu_A,saphir,1013,26822721724.0,-1,-1,42,23906802.4
lu_A,saphir,442,26822721724.0,-1,-1,32,19819388.8
lu_A,saphir,1572,26822721724.0,-1,-1,34,18385845.4
lu_A,saphir,198,26822721724.0,-1,-1,32,14793591.8
lu_A,saphir,1018,26822721724.0,-1,-1,27,16470054.8
lu_A,saphir,-1,26822721724.0,27130004454.799995,1.145606079658389,-1,-1.0
lu_A,summer,317,11449376722.4,-1,-1,36,7553008.0
lu_A,summer,426,11449376722.4,-1,-1,299,7011599.8
lu_A,summer,839,11449376722.4,-1,-1,39,7373496.6
lu_A,summer,706,11449376722.4,-1,-1,297,7123614.4
lu_A,summer,1399,11449376722.4,-1,-1,40,7784031.2
lu_A,summer,1026,11449376722.4,-1,-1,47,7340364.8
lu_A,summer,545,11449376722.4,-1,-1,31,8372419.8
lu_A,summer,807,11449376722.4,-1,-1,32,7248719.4
lu_A,summer,270,11449376722.4,-1,-1,32,7732833.0
lu_A,summer,49,11449376722.4,-1,-1,43,7024816.0
lu_A,summer,589,11449376722.4,-1,-1,37,8585666.6
lu_A,summer,591,11449376722.4,-1,-1,35,7240423.2
lu_A,summer,574,11449376722.4,-1,-1,32,7175835.8
lu_A,summer,296,11449376722.4,-1,-1,39,7069370.6
lu_A,summer,1432,11449376722.4,-1,-1,52,8365877.6
lu_A,summer,1438,11449376722.4,-1,-1,33,7131597.6
lu_A,summer,640,11449376722.4,-1,-1,29,8673407.6
lu_A,summer,642,11449376722.4,-1,-1,35,7182661.2
lu_A,summer,1481,11449376722.4,-1,-1,32,8030725.0
lu_A,summer,135,11449376722.4,-1,-1,38,7167718.8
lu_A,summer,708,11449376722.4,-1,-1,46,7745770.8
lu_A,summer,974,11449376722.4,-1,-1,39,7800121.4
lu_A,summer,1261,11449376722.4,-1,-1,41,8420137.4
lu_A,summer,152,11449376722.4,-1,-1,35,7947446.4
lu_A,summer,1013,11449376722.4,-1,-1,42,7180519.2
lu_A,summer,442,11449376722.4,-1,-1,32,6973483.2
lu_A,summer,1572,11449376722.4,-1,-1,34,8505219.2
lu_A,summer,198,11449376722.4,-1,-1,32,7211024.0
lu_A,summer,1018,11449376722.4,-1,-1,27,7559360.6
lu_A,summer,-1,11449376722.4,11780762827.199999,2.894359342300815,-1,-1.0
mg_A,saphir,7,301656333.0,-1,-1,9,11988265.0
mg_A,saphir,2,301656333.0,-1,-1,6,11841097.4
mg_A,saphir,23,301656333.0,-1,-1,12,12175456.8
mg_A,saphir,-1,301656333.0,325046451.0,7.7538958878744975,-1,-1.0
mg_A,summer,7,286321228.8,-1,-1,9,11516980.8
mg_A,summer,2,286321228.8,-1,-1,6,9716841.4
mg_A,summer,23,286321228.8,-1,-1,12,9914717.6
mg_A,summer,-1,286321228.8,280930486.8,-1.8827601511047998,-1,-1.0
sp_A,saphir,267,37549566747.2,-1,-1,63,18993965.8
sp_A,saphir,1368,37549566747.2,-1,-1,60,23829442.4
sp_A,saphir,582,37549566747.2,-1,-1,67,17771926.2
sp_A,saphir,1522,37549566747.2,-1,-1,85,20291476.8
sp_A,saphir,1058,37549566747.2,-1,-1,75,21057724.0
sp_A,saphir,1372,37549566747.2,-1,-1,66,18840077.6
sp_A,saphir,1686,37549566747.2,-1,-1,66,25464713.8
sp_A,saphir,1328,37549566747.2,-1,-1,85,17589470.0
sp_A,saphir,1237,37549566747.2,-1,-1,63,20974507.8
sp_A,saphir,520,37549566747.2,-1,-1,64,19355933.8
sp_A,saphir,1598,37549566747.2,-1,-1,50,21995523.4
sp_A,saphir,522,37549566747.2,-1,-1,66,19245124.6
sp_A,saphir,302,37549566747.2,-1,-1,100,19956172.6
sp_A,saphir,708,37549566747.2,-1,-1,74,20656860.4
sp_A,saphir,37,37549566747.2,-1,-1,66,19001461.4
sp_A,saphir,954,37549566747.2,-1,-1,46,25358337.6
sp_A,saphir,1604,37549566747.2,-1,-1,54,17197967.0
sp_A,saphir,1200,37549566747.2,-1,-1,84,20712060.2
sp_A,saphir,1385,37549566747.2,-1,-1,68,20766699.8
sp_A,saphir,760,37549566747.2,-1,-1,67,18602901.6
sp_A,saphir,425,37549566747.2,-1,-1,79,24386506.4
sp_A,saphir,44,37549566747.2,-1,-1,86,18705157.6
sp_A,saphir,358,37549566747.2,-1,-1,64,20787644.4
sp_A,saphir,1735,37549566747.2,-1,-1,68,19705989.2
sp_A,saphir,149,37549566747.2,-1,-1,68,21110068.0
sp_A,saphir,1805,37549566747.2,-1,-1,54,20608396.6
sp_A,saphir,825,37549566747.2,-1,-1,53,23881834.4
sp_A,saphir,1841,37549566747.2,-1,-1,1,3240742.6
sp_A,saphir,-1,37549566747.2,37765307855.99999,0.5745501945533975,-1,-1.0
sp_A,summer,267,13760499078.6,-1,-1,63,7742828.6
sp_A,summer,1368,13760499078.6,-1,-1,60,6766186.8
sp_A,summer,582,13760499078.6,-1,-1,67,8040208.6
sp_A,summer,1522,13760499078.6,-1,-1,85,7750182.0
sp_A,summer,1058,13760499078.6,-1,-1,75,8184943.2
sp_A,summer,1372,13760499078.6,-1,-1,66,7004881.4
sp_A,summer,1686,13760499078.6,-1,-1,66,7338350.6
sp_A,summer,1328,13760499078.6,-1,-1,85,7732806.4
sp_A,summer,1237,13760499078.6,-1,-1,63,7884405.4
sp_A,summer,520,13760499078.6,-1,-1,64,7927585.0
sp_A,summer,1598,13760499078.6,-1,-1,50,6702084.8
sp_A,summer,522,13760499078.6,-1,-1,66,7667198.2
sp_A,summer,302,13760499078.6,-1,-1,100,8009552.6
sp_A,summer,708,13760499078.6,-1,-1,74,8066170.2
sp_A,summer,37,13760499078.6,-1,-1,66,7296341.8
sp_A,summer,954,13760499078.6,-1,-1,46,7320826.4
sp_A,summer,1604,13760499078.6,-1,-1,54,7652777.4
sp_A,summer,1200,13760499078.6,-1,-1,84,7686010.6
sp_A,summer,1385,13760499078.6,-1,-1,68,8066284.8
sp_A,summer,760,13760499078.6,-1,-1,67,6553389.6
sp_A,summer,425,13760499078.6,-1,-1,79,7591715.4
sp_A,summer,44,13760499078.6,-1,-1,86,7662273.0
sp_A,summer,358,13760499078.6,-1,-1,64,8049939.0
sp_A,summer,1735,13760499078.6,-1,-1,68,8019879.4
sp_A,summer,149,13760499078.6,-1,-1,68,7538640.6
sp_A,summer,1805,13760499078.6,-1,-1,54,6675017.2
sp_A,summer,825,13760499078.6,-1,-1,53,6626009.4
sp_A,summer,1841,13760499078.6,-1,-1,1,1076354.4
sp_A,summer,-1,13760499078.6,13961473753.0,1.4605187882505704,-1,-1.0
