type,region,thread,data1,data2,data3,data4,data5,data6,data7,data8,data9,data10,data11,data12,data13,data14,data15,data16,data17,data18,data19,data20,data21,data22,data23,data24,data25,data26,data27,data28,data29,data30,data31,data32,data33,data34,data35,data36,data37,data38,data39,data40,data41,data42,data43,data44,data45,data46,data47,data48,data49,data50,data51,data52,data53,data54,data55,data56,data57,data58,data59,data60,data61,data62,data63,data64,data65,data66,data67,data68,data69,data70,data71,data72,data73,data74,data75,data76,data77,data78,data79,data80,data81,data82,data83,data84,data85,data86,data87,data88,data89,data90,data91,data92,data93,data94,data95,data96,data97,data98,data99,data100,data101,data102,data103,data104,data105,data106,data107,data108,data109,data110,data111,data112,data113,data114,data115,data116,data117,data118,data119,data120,data121,data122,data123,data124,data125,data126,data127,data128,data129,data130,data131,data132,data133,data134,data135,data136,data137,data138,data139,data140,data141
bbv,0,0,1,1,1,1,11442,11442,11442,1476018,11442,11442,11442,11442,11442,11442,1464476,11441,11441,,,,,,,,,,,,,,,,,,,,,,,,,,,,,,,,,,,,,,,,,,,,,,,,,,,,,,,,,,,,,,,,,,,,,,,,,,,,,,,,,,,,,,,,,,,,,,,,,,,,,,,,,,,,,,,,,,,,,,,,,,,,
csv,0,0,230,256,315,333,99994685,99994715,99994718,99998975,99998977,99998980,99999001,99999007,99999042,99999055,100000007,99994670,99994673,,,,,,,,,,,,,,,,,,,,,,,,,,,,,,,,,,,,,,,,,,,,,,,,,,,,,,,,,,,,,,,,,,,,,,,,,,,,,,,,,,,,,,,,,,,,,,,,,,,,,,,,,,,,,,,,,,,,,,,,,,,,
bb_id,0,0,27,142,354,355,357,358,359,360,361,363,364,365,366,367,368,369,371,,,,,,,,,,,,,,,,,,,,,,,,,,,,,,,,,,,,,,,,,,,,,,,,,,,,,,,,,,,,,,,,,,,,,,,,,,,,,,,,,,,,,,,,,,,,,,,,,,,,,,,,,,,,,,,,,,,,,,,,,,,,
bbv,1,0,11442,11442,11442,1475956,11441,11441,11441,11441,11441,11441,1464548,11442,11442,,,,,,,,,,,,,,,,,,,,,,,,,,,,,,,,,,,,,,,,,,,,,,,,,,,,,,,,,,,,,,,,,,,,,,,,,,,,,,,,,,,,,,,,,,,,,,,,,,,,,,,,,,,,,,,,,,,,,,,,,,,,,,,,
csv,1,0,99997758,99997788,99997791,100000002,99993310,99993313,99993334,99993340,99993375,99993388,99997740,99997743,99997746,,,,,,,,,,,,,,,,,,,,,,,,,,,,,,,,,,,,,,,,,,,,,,,,,,,,,,,,,,,,,,,,,,,,,,,,,,,,,,,,,,,,,,,,,,,,,,,,,,,,,,,,,,,,,,,,,,,,,,,,,,,,,,,,
bb_id,1,0,357,358,359,360,361,363,364,365,366,367,368,369,371,,,,,,,,,,,,,,,,,,,,,,,,,,,,,,,,,,,,,,,,,,,,,,,,,,,,,,,,,,,,,,,,,,,,,,,,,,,,,,,,,,,,,,,,,,,,,,,,,,,,,,,,,,,,,,,,,,,,,,,,,,,,,,,,
bbv,2,0,11441,11441,11441,1475951,11442,11442,11442,11442,11442,11442,1464552,11441,11441,,,,,,,,,,,,,,,,,,,,,,,,,,,,,,,,,,,,,,,,,,,,,,,,,,,,,,,,,,,,,,,,,,,,,,,,,,,,,,,,,,,,,,,,,,,,,,,,,,,,,,,,,,,,,,,,,,,,,,,,,,,,,,,,
csv,2,0,99992096,99992126,99992129,99996386,99996388,99996391,99996412,99996418,99996453,99996466,100000002,99992081,99992084,,,,,,,,,,,,,,,,,,,,,,,,,,,,,,,,,,,,,,,,,,,,,,,,,,,,,,,,,,,,,,,,,,,,,,,,,,,,,,,,,,,,,,,,,,,,,,,,,,,,,,,,,,,,,,,,,,,,,,,,,,,,,,,,
bb_id,2,0,357,358,359,360,361,363,364,365,366,367,368,369,371,,,,,,,,,,,,,,,,,,,,,,,,,,,,,,,,,,,,,,,,,,,,,,,,,,,,,,,,,,,,,,,,,,,,,,,,,,,,,,,,,,,,,,,,,,,,,,,,,,,,,,,,,,,,,,,,,,,,,,,,,,,,,,,,
bbv,3,0,11442,11442,11442,1476018,11442,11442,11442,11442,11442,11442,1464486,11442,11442,,,,,,,,,,,,,,,,,,,,,,,,,,,,,,,,,,,,,,,,,,,,,,,,,,,,,,,,,,,,,,,,,,,,,,,,,,,,,,,,,,,,,,,,,,,,,,,,,,,,,,,,,,,,,,,,,,,,,,,,,,,,,,,,
csv,3,0,99995174,99995204,99995207,99999464,99999466,99999469,99999490,99999496,99999531,99999544,100000020,99995159,99995162,,,,,,,,,,,,,,,,,,,,,,,,,,,,,,,,,,,,,,,,,,,,,,,,,,,,,,,,,,,,,,,,,,,,,,,,,,,,,,,,,,,,,,,,,,,,,,,,,,,,,,,,,,,,,,,,,,,,,,,,,,,,,,,,
bb_id,3,0,357,358,359,360,361,363,364,365,366,367,368,369,371,,,,,,,,,,,,,,,,,,,,,,,,,,,,,,,,,,,,,,,,,,,,,,,,,,,,,,,,,,,,,,,,,,,,,,,,,,,,,,,,,,,,,,,,,,,,,,,,,,,,,,,,,,,,,,,,,,,,,,,,,,,,,,,,
bbv,4,0,11442,11442,11442,1475942,11441,11441,11441,11441,11441,11441,1464562,11442,11442,,,,,,,,,,,,,,,,,,,,,,,,,,,,,,,,,,,,,,,,,,,,,,,,,,,,,,,,,,,,,,,,,,,,,,,,,,,,,,,,,,,,,,,,,,,,,,,,,,,,,,,,,,,,,,,,,,,,,,,,,,,,,,,,
csv,4,0,99998234,99998264,99998267,100000016,99993786,99993789,99993810,99993816,99993851,99993864,99998216,99998219,99998222,,,,,,,,,,,,,,,,,,,,,,,,,,,,,,,,,,,,,,,,,,,,,,,,,,,,,,,,,,,,,,,,,,,,,,,,,,,,,,,,,,,,,,,,,,,,,,,,,,,,,,,,,,,,,,,,,,,,,,,,,,,,,,,,
bb_id,4,0,357,358,359,360,361,363,364,365,366,367,368,369,371,,,,,,,,,,,,,,,,,,,,,,,,,,,,,,,,,,,,,,,,,,,,,,,,,,,,,,,,,,,,,,,,,,,,,,,,,,,,,,,,,,,,,,,,,,,,,,,,,,,,,,,,,,,,,,,,,,,,,,,,,,,,,,,,
bbv,5,0,1,1,1,1,1,1,1,1,1,1,1,1,1,1,258,258,258,66564,256,256,256,256,256,66048,65536,1,8327,8327,8327,1074259,8328,8328,8328,8328,8328,8328,1065984,8328,8328,1,1,5857,5857,5856,1499150,,,,,,,,,,,,,,,,,,,,,,,,,,,,,,,,,,,,,,,,,,,,,,,,,,,,,,,,,,,,,,,,,,,,,,,,,,,,,,,,,,,,,,,,,,,,,,,,
csv,5,0,77354556,77354574,72784973,77354544,77354548,77354549,72784990,77354539,77354540,72785026,72785029,75753107,75753111,77354519,77348314,77348322,77354517,77354514,75741505,75741511,75746890,75746898,75753093,75753090,75746887,72784929,72776198,72776228,72776231,72780488,72780490,72780493,72780514,72780520,72780555,72780568,72784920,72784923,72784926,77354622,77354628,99999784,99999802,99999780,100000012,,,,,,,,,,,,,,,,,,,,,,,,,,,,,,,,,,,,,,,,,,,,,,,,,,,,,,,,,,,,,,,,,,,,,,,,,,,,,,,,,,,,,,,,,,,,,,,,
bb_id,5,0,29,137,144,146,148,150,323,325,327,328,329,330,331,332,333,334,335,336,337,338,339,340,341,342,343,356,357,358,359,360,361,363,364,365,366,367,368,369,371,374,375,379,380,381,382,,,,,,,,,,,,,,,,,,,,,,,,,,,,,,,,,,,,,,,,,,,,,,,,,,,,,,,,,,,,,,,,,,,,,,,,,,,,,,,,,,,,,,,,,,,,,,,,
bbv,6,0,25859,25859,25859,6620121,,,,,,,,,,,,,,,,,,,,,,,,,,,,,,,,,,,,,,,,,,,,,,,,,,,,,,,,,,,,,,,,,,,,,,,,,,,,,,,,,,,,,,,,,,,,,,,,,,,,,,,,,,,,,,,,,,,,,,,,,,,,,,,,,,,,,,,,,
csv,6,0,99996525,99996543,99996521,100000008,,,,,,,,,,,,,,,,,,,,,,,,,,,,,,,,,,,,,,,,,,,,,,,,,,,,,,,,,,,,,,,,,,,,,,,,,,,,,,,,,,,,,,,,,,,,,,,,,,,,,,,,,,,,,,,,,,,,,,,,,,,,,,,,,,,,,,,,,
bb_id,6,0,379,380,381,382,,,,,,,,,,,,,,,,,,,,,,,,,,,,,,,,,,,,,,,,,,,,,,,,,,,,,,,,,,,,,,,,,,,,,,,,,,,,,,,,,,,,,,,,,,,,,,,,,,,,,,,,,,,,,,,,,,,,,,,,,,,,,,,,,,,,,,,,,
bbv,7,0,25860,25860,25860,6620119,,,,,,,,,,,,,,,,,,,,,,,,,,,,,,,,,,,,,,,,,,,,,,,,,,,,,,,,,,,,,,,,,,,,,,,,,,,,,,,,,,,,,,,,,,,,,,,,,,,,,,,,,,,,,,,,,,,,,,,,,,,,,,,,,,,,,,,,,
csv,7,0,99997137,99997155,99997133,100000005,,,,,,,,,,,,,,,,,,,,,,,,,,,,,,,,,,,,,,,,,,,,,,,,,,,,,,,,,,,,,,,,,,,,,,,,,,,,,,,,,,,,,,,,,,,,,,,,,,,,,,,,,,,,,,,,,,,,,,,,,,,,,,,,,,,,,,,,,
bb_id,7,0,379,380,381,382,,,,,,,,,,,,,,,,,,,,,,,,,,,,,,,,,,,,,,,,,,,,,,,,,,,,,,,,,,,,,,,,,,,,,,,,,,,,,,,,,,,,,,,,,,,,,,,,,,,,,,,,,,,,,,,,,,,,,,,,,,,,,,,,,,,,,,,,,
bbv,8,0,1,1,1,1,1,1,1,1,1,1,1,1,5007,5007,5007,5007,5006,640834,645903,1,1,1,7960,7960,7961,2037826,,,,,,,,,,,,,,,,,,,,,,,,,,,,,,,,,,,,,,,,,,,,,,,,,,,,,,,,,,,,,,,,,,,,,,,,,,,,,,,,,,,,,,,,,,,,,,,,,,,,,,,,,,,,,,,,,,,
csv,8,0,30782385,30782387,30782397,30782401,30782404,30782373,30782374,30782422,30782424,30782459,30782514,30782517,99990485,99990515,99995420,99995457,99990467,100000011,99995417,30782323,30782333,30782335,30778452,30778470,30782315,30782310,,,,,,,,,,,,,,,,,,,,,,,,,,,,,,,,,,,,,,,,,,,,,,,,,,,,,,,,,,,,,,,,,,,,,,,,,,,,,,,,,,,,,,,,,,,,,,,,,,,,,,,,,,,,,,,,,,,
bb_id,8,0,31,32,33,34,35,139,141,151,152,178,344,345,347,348,349,350,351,352,353,376,377,378,379,380,381,382,,,,,,,,,,,,,,,,,,,,,,,,,,,,,,,,,,,,,,,,,,,,,,,,,,,,,,,,,,,,,,,,,,,,,,,,,,,,,,,,,,,,,,,,,,,,,,,,,,,,,,,,,,,,,,,,,,,
bbv,9,0,7233,7233,7233,7233,7233,925879,933057,,,,,,,,,,,,,,,,,,,,,,,,,,,,,,,,,,,,,,,,,,,,,,,,,,,,,,,,,,,,,,,,,,,,,,,,,,,,,,,,,,,,,,,,,,,,,,,,,,,,,,,,,,,,,,,,,,,,,,,,,,,,,,,,,,,,,,
csv,9,0,99986699,99986729,99991634,99991671,99986681,100000020,99991631,,,,,,,,,,,,,,,,,,,,,,,,,,,,,,,,,,,,,,,,,,,,,,,,,,,,,,,,,,,,,,,,,,,,,,,,,,,,,,,,,,,,,,,,,,,,,,,,,,,,,,,,,,,,,,,,,,,,,,,,,,,,,,,,,,,,,,
bb_id,9,0,347,348,349,350,351,352,353,,,,,,,,,,,,,,,,,,,,,,,,,,,,,,,,,,,,,,,,,,,,,,,,,,,,,,,,,,,,,,,,,,,,,,,,,,,,,,,,,,,,,,,,,,,,,,,,,,,,,,,,,,,,,,,,,,,,,,,,,,,,,,,,,,,,,,
bbv,10,0,6,6,6,5988,5988,5988,80492,5988,5972,5988,11944,4,4,4,4,4,7,1,1,4,6,7,7,7,7,5,5,5,5,5,5,5,4,4,4,4,4,5,5,4,1456,1456,1456,20973,1455,1455,1455,1051,1051,1051,16816,1051,1455,1455,1455,1340,1340,19128,1340,1455,1455,1455,1340,1340,19128,1340,1455,1455,1455,1340,1340,19128,1340,1455,1455,2221,2221,2221,6845,5,5,5,1364,1364,1364,20088,1364,1364,1364,1360,1360,1360,18720,1360,4,1364,8,16,16,16,16,16,16,16,16,408,408,408,26136,376,376,376,376,376,25320,24568,6,6,7,9604,9604,9604,9604,9605,830031,839628,4,4,4,1360,1360,1360,20080,1360,1360,1360,1344,1344,1360,1360,37440
csv,10,0,96247108,96247110,97074753,97074564,97074584,97074587,97074731,97074733,97074735,97074750,97074747,92966851,94809151,94885954,94885958,94885959,91608938,91611558,91611566,96247075,91606550,91608032,91608905,91608909,91608910,94885982,96170175,96246978,96246982,96246983,97074801,97074810,92966814,92966817,92966820,92966824,92966825,97074856,97074875,92966785,99999823,99999843,99999846,100000014,99997473,99997476,99997499,99997525,99997549,99997553,99998049,99998051,99998053,99998084,99998099,99998124,99998128,99998624,99998626,99998628,99998659,99998674,99998699,99998703,99999199,99999201,99999203,99999234,99999249,99999274,99999278,99999774,99999776,99999778,99999808,99999805,99999230,99998655,99998080,94886033,94886043,96170142,96168897,96168927,96168930,96169491,96169493,96169496,96169514,96169520,96169543,96169557,96170133,96170136,91610495,96170139,91610569,96170192,96246973,96246974,96170228,96170231,96218693,96218697,96246953,96246124,96246132,96246951,96246948,96217171,96217177,96217852,96217860,96218679,96218676,96217849,91606605,91606608,91607983,91607655,91607685,91607802,91607839,91607980,91607977,91607799,92966910,92966928,94809107,94807317,94807347,94807350,94807911,94807913,94807916,94807937,94807943,94807978,94807981,94809104,94809101
bb_id,10,0,105,106,107,108,109,110,111,112,113,114,115,142,144,146,148,150,153,154,155,156,178,180,182,184,186,187,189,191,193,195,196,198,199,201,203,205,207,208,209,210,211,212,213,214,215,217,218,219,220,221,222,223,224,225,226,227,228,229,230,231,232,233,234,235,236,237,238,239,240,241,242,243,244,245,246,247,248,249,250,303,304,305,306,307,308,309,310,312,313,314,315,316,317,318,319,320,321,323,325,327,328,329,330,331,332,333,334,335,336,337,338,339,340,341,342,343,344,345,346,347,348,349,350,351,352,353,354,355,356,357,358,359,360,361,363,364,365,366,370,371,372
bbv,11,0,1,1,1,16900,16900,16900,540800,16900,16900,16900,33800,2,1,1,1,1,1,1,1,1,1,1,1,1,2,2,2,2,2,1,1,2,4262,4262,4262,140064,4263,4263,4263,4263,4263,4263,135808,4263,4263,4263,4263,4263,4263,135808,4263,4263,4263,4263,4263,4263,135808,4263,4263,4263,4263,4263,4263,135808,4263,4263,4263,4263,4263,4263,4263,1,1,1,4096,4096,4096,135168,4096,4096,4096,4096,4096,4096,131072,4096,4096,2,2,2,2,2,2,2,2,132,132,132,8712,128,128,128,128,128,8448,8192,2,2,1,11233,11233,11233,599051,11232,11232,11232,11232,11232,11232,11232,1175552,,,,,,,,,,,,,,,,,,,,
csv,11,0,24472658,24472660,30117263,30116930,30116950,30116953,30117241,30117243,30117245,30117260,30117257,51880429,14224653,14519344,14519348,14519349,24472625,14519372,24177837,24472528,24472532,24472533,30117311,30117320,51880392,51880395,51880398,51880402,51880403,30117366,30117385,51880363,51875224,51875244,51875247,51876039,51876041,51876044,51876067,51876093,51876117,51876121,51877113,51877115,51877117,51877148,51877163,51877188,51877192,51878184,51878186,51878188,51878219,51878234,51878259,51878263,51879255,51879257,51879259,51879290,51879305,51879330,51879334,51880326,51880328,51880330,51880360,51880357,51879286,51878215,51877144,14519423,14519433,24177804,24175455,24175485,24175488,24176577,24176579,24176582,24176600,24176606,24176629,24176643,24177795,24177798,24177801,24177854,24472523,24472524,24177890,24177893,24366963,24366967,24472503,24470906,24470914,24472501,24472498,24364001,24364007,24365354,24365362,24366949,24366946,24365351,51880488,51880506,14224609,99998566,99998596,99998599,100000018,99994003,99994006,99994027,99994033,99994068,99994071,99998554,99998551,,,,,,,,,,,,,,,,,,,,
bb_id,11,0,105,106,107,108,109,110,111,112,113,114,115,142,144,146,148,150,156,187,189,191,193,195,196,198,199,201,203,205,207,208,209,210,211,212,213,214,215,217,218,219,220,221,222,223,224,225,226,227,228,229,230,231,232,233,234,235,236,237,238,239,240,241,242,243,244,245,246,247,248,249,250,303,304,305,306,307,308,309,310,312,313,314,315,316,317,318,320,323,325,327,328,329,330,331,332,333,334,335,336,337,338,339,340,341,342,343,354,355,356,357,358,359,360,361,363,364,365,366,370,371,372,,,,,,,,,,,,,,,,,,,,
bbv,12,0,1,1,1,1,1,1,1,7992,7992,7992,519437,7991,7991,7991,7991,7991,7991,511424,7991,7991,1,1,1,1,1,1,1,1,130,130,130,16900,128,128,128,128,128,16640,16384,1,9247,9247,9247,601077,9248,9248,9248,9248,9248,9248,9248,1183744,,,,,,,,,,,,,,,,,,,,,,,,,,,,,,,,,,,,,,,,,,,,,,,,,,,,,,,,,,,,,,,,,,,,,,,,,,,,,,,,,,,,,,,,,
csv,12,0,62357847,63512250,63512254,63512255,63512278,63512329,63512339,99999257,99999287,99999290,100000016,99996871,99996874,99996892,99996898,99996921,99996935,99999239,99999242,99999245,62357864,63512245,63512246,62357900,62357903,63104669,63104673,63512225,63509092,63509100,63512223,63512220,63098827,63098833,63101524,63101532,63104655,63104652,63101521,62357803,62351069,62351099,62351102,62353247,62353249,62353252,62353273,62353279,62353314,62353317,62357800,62357797,,,,,,,,,,,,,,,,,,,,,,,,,,,,,,,,,,,,,,,,,,,,,,,,,,,,,,,,,,,,,,,,,,,,,,,,,,,,,,,,,,,,,,,,,
bb_id,12,0,144,146,148,150,187,303,304,306,307,308,309,310,312,313,314,315,316,317,318,320,323,325,327,328,329,330,331,332,333,334,335,336,337,338,339,340,341,342,343,356,357,358,359,360,361,363,364,365,366,370,371,372,,,,,,,,,,,,,,,,,,,,,,,,,,,,,,,,,,,,,,,,,,,,,,,,,,,,,,,,,,,,,,,,,,,,,,,,,,,,,,,,,,,,,,,,,
bbv,13,0,1,1,1,1,1,1,1,1,1,6122,6122,6122,397930,6122,6122,6122,6122,6122,6122,391808,6122,6122,6122,6122,6122,6122,391796,6121,6121,6121,6121,6121,6121,391744,6121,6121,6121,6121,6121,6121,391744,6121,6121,6121,6121,6121,6121,6122,1,8392,8392,8392,545523,8393,8393,8393,8393,8393,8393,537152,8393,8393,1,1,1,1,1,1,1,1,130,130,130,16900,128,128,128,128,128,16640,16384,,,,,,,,,,,,,,,,,,,,,,,,,,,,,,,,,,,,,,,,,,,,,,,,,,,,,,,,,,,,
csv,13,0,39476203,38321703,39476106,39476110,39476111,39476251,39476260,39476306,39476325,99994667,99994687,99994690,99996250,99996252,99996255,99996278,99996304,99996328,99996332,99998316,99998318,99998320,99998351,99998366,99998391,99998395,100000007,99990494,99990496,99990527,99990542,99990567,99990571,99992555,99992557,99992559,99992590,99992605,99992630,99992634,99994618,99994620,99994622,99994652,99994649,99992586,99990523,99998347,38321670,38317113,38317143,38317146,38319291,38319293,38319296,38319314,38319320,38319343,38319357,38321661,38321664,38321667,38321720,39476101,39476102,38321756,38321759,39068525,39068529,39476081,39472948,39472956,39476079,39476076,39062683,39062689,39065380,39065388,39068511,39068508,39065377,,,,,,,,,,,,,,,,,,,,,,,,,,,,,,,,,,,,,,,,,,,,,,,,,,,,,,,,,,,,
bb_id,13,0,156,189,191,193,195,196,198,208,209,211,212,213,214,215,217,218,219,220,221,222,223,224,225,226,227,228,229,230,231,232,233,234,235,236,237,238,239,240,241,242,243,244,245,246,247,248,249,250,305,306,307,308,309,310,312,313,314,315,316,317,318,320,323,325,327,328,329,330,331,332,333,334,335,336,337,338,339,340,341,342,343,,,,,,,,,,,,,,,,,,,,,,,,,,,,,,,,,,,,,,,,,,,,,,,,,,,,,,,,,,,,
bbv,14,0,10114,10114,10114,657410,10114,10114,10114,10114,10114,10114,647296,10114,10114,10114,10114,10114,10114,647308,10115,10115,10115,10115,10115,10115,647360,10115,10115,10115,10115,10115,10115,647308,10114,10114,10114,10114,10115,10115,10114,,,,,,,,,,,,,,,,,,,,,,,,,,,,,,,,,,,,,,,,,,,,,,,,,,,,,,,,,,,,,,,,,,,,,,,,,,,,,,,,,,,,,,,,,,,,,,,,,,,,,,
csv,14,0,99991778,99991798,99991801,99993361,99993363,99993366,99993389,99993415,99993439,99993443,99995427,99995429,99995431,99995462,99995477,99995502,99995506,99997490,99997492,99997494,99997525,99997540,99997565,99997569,99999553,99999555,99999557,99999588,99999603,99999628,99999632,100000004,99991731,99991733,99991763,99991760,99999584,99997521,99995458,,,,,,,,,,,,,,,,,,,,,,,,,,,,,,,,,,,,,,,,,,,,,,,,,,,,,,,,,,,,,,,,,,,,,,,,,,,,,,,,,,,,,,,,,,,,,,,,,,,,,,
bb_id,14,0,211,212,213,214,215,217,218,219,220,221,222,223,224,225,226,227,228,229,230,231,232,233,234,235,236,237,238,239,240,241,242,243,244,245,246,247,248,249,250,,,,,,,,,,,,,,,,,,,,,,,,,,,,,,,,,,,,,,,,,,,,,,,,,,,,,,,,,,,,,,,,,,,,,,,,,,,,,,,,,,,,,,,,,,,,,,,,,,,,,,
bbv,15,0,1,1,1,1,1,1,1,405,405,405,26325,405,405,405,405,405,405,25920,405,405,405,405,405,405,25920,405,405,405,405,405,405,25920,405,405,405,405,405,405,25972,406,406,406,406,405,405,405,1,1,10984,10984,10984,1416883,10983,10983,10983,10983,10983,10983,1405824,10983,10983,,,,,,,,,,,,,,,,,,,,,,,,,,,,,,,,,,,,,,,,,,,,,,,,,,,,,,,,,,,,,,,,,,,,,,,,,,,,,,,,
csv,15,0,4005950,4005913,4005916,4005919,4005923,4005924,4005884,3996009,3996029,3996032,3997592,3997594,3997597,3997620,3997646,3997670,3997674,3999658,3999660,3999662,3999693,3999708,3999733,3999737,4001721,4001723,4001725,4001756,4001771,4001796,4001800,4003784,4003786,4003788,4003819,4003834,4003859,4003863,4005847,4005849,4005851,4005881,4005878,4003815,4001752,3999689,4006009,4006027,99997459,99997489,99997492,100000000,99993011,99993014,99993035,99993041,99993076,99993089,99997441,99997444,99997447,,,,,,,,,,,,,,,,,,,,,,,,,,,,,,,,,,,,,,,,,,,,,,,,,,,,,,,,,,,,,,,,,,,,,,,,,,,,,,,,
bb_id,15,0,142,199,201,203,205,207,210,211,212,213,214,215,217,218,219,220,221,222,223,224,225,226,227,228,229,230,231,232,233,234,235,236,237,238,239,240,241,242,243,244,245,246,247,248,249,250,354,355,357,358,359,360,361,363,364,365,366,367,368,369,371,,,,,,,,,,,,,,,,,,,,,,,,,,,,,,,,,,,,,,,,,,,,,,,,,,,,,,,,,,,,,,,,,,,,,,,,,,,,,,,,
bbv,16,0,11441,11441,11441,1475942,11442,11442,11442,11442,11442,11442,1464561,11441,11441,,,,,,,,,,,,,,,,,,,,,,,,,,,,,,,,,,,,,,,,,,,,,,,,,,,,,,,,,,,,,,,,,,,,,,,,,,,,,,,,,,,,,,,,,,,,,,,,,,,,,,,,,,,,,,,,,,,,,,,,,,,,,,,,
csv,16,0,99991799,99991829,99991832,99996089,99996091,99996094,99996115,99996121,99996156,99996169,100000011,99991784,99991787,,,,,,,,,,,,,,,,,,,,,,,,,,,,,,,,,,,,,,,,,,,,,,,,,,,,,,,,,,,,,,,,,,,,,,,,,,,,,,,,,,,,,,,,,,,,,,,,,,,,,,,,,,,,,,,,,,,,,,,,,,,,,,,,
bb_id,16,0,357,358,359,360,361,363,364,365,366,367,368,369,371,,,,,,,,,,,,,,,,,,,,,,,,,,,,,,,,,,,,,,,,,,,,,,,,,,,,,,,,,,,,,,,,,,,,,,,,,,,,,,,,,,,,,,,,,,,,,,,,,,,,,,,,,,,,,,,,,,,,,,,,,,,,,,,,
bbv,17,0,11442,11442,11442,1476018,11442,11442,11442,11442,11442,11442,1464486,11442,11442,,,,,,,,,,,,,,,,,,,,,,,,,,,,,,,,,,,,,,,,,,,,,,,,,,,,,,,,,,,,,,,,,,,,,,,,,,,,,,,,,,,,,,,,,,,,,,,,,,,,,,,,,,,,,,,,,,,,,,,,,,,,,,,,
csv,17,0,99994868,99994898,99994901,99999158,99999160,99999163,99999184,99999190,99999225,99999238,100000020,99994853,99994856,,,,,,,,,,,,,,,,,,,,,,,,,,,,,,,,,,,,,,,,,,,,,,,,,,,,,,,,,,,,,,,,,,,,,,,,,,,,,,,,,,,,,,,,,,,,,,,,,,,,,,,,,,,,,,,,,,,,,,,,,,,,,,,,
bb_id,17,0,357,358,359,360,361,363,364,365,366,367,368,369,371,,,,,,,,,,,,,,,,,,,,,,,,,,,,,,,,,,,,,,,,,,,,,,,,,,,,,,,,,,,,,,,,,,,,,,,,,,,,,,,,,,,,,,,,,,,,,,,,,,,,,,,,,,,,,,,,,,,,,,,,,,,,,,,,
bbv,18,0,11442,11442,11442,1475951,11441,11441,11441,11441,11441,11441,1464553,11442,11442,,,,,,,,,,,,,,,,,,,,,,,,,,,,,,,,,,,,,,,,,,,,,,,,,,,,,,,,,,,,,,,,,,,,,,,,,,,,,,,,,,,,,,,,,,,,,,,,,,,,,,,,,,,,,,,,,,,,,,,,,,,,,,,,
csv,18,0,99997928,99997958,99997961,100000007,99993480,99993483,99993504,99993510,99993545,99993558,99997910,99997913,99997916,,,,,,,,,,,,,,,,,,,,,,,,,,,,,,,,,,,,,,,,,,,,,,,,,,,,,,,,,,,,,,,,,,,,,,,,,,,,,,,,,,,,,,,,,,,,,,,,,,,,,,,,,,,,,,,,,,,,,,,,,,,,,,,,
bb_id,18,0,357,358,359,360,361,363,364,365,366,367,368,369,371,,,,,,,,,,,,,,,,,,,,,,,,,,,,,,,,,,,,,,,,,,,,,,,,,,,,,,,,,,,,,,,,,,,,,,,,,,,,,,,,,,,,,,,,,,,,,,,,,,,,,,,,,,,,,,,,,,,,,,,,,,,,,,,,
bbv,19,0,11441,11441,11441,1475956,11442,11442,11442,11442,11442,11442,1464548,11441,11441,,,,,,,,,,,,,,,,,,,,,,,,,,,,,,,,,,,,,,,,,,,,,,,,,,,,,,,,,,,,,,,,,,,,,,,,,,,,,,,,,,,,,,,,,,,,,,,,,,,,,,,,,,,,,,,,,,,,,,,,,,,,,,,,
csv,19,0,99992261,99992291,99992294,99996551,99996553,99996556,99996577,99996583,99996618,99996631,100000031,99992246,99992249,,,,,,,,,,,,,,,,,,,,,,,,,,,,,,,,,,,,,,,,,,,,,,,,,,,,,,,,,,,,,,,,,,,,,,,,,,,,,,,,,,,,,,,,,,,,,,,,,,,,,,,,,,,,,,,,,,,,,,,,,,,,,,,,
bb_id,19,0,357,358,359,360,361,363,364,365,366,367,368,369,371,,,,,,,,,,,,,,,,,,,,,,,,,,,,,,,,,,,,,,,,,,,,,,,,,,,,,,,,,,,,,,,,,,,,,,,,,,,,,,,,,,,,,,,,,,,,,,,,,,,,,,,,,,,,,,,,,,,,,,,,,,,,,,,,
bbv,20,0,1,1,1,1,1,1,1,2076,2076,2076,267736,2075,2075,2075,2075,2075,2075,265600,2075,2075,1,1,1,1,1,1,1,1,258,258,258,66564,256,256,256,256,256,66048,65536,1,8786,8786,8786,1133394,8786,8786,8786,8786,8786,8786,1124636,8787,8787,,,,,,,,,,,,,,,,,,,,,,,,,,,,,,,,,,,,,,,,,,,,,,,,,,,,,,,,,,,,,,,,,,,,,,,,,,,,,,,,,,,,,,,,
csv,20,0,76790645,81360216,81360220,81360221,81360244,81360295,81360305,99997967,99997997,99998000,100000013,99993277,99993280,99993298,99993304,99993327,99993341,99997949,99997952,99997955,76790662,81360211,81360212,76790698,76790701,79758779,79758783,81360191,81353986,81353994,81360189,81360186,79747177,79747183,79752562,79752570,79758765,79758762,79752559,76790601,76781870,76781900,76781903,76786160,76786162,76786165,76786186,76786192,76786227,76786240,76790592,76790595,76790598,,,,,,,,,,,,,,,,,,,,,,,,,,,,,,,,,,,,,,,,,,,,,,,,,,,,,,,,,,,,,,,,,,,,,,,,,,,,,,,,,,,,,,,,
bb_id,20,0,144,146,148,150,187,303,304,306,307,308,309,310,312,313,314,315,316,317,318,320,323,325,327,328,329,330,331,332,333,334,335,336,337,338,339,340,341,342,343,356,357,358,359,360,361,363,364,365,366,367,368,369,371,,,,,,,,,,,,,,,,,,,,,,,,,,,,,,,,,,,,,,,,,,,,,,,,,,,,,,,,,,,,,,,,,,,,,,,,,,,,,,,,,,,,,,,,
bbv,21,0,11133,11133,11133,1436225,11134,11134,11134,11134,11134,11134,1425055,11133,11133,,,,,,,,,,,,,,,,,,,,,,,,,,,,,,,,,,,,,,,,,,,,,,,,,,,,,,,,,,,,,,,,,,,,,,,,,,,,,,,,,,,,,,,,,,,,,,,,,,,,,,,,,,,,,,,,,,,,,,,,,,,,,,,,
csv,21,0,99994560,99994590,99994593,99998850,99998852,99998855,99998873,99998879,99998902,99998916,100000032,99994545,99994548,,,,,,,,,,,,,,,,,,,,,,,,,,,,,,,,,,,,,,,,,,,,,,,,,,,,,,,,,,,,,,,,,,,,,,,,,,,,,,,,,,,,,,,,,,,,,,,,,,,,,,,,,,,,,,,,,,,,,,,,,,,,,,,,
bb_id,21,0,306,307,308,309,310,312,313,314,315,316,317,318,320,,,,,,,,,,,,,,,,,,,,,,,,,,,,,,,,,,,,,,,,,,,,,,,,,,,,,,,,,,,,,,,,,,,,,,,,,,,,,,,,,,,,,,,,,,,,,,,,,,,,,,,,,,,,,,,,,,,,,,,,,,,,,,,,
bbv,22,0,11133,11133,11133,1436157,11133,11133,11133,11133,11133,11133,1425119,11133,11133,,,,,,,,,,,,,,,,,,,,,,,,,,,,,,,,,,,,,,,,,,,,,,,,,,,,,,,,,,,,,,,,,,,,,,,,,,,,,,,,,,,,,,,,,,,,,,,,,,,,,,,,,,,,,,,,,,,,,,,,,,,,,,,,
csv,22,0,99991134,99991164,99991167,99995424,99995426,99995429,99995447,99995453,99995476,99995490,100000026,99991119,99991122,,,,,,,,,,,,,,,,,,,,,,,,,,,,,,,,,,,,,,,,,,,,,,,,,,,,,,,,,,,,,,,,,,,,,,,,,,,,,,,,,,,,,,,,,,,,,,,,,,,,,,,,,,,,,,,,,,,,,,,,,,,,,,,,
bb_id,22,0,306,307,308,309,310,312,313,314,315,316,317,318,320,,,,,,,,,,,,,,,,,,,,,,,,,,,,,,,,,,,,,,,,,,,,,,,,,,,,,,,,,,,,,,,,,,,,,,,,,,,,,,,,,,,,,,,,,,,,,,,,,,,,,,,,,,,,,,,,,,,,,,,,,,,,,,,,
bbv,23,0,11134,11134,11134,1436257,11133,11133,11133,11133,11133,11133,1425026,11134,11134,,,,,,,,,,,,,,,,,,,,,,,,,,,,,,,,,,,,,,,,,,,,,,,,,,,,,,,,,,,,,,,,,,,,,,,,,,,,,,,,,,,,,,,,,,,,,,,,,,,,,,,,,,,,,,,,,,,,,,,,,,,,,,,,
csv,23,0,99996696,99996726,99996729,100000029,99992006,99992009,99992027,99992033,99992056,99992070,99996678,99996681,99996684,,,,,,,,,,,,,,,,,,,,,,,,,,,,,,,,,,,,,,,,,,,,,,,,,,,,,,,,,,,,,,,,,,,,,,,,,,,,,,,,,,,,,,,,,,,,,,,,,,,,,,,,,,,,,,,,,,,,,,,,,,,,,,,,
bb_id,23,0,306,307,308,309,310,312,313,314,315,316,317,318,320,,,,,,,,,,,,,,,,,,,,,,,,,,,,,,,,,,,,,,,,,,,,,,,,,,,,,,,,,,,,,,,,,,,,,,,,,,,,,,,,,,,,,,,,,,,,,,,,,,,,,,,,,,,,,,,,,,,,,,,,,,,,,,,,
bbv,24,0,11133,11133,11133,1436186,11134,11134,11134,11134,11134,11134,1425090,11133,11133,,,,,,,,,,,,,,,,,,,,,,,,,,,,,,,,,,,,,,,,,,,,,,,,,,,,,,,,,,,,,,,,,,,,,,,,,,,,,,,,,,,,,,,,,,,,,,,,,,,,,,,,,,,,,,,,,,,,,,,,,,,,,,,,
csv,24,0,99993273,99993303,99993306,99997563,99997565,99997568,99997586,99997592,99997615,99997629,100000005,99993258,99993261,,,,,,,,,,,,,,,,,,,,,,,,,,,,,,,,,,,,,,,,,,,,,,,,,,,,,,,,,,,,,,,,,,,,,,,,,,,,,,,,,,,,,,,,,,,,,,,,,,,,,,,,,,,,,,,,,,,,,,,,,,,,,,,,
bb_id,24,0,306,307,308,309,310,312,313,314,315,316,317,318,320,,,,,,,,,,,,,,,,,,,,,,,,,,,,,,,,,,,,,,,,,,,,,,,,,,,,,,,,,,,,,,,,,,,,,,,,,,,,,,,,,,,,,,,,,,,,,,,,,,,,,,,,,,,,,,,,,,,,,,,,,,,,,,,,
bbv,25,0,11134,11134,11134,1436191,11133,11133,11133,11133,11133,11133,1425086,11134,11134,,,,,,,,,,,,,,,,,,,,,,,,,,,,,,,,,,,,,,,,,,,,,,,,,,,,,,,,,,,,,,,,,,,,,,,,,,,,,,,,,,,,,,,,,,,,,,,,,,,,,,,,,,,,,,,,,,,,,,,,,,,,,,,,
csv,25,0,99998856,99998886,99998889,100000011,99994166,99994169,99994187,99994193,99994216,99994230,99998838,99998841,99998844,,,,,,,,,,,,,,,,,,,,,,,,,,,,,,,,,,,,,,,,,,,,,,,,,,,,,,,,,,,,,,,,,,,,,,,,,,,,,,,,,,,,,,,,,,,,,,,,,,,,,,,,,,,,,,,,,,,,,,,,,,,,,,,,
bb_id,25,0,306,307,308,309,310,312,313,314,315,316,317,318,320,,,,,,,,,,,,,,,,,,,,,,,,,,,,,,,,,,,,,,,,,,,,,,,,,,,,,,,,,,,,,,,,,,,,,,,,,,,,,,,,,,,,,,,,,,,,,,,,,,,,,,,,,,,,,,,,,,,,,,,,,,,,,,,,
bbv,26,0,1,1,1,1,1,1,1,1,7793,7793,7793,1005392,7794,7794,7794,7794,7794,7794,997632,7794,7794,1,1,1,1,1,1,1,1,258,258,258,66564,256,256,256,256,256,66048,65536,1,1,2910,2910,2910,375292,2909,2909,2909,2909,2909,2909,372352,2909,2909,,,,,,,,,,,,,,,,,,,,,,,,,,,,,,,,,,,,,,,,,,,,,,,,,,,,,,,,,,,,,,,,,,,,,,,,,,,,,,,,,,,,,,
csv,26,0,74574179,74574205,74574172,70004577,74574148,74574152,74574153,70004544,69995571,69995601,69995604,69999861,69999863,69999866,69999884,69999890,69999913,69999927,70004535,70004538,70004541,70004594,74574143,74574144,70004630,70004633,72972711,72972715,74574123,74567918,74567926,74574121,74574118,72961109,72961115,72966494,72966502,72972697,72972694,72966491,74574264,74574282,99998954,99998984,99998987,100000010,99994506,99994509,99994530,99994536,99994571,99994584,99998936,99998939,99998942,,,,,,,,,,,,,,,,,,,,,,,,,,,,,,,,,,,,,,,,,,,,,,,,,,,,,,,,,,,,,,,,,,,,,,,,,,,,,,,,,,,,,,
bb_id,26,0,37,142,157,189,191,193,195,305,306,307,308,309,310,312,313,314,315,316,317,318,320,323,325,327,328,329,330,331,332,333,334,335,336,337,338,339,340,341,342,343,354,355,357,358,359,360,361,363,364,365,366,367,368,369,371,,,,,,,,,,,,,,,,,,,,,,,,,,,,,,,,,,,,,,,,,,,,,,,,,,,,,,,,,,,,,,,,,,,,,,,,,,,,,,,,,,,,,,
bbv,27,0,11441,11441,11441,1475987,11442,11442,11442,11442,11442,11442,1464517,11441,11441,,,,,,,,,,,,,,,,,,,,,,,,,,,,,,,,,,,,,,,,,,,,,,,,,,,,,,,,,,,,,,,,,,,,,,,,,,,,,,,,,,,,,,,,,,,,,,,,,,,,,,,,,,,,,,,,,,,,,,,,,,,,,,,,
csv,27,0,99993284,99993314,99993317,99997574,99997576,99997579,99997600,99997606,99997641,99997654,100000000,99993269,99993272,,,,,,,,,,,,,,,,,,,,,,,,,,,,,,,,,,,,,,,,,,,,,,,,,,,,,,,,,,,,,,,,,,,,,,,,,,,,,,,,,,,,,,,,,,,,,,,,,,,,,,,,,,,,,,,,,,,,,,,,,,,,,,,,
bb_id,27,0,357,358,359,360,361,363,364,365,366,367,368,369,371,,,,,,,,,,,,,,,,,,,,,,,,,,,,,,,,,,,,,,,,,,,,,,,,,,,,,,,,,,,,,,,,,,,,,,,,,,,,,,,,,,,,,,,,,,,,,,,,,,,,,,,,,,,,,,,,,,,,,,,,,,,,,,,,
bbv,28,0,11442,11442,11442,1475999,11441,11441,11441,11441,11441,11441,1464507,11442,11442,,,,,,,,,,,,,,,,,,,,,,,,,,,,,,,,,,,,,,,,,,,,,,,,,,,,,,,,,,,,,,,,,,,,,,,,,,,,,,,,,,,,,,,,,,,,,,,,,,,,,,,,,,,,,,,,,,,,,,,,,,,,,,,,
csv,28,0,99996364,99996394,99996397,100000027,99991916,99991919,99991940,99991946,99991981,99991994,99996346,99996349,99996352,,,,,,,,,,,,,,,,,,,,,,,,,,,,,,,,,,,,,,,,,,,,,,,,,,,,,,,,,,,,,,,,,,,,,,,,,,,,,,,,,,,,,,,,,,,,,,,,,,,,,,,,,,,,,,,,,,,,,,,,,,,,,,,,
bb_id,28,0,357,358,359,360,361,363,364,365,366,367,368,369,371,,,,,,,,,,,,,,,,,,,,,,,,,,,,,,,,,,,,,,,,,,,,,,,,,,,,,,,,,,,,,,,,,,,,,,,,,,,,,,,,,,,,,,,,,,,,,,,,,,,,,,,,,,,,,,,,,,,,,,,,,,,,,,,,
bbv,29,0,11442,11442,11442,1475925,11442,11442,11442,11442,11442,11442,1464576,11442,11442,,,,,,,,,,,,,,,,,,,,,,,,,,,,,,,,,,,,,,,,,,,,,,,,,,,,,,,,,,,,,,,,,,,,,,,,,,,,,,,,,,,,,,,,,,,,,,,,,,,,,,,,,,,,,,,,,,,,,,,,,,,,,,,,
csv,29,0,99999417,99999447,99999450,100000011,99994969,99994972,99994993,99994999,99995034,99995047,99999399,99999402,99999405,,,,,,,,,,,,,,,,,,,,,,,,,,,,,,,,,,,,,,,,,,,,,,,,,,,,,,,,,,,,,,,,,,,,,,,,,,,,,,,,,,,,,,,,,,,,,,,,,,,,,,,,,,,,,,,,,,,,,,,,,,,,,,,,
bb_id,29,0,357,358,359,360,361,363,364,365,366,367,368,369,371,,,,,,,,,,,,,,,,,,,,,,,,,,,,,,,,,,,,,,,,,,,,,,,,,,,,,,,,,,,,,,,,,,,,,,,,,,,,,,,,,,,,,,,,,,,,,,,,,,,,,,,,,,,,,,,,,,,,,,,,,,,,,,,,
bbv,30,0,11441,11441,11441,1476001,11442,11442,11442,11442,11442,11442,1464504,11441,11441,,,,,,,,,,,,,,,,,,,,,,,,,,,,,,,,,,,,,,,,,,,,,,,,,,,,,,,,,,,,,,,,,,,,,,,,,,,,,,,,,,,,,,,,,,,,,,,,,,,,,,,,,,,,,,,,,,,,,,,,,,,,,,,,
csv,30,0,99993746,99993776,99993779,99998036,99998038,99998041,99998062,99998068,99998103,99998116,100000020,99993731,99993734,,,,,,,,,,,,,,,,,,,,,,,,,,,,,,,,,,,,,,,,,,,,,,,,,,,,,,,,,,,,,,,,,,,,,,,,,,,,,,,,,,,,,,,,,,,,,,,,,,,,,,,,,,,,,,,,,,,,,,,,,,,,,,,,
bb_id,30,0,357,358,359,360,361,363,364,365,366,367,368,369,371,,,,,,,,,,,,,,,,,,,,,,,,,,,,,,,,,,,,,,,,,,,,,,,,,,,,,,,,,,,,,,,,,,,,,,,,,,,,,,,,,,,,,,,,,,,,,,,,,,,,,,,,,,,,,,,,,,,,,,,,,,,,,,,,
bbv,31,0,11442,11442,11442,1475985,11441,11441,11441,11441,11441,11441,1464520,11442,11442,,,,,,,,,,,,,,,,,,,,,,,,,,,,,,,,,,,,,,,,,,,,,,,,,,,,,,,,,,,,,,,,,,,,,,,,,,,,,,,,,,,,,,,,,,,,,,,,,,,,,,,,,,,,,,,,,,,,,,,,,,,,,,,,
csv,31,0,99996806,99996836,99996839,100000007,99992358,99992361,99992382,99992388,99992423,99992436,99996788,99996791,99996794,,,,,,,,,,,,,,,,,,,,,,,,,,,,,,,,,,,,,,,,,,,,,,,,,,,,,,,,,,,,,,,,,,,,,,,,,,,,,,,,,,,,,,,,,,,,,,,,,,,,,,,,,,,,,,,,,,,,,,,,,,,,,,,,
bb_id,31,0,357,358,359,360,361,363,364,365,366,367,368,369,371,,,,,,,,,,,,,,,,,,,,,,,,,,,,,,,,,,,,,,,,,,,,,,,,,,,,,,,,,,,,,,,,,,,,,,,,,,,,,,,,,,,,,,,,,,,,,,,,,,,,,,,,,,,,,,,,,,,,,,,,,,,,,,,,
bbv,32,0,1,1,1,1,1,1,1,1,1,1,1,1,1,1,1,1,1,1,1,258,258,258,66564,256,256,256,256,256,66048,65536,1,1,3478,3478,3477,3477,3477,445056,448581,1,5418,5418,5418,698955,5419,5419,5419,5419,5419,5419,693632,5419,5419,,,,,,,,,,,,,,,,,,,,,,,,,,,,,,,,,,,,,,,,,,,,,,,,,,,,,,,,,,,,,,,,,,,,,,,,,,,,,,,,,,,,,,,,
csv,32,0,51928491,51928494,51928477,51928481,47358894,51928465,51928469,51928470,51928512,51928514,51928549,47358911,51928460,51928461,47358947,47358950,50327028,50327032,51928440,51922235,51922243,51928438,51928435,50315426,50315432,50320811,50320819,50327014,50327011,50320808,51928604,51928607,99998150,99998180,99989260,99989297,99998132,99998129,100000004,47358850,47350119,47350149,47350152,47354409,47354411,47354414,47354435,47354441,47354476,47354489,47358841,47358844,47358847,,,,,,,,,,,,,,,,,,,,,,,,,,,,,,,,,,,,,,,,,,,,,,,,,,,,,,,,,,,,,,,,,,,,,,,,,,,,,,,,,,,,,,,,
bb_id,32,0,33,35,40,42,144,146,148,150,151,152,178,323,325,327,328,329,330,331,332,333,334,335,336,337,338,339,340,341,342,343,344,345,347,348,349,350,351,352,353,356,357,358,359,360,361,363,364,365,366,367,368,369,371,,,,,,,,,,,,,,,,,,,,,,,,,,,,,,,,,,,,,,,,,,,,,,,,,,,,,,,,,,,,,,,,,,,,,,,,,,,,,,,,,,,,,,,,
bbv,33,0,7233,7233,7234,7234,7233,925834,933138,,,,,,,,,,,,,,,,,,,,,,,,,,,,,,,,,,,,,,,,,,,,,,,,,,,,,,,,,,,,,,,,,,,,,,,,,,,,,,,,,,,,,,,,,,,,,,,,,,,,,,,,,,,,,,,,,,,,,,,,,,,,,,,,,,,,,,
csv,33,0,99994371,99994401,99999306,99999343,99994353,100000033,99999303,,,,,,,,,,,,,,,,,,,,,,,,,,,,,,,,,,,,,,,,,,,,,,,,,,,,,,,,,,,,,,,,,,,,,,,,,,,,,,,,,,,,,,,,,,,,,,,,,,,,,,,,,,,,,,,,,,,,,,,,,,,,,,,,,,,,,,
bb_id,33,0,347,348,349,350,351,352,353,,,,,,,,,,,,,,,,,,,,,,,,,,,,,,,,,,,,,,,,,,,,,,,,,,,,,,,,,,,,,,,,,,,,,,,,,,,,,,,,,,,,,,,,,,,,,,,,,,,,,,,,,,,,,,,,,,,,,,,,,,,,,,,,,,,,,,
bbv,34,0,1,1,1,1,1,1,1,1,1,1,1,1,1,1,130,130,130,16900,128,128,128,128,128,16640,16384,1,1,1,8599,8599,8598,8598,8599,913462,921950,,,,,,,,,,,,,,,,,,,,,,,,,,,,,,,,,,,,,,,,,,,,,,,,,,,,,,,,,,,,,,,,,,,,,,,,,,,,,,,,,,,,,,,,,,,,,,,,,,,,,,,,,,
csv,34,0,79591858,79591893,78437422,79591825,79591829,79591830,78437439,79591820,79591821,78437475,78437478,79184244,79184248,79591800,79588667,79588675,79591798,79591795,79178402,79178408,79181099,79181107,79184230,79184227,79181096,79591948,79591951,78437373,99999694,99999724,99995220,99995257,99999676,99999673,100000028,,,,,,,,,,,,,,,,,,,,,,,,,,,,,,,,,,,,,,,,,,,,,,,,,,,,,,,,,,,,,,,,,,,,,,,,,,,,,,,,,,,,,,,,,,,,,,,,,,,,,,,,,,
bb_id,34,0,153,178,180,182,184,186,323,325,327,328,329,330,331,332,333,334,335,336,337,338,339,340,341,342,343,344,345,346,347,348,349,350,351,352,353,,,,,,,,,,,,,,,,,,,,,,,,,,,,,,,,,,,,,,,,,,,,,,,,,,,,,,,,,,,,,,,,,,,,,,,,,,,,,,,,,,,,,,,,,,,,,,,,,,,,,,,,,,
bbv,35,0,7,7,7,22888,22888,22888,621292,22888,22872,22888,45744,6,5,5,5,5,6,1,1,5,5,6,6,6,6,6,6,6,6,6,6,6,6,6,6,6,6,6,6,6,5718,5718,5718,161037,5718,5718,5718,5314,5314,5314,152624,5314,5718,5718,5718,5603,5603,154936,5603,5718,5718,5718,5603,5603,154936,5603,5718,5718,5718,5603,5603,154936,5603,5718,5718,6484,6484,6484,11108,6,6,6,5460,5460,5460,155256,5460,5460,5460,5456,5456,5456,149792,5456,4,5460,8,17,17,17,17,17,17,17,17,410,410,410,17948,376,376,376,376,376,17128,16376,5,5,6,2534,2534,2535,2535,2535,112392,114919,6,6,5,9457,9457,9457,415290,9456,9456,9456,9440,9440,9456,9456,811584
csv,35,0,45618728,45618730,51263333,51263000,51263020,51263023,51263311,51263313,51263315,51263330,51263327,73026499,35370723,35665414,35665418,35665419,12754994,12757614,12757622,45618695,12752606,12754088,12754961,12754965,12754966,35665442,45323907,45618598,45618602,45618603,51263381,51263390,73026462,73026465,73026468,73026472,73026473,51263436,51263455,73026433,73021294,73021314,73021317,73022109,73022111,73022114,73022137,73022163,73022187,73022191,73023183,73023185,73023187,73023218,73023233,73023258,73023262,73024254,73024256,73024258,73024289,73024304,73024329,73024333,73025325,73025327,73025329,73025360,73025375,73025400,73025404,73026396,73026398,73026400,73026430,73026427,73025356,73024285,73023214,35665493,35665503,45323874,45321525,45321555,45321558,45322647,45322649,45322652,45322670,45322676,45322699,45322713,45323865,45323868,12756551,45323871,12756625,45323924,45618593,45618594,45323960,45323963,45513033,45513037,45618573,45616976,45616984,45618571,45618568,45510071,45510077,45511424,45511432,45513019,45513016,45511421,12752661,12752664,12754039,12753711,12753741,12753858,12753895,12754036,12754033,12753855,73026558,73026576,35370679,99998588,99998618,99998621,100000007,99994025,99994028,99994049,99994055,99994090,99994093,99998576,99998573
bb_id,35,0,105,106,107,108,109,110,111,112,113,114,115,142,144,146,148,150,153,154,155,156,178,180,182,184,186,187,189,191,193,195,196,198,199,201,203,205,207,208,209,210,211,212,213,214,215,217,218,219,220,221,222,223,224,225,226,227,228,229,230,231,232,233,234,235,236,237,238,239,240,241,242,243,244,245,246,247,248,249,250,303,304,305,306,307,308,309,310,312,313,314,315,316,317,318,319,320,321,323,325,327,328,329,330,331,332,333,334,335,336,337,338,339,340,341,342,343,344,345,346,347,348,349,350,351,352,353,354,355,356,357,358,359,360,361,363,364,365,366,370,371,372
bbv,36,0,1,1,1,1,1,1,1,3360,3360,3360,218400,3360,3360,3360,3360,3360,3360,215036,3359,3359,1,1,1,1,1,1,1,1,130,130,130,16900,128,128,128,128,128,16640,16384,1,12383,12383,12383,804918,12384,12384,12384,12384,12384,12384,12384,1585152,,,,,,,,,,,,,,,,,,,,,,,,,,,,,,,,,,,,,,,,,,,,,,,,,,,,,,,,,,,,,,,,,,,,,,,,,,,,,,,,,,,,,,,,,
csv,36,0,83503928,84658331,84658335,84658336,84658359,84658410,84658420,99995626,99995656,99995659,99997804,99997806,99997809,99997827,99997833,99997856,99997870,100000030,99995611,99995614,83503945,84658326,84658327,83503981,83503984,84250750,84250754,84658306,84655173,84655181,84658304,84658301,84244908,84244914,84247605,84247613,84250736,84250733,84247602,83503884,83497150,83497180,83497183,83499328,83499330,83499333,83499354,83499360,83499395,83499398,83503881,83503878,,,,,,,,,,,,,,,,,,,,,,,,,,,,,,,,,,,,,,,,,,,,,,,,,,,,,,,,,,,,,,,,,,,,,,,,,,,,,,,,,,,,,,,,,
bb_id,36,0,144,146,148,150,187,303,304,306,307,308,309,310,312,313,314,315,316,317,318,320,323,325,327,328,329,330,331,332,333,334,335,336,337,338,339,340,341,342,343,356,357,358,359,360,361,363,364,365,366,370,371,372,,,,,,,,,,,,,,,,,,,,,,,,,,,,,,,,,,,,,,,,,,,,,,,,,,,,,,,,,,,,,,,,,,,,,,,,,,,,,,,,,,,,,,,,,
bbv,37,0,1,1,1,1,1,1,1,1,1,3983,3983,3983,258895,3983,3983,3983,3983,3983,3983,254912,3983,3983,3983,3983,3983,3983,254912,3983,3983,3983,3983,3983,3983,254906,3982,3982,3982,3982,3982,3982,254848,3982,3982,3982,3982,3982,3983,3983,1,13024,13024,13024,846560,13024,13024,13024,13024,13024,13024,833540,13025,13025,1,1,1,1,1,1,1,1,130,130,130,16900,128,128,128,128,128,16640,16384,,,,,,,,,,,,,,,,,,,,,,,,,,,,,,,,,,,,,,,,,,,,,,,,,,,,,,,,,,,,
csv,37,0,60622270,59467770,60622173,60622177,60622178,60622318,60622327,60622373,60622392,99992441,99992461,99992464,99994024,99994026,99994029,99994052,99994078,99994102,99994106,99996090,99996092,99996094,99996125,99996140,99996165,99996169,99998153,99998155,99998157,99998188,99998203,99998228,99998232,100000030,99990331,99990333,99990364,99990379,99990404,99990408,99992392,99992394,99992396,99992426,99992423,99990360,99998184,99996121,59467737,59463180,59463210,59463213,59465358,59465360,59465363,59465381,59465387,59465410,59465424,59467728,59467731,59467734,59467787,60622168,60622169,59467823,59467826,60214592,60214596,60622148,60619015,60619023,60622146,60622143,60208750,60208756,60211447,60211455,60214578,60214575,60211444,,,,,,,,,,,,,,,,,,,,,,,,,,,,,,,,,,,,,,,,,,,,,,,,,,,,,,,,,,,,
bb_id,37,0,156,189,191,193,195,196,198,208,209,211,212,213,214,215,217,218,219,220,221,222,223,224,225,226,227,228,229,230,231,232,233,234,235,236,237,238,239,240,241,242,243,244,245,246,247,248,249,250,305,306,307,308,309,310,312,313,314,315,316,317,318,320,323,325,327,328,329,330,331,332,333,334,335,336,337,338,339,340,341,342,343,,,,,,,,,,,,,,,,,,,,,,,,,,,,,,,,,,,,,,,,,,,,,,,,,,,,,,,,,,,,
bbv,38,0,10115,10115,10115,657434,10114,10114,10114,10114,10114,10114,647296,10114,10114,10114,10114,10114,10114,647296,10114,10114,10114,10114,10114,10114,647302,10115,10115,10115,10115,10115,10115,647360,10115,10115,10115,10115,10115,10114,10114,,,,,,,,,,,,,,,,,,,,,,,,,,,,,,,,,,,,,,,,,,,,,,,,,,,,,,,,,,,,,,,,,,,,,,,,,,,,,,,,,,,,,,,,,,,,,,,,,,,,,,
csv,38,0,99999416,99999436,99999439,100000015,99991114,99991117,99991140,99991166,99991190,99991194,99993178,99993180,99993182,99993213,99993228,99993253,99993257,99995241,99995243,99995245,99995276,99995291,99995316,99995320,99997304,99997306,99997308,99997339,99997354,99997379,99997383,99999367,99999369,99999371,99999401,99999398,99997335,99995272,99993209,,,,,,,,,,,,,,,,,,,,,,,,,,,,,,,,,,,,,,,,,,,,,,,,,,,,,,,,,,,,,,,,,,,,,,,,,,,,,,,,,,,,,,,,,,,,,,,,,,,,,,
bb_id,38,0,211,212,213,214,215,217,218,219,220,221,222,223,224,225,226,227,228,229,230,231,232,233,234,235,236,237,238,239,240,241,242,243,244,245,246,247,248,249,250,,,,,,,,,,,,,,,,,,,,,,,,,,,,,,,,,,,,,,,,,,,,,,,,,,,,,,,,,,,,,,,,,,,,,,,,,,,,,,,,,,,,,,,,,,,,,,,,,,,,,,
bbv,39,0,1,1,1,1,1,1,1,2543,2543,2543,165336,2544,2544,2544,2544,2544,2544,162816,2544,2544,2544,2544,2544,2544,162816,2544,2544,2544,2544,2544,2544,162816,2544,2544,2544,2544,2544,2544,162816,2544,2544,2544,2544,2544,2544,2544,1,1,8564,8564,8564,1104756,8564,8564,8564,8564,8564,8564,1096151,8563,8563,,,,,,,,,,,,,,,,,,,,,,,,,,,,,,,,,,,,,,,,,,,,,,,,,,,,,,,,,,,,,,,,,,,,,,,,,,,,,,,,
csv,39,0,25151983,25151946,25151949,25151952,25151956,25151957,25151917,25142042,25142062,25142065,25143625,25143627,25143630,25143653,25143679,25143703,25143707,25145691,25145693,25145695,25145726,25145741,25145766,25145770,25147754,25147756,25147758,25147789,25147804,25147829,25147833,25149817,25149819,25149821,25149852,25149867,25149892,25149896,25151880,25151882,25151884,25151914,25151911,25149848,25147785,25145722,25152042,25152060,99992692,99992722,99992725,99996982,99996984,99996987,99997008,99997014,99997049,99997062,100000020,99992677,99992680,,,,,,,,,,,,,,,,,,,,,,,,,,,,,,,,,,,,,,,,,,,,,,,,,,,,,,,,,,,,,,,,,,,,,,,,,,,,,,,,
bb_id,39,0,142,199,201,203,205,207,210,211,212,213,214,215,217,218,219,220,221,222,223,224,225,226,227,228,229,230,231,232,233,234,235,236,237,238,239,240,241,242,243,244,245,246,247,248,249,250,354,355,357,358,359,360,361,363,364,365,366,367,368,369,371,,,,,,,,,,,,,,,,,,,,,,,,,,,,,,,,,,,,,,,,,,,,,,,,,,,,,,,,,,,,,,,,,,,,,,,,,,,,,,,,
bbv,40,0,11442,11442,11442,1476017,11441,11441,11441,11441,11441,11441,1464489,11442,11442,,,,,,,,,,,,,,,,,,,,,,,,,,,,,,,,,,,,,,,,,,,,,,,,,,,,,,,,,,,,,,,,,,,,,,,,,,,,,,,,,,,,,,,,,,,,,,,,,,,,,,,,,,,,,,,,,,,,,,,,,,,,,,,,
csv,40,0,99995752,99995782,99995785,100000009,99991304,99991307,99991328,99991334,99991369,99991382,99995734,99995737,99995740,,,,,,,,,,,,,,,,,,,,,,,,,,,,,,,,,,,,,,,,,,,,,,,,,,,,,,,,,,,,,,,,,,,,,,,,,,,,,,,,,,,,,,,,,,,,,,,,,,,,,,,,,,,,,,,,,,,,,,,,,,,,,,,,
bb_id,40,0,357,358,359,360,361,363,364,365,366,367,368,369,371,,,,,,,,,,,,,,,,,,,,,,,,,,,,,,,,,,,,,,,,,,,,,,,,,,,,,,,,,,,,,,,,,,,,,,,,,,,,,,,,,,,,,,,,,,,,,,,,,,,,,,,,,,,,,,,,,,,,,,,,,,,,,,,,
bbv,41,0,11442,11442,11442,1475925,11442,11442,11442,11442,11442,11442,1464576,11442,11442,,,,,,,,,,,,,,,,,,,,,,,,,,,,,,,,,,,,,,,,,,,,,,,,,,,,,,,,,,,,,,,,,,,,,,,,,,,,,,,,,,,,,,,,,,,,,,,,,,,,,,,,,,,,,,,,,,,,,,,,,,,,,,,,
csv,41,0,99998823,99998853,99998856,100000011,99994375,99994378,99994399,99994405,99994440,99994453,99998805,99998808,99998811,,,,,,,,,,,,,,,,,,,,,,,,,,,,,,,,,,,,,,,,,,,,,,,,,,,,,,,,,,,,,,,,,,,,,,,,,,,,,,,,,,,,,,,,,,,,,,,,,,,,,,,,,,,,,,,,,,,,,,,,,,,,,,,,
bb_id,41,0,357,358,359,360,361,363,364,365,366,367,368,369,371,,,,,,,,,,,,,,,,,,,,,,,,,,,,,,,,,,,,,,,,,,,,,,,,,,,,,,,,,,,,,,,,,,,,,,,,,,,,,,,,,,,,,,,,,,,,,,,,,,,,,,,,,,,,,,,,,,,,,,,,,,,,,,,,
bbv,42,0,11441,11441,11441,1475983,11442,11442,11442,11442,11442,11442,1464521,11441,11441,,,,,,,,,,,,,,,,,,,,,,,,,,,,,,,,,,,,,,,,,,,,,,,,,,,,,,,,,,,,,,,,,,,,,,,,,,,,,,,,,,,,,,,,,,,,,,,,,,,,,,,,,,,,,,,,,,,,,,,,,,,,,,,,
csv,42,0,99993152,99993182,99993185,99997442,99997444,99997447,99997468,99997474,99997509,99997522,100000004,99993137,99993140,,,,,,,,,,,,,,,,,,,,,,,,,,,,,,,,,,,,,,,,,,,,,,,,,,,,,,,,,,,,,,,,,,,,,,,,,,,,,,,,,,,,,,,,,,,,,,,,,,,,,,,,,,,,,,,,,,,,,,,,,,,,,,,,
bb_id,42,0,357,358,359,360,361,363,364,365,366,367,368,369,371,,,,,,,,,,,,,,,,,,,,,,,,,,,,,,,,,,,,,,,,,,,,,,,,,,,,,,,,,,,,,,,,,,,,,,,,,,,,,,,,,,,,,,,,,,,,,,,,,,,,,,,,,,,,,,,,,,,,,,,,,,,,,,,,
bbv,43,0,11442,11442,11442,1476003,11441,11441,11441,11441,11441,11441,1464503,11442,11442,,,,,,,,,,,,,,,,,,,,,,,,,,,,,,,,,,,,,,,,,,,,,,,,,,,,,,,,,,,,,,,,,,,,,,,,,,,,,,,,,,,,,,,,,,,,,,,,,,,,,,,,,,,,,,,,,,,,,,,,,,,,,,,,
csv,43,0,99996228,99996258,99996261,100000023,99991780,99991783,99991804,99991810,99991845,99991858,99996210,99996213,99996216,,,,,,,,,,,,,,,,,,,,,,,,,,,,,,,,,,,,,,,,,,,,,,,,,,,,,,,,,,,,,,,,,,,,,,,,,,,,,,,,,,,,,,,,,,,,,,,,,,,,,,,,,,,,,,,,,,,,,,,,,,,,,,,,
bb_id,43,0,357,358,359,360,361,363,364,365,366,367,368,369,371,,,,,,,,,,,,,,,,,,,,,,,,,,,,,,,,,,,,,,,,,,,,,,,,,,,,,,,,,,,,,,,,,,,,,,,,,,,,,,,,,,,,,,,,,,,,,,,,,,,,,,,,,,,,,,,,,,,,,,,,,,,,,,,,
bbv,44,0,1,1,1,1,178,178,178,178,177,45905,45568,1,11205,11205,11205,1445460,11206,11206,11206,11206,11206,11206,1434368,11206,11206,,,,,,,,,,,,,,,,,,,,,,,,,,,,,,,,,,,,,,,,,,,,,,,,,,,,,,,,,,,,,,,,,,,,,,,,,,,,,,,,,,,,,,,,,,,,,,,,,,,,,,,,,,,,,,,,,,,,
csv,44,0,97936680,97936697,97936733,97936736,99988880,99988886,99994265,99994273,99988874,100000009,99994262,97936636,97927905,97927935,97927938,97932195,97932197,97932200,97932221,97932227,97932262,97932275,97936627,97936630,97936633,,,,,,,,,,,,,,,,,,,,,,,,,,,,,,,,,,,,,,,,,,,,,,,,,,,,,,,,,,,,,,,,,,,,,,,,,,,,,,,,,,,,,,,,,,,,,,,,,,,,,,,,,,,,,,,,,,,,
bb_id,44,0,144,323,328,329,337,338,339,340,341,342,343,356,357,358,359,360,361,363,364,365,366,367,368,369,371,,,,,,,,,,,,,,,,,,,,,,,,,,,,,,,,,,,,,,,,,,,,,,,,,,,,,,,,,,,,,,,,,,,,,,,,,,,,,,,,,,,,,,,,,,,,,,,,,,,,,,,,,,,,,,,,,,,,
bbv,45,0,1,1,1,1,1,1,10855,10855,10855,1400257,10854,10854,10854,10854,10854,10854,1389312,10854,10854,1,1,1,1,1,258,258,258,66564,78,78,78,78,79,20143,19968,,,,,,,,,,,,,,,,,,,,,,,,,,,,,,,,,,,,,,,,,,,,,,,,,,,,,,,,,,,,,,,,,,,,,,,,,,,,,,,,,,,,,,,,,,,,,,,,,,,,,,,,,,
csv,45,0,2506242,2506246,2506247,2506270,2506321,2506331,99996971,99997001,99997004,100000007,99992281,99992284,99992302,99992308,99992331,99992345,99996953,99996956,99996959,2506237,2506238,904805,904809,2506217,2500012,2500020,2506215,2506212,893203,893209,898588,898596,904791,904788,898585,,,,,,,,,,,,,,,,,,,,,,,,,,,,,,,,,,,,,,,,,,,,,,,,,,,,,,,,,,,,,,,,,,,,,,,,,,,,,,,,,,,,,,,,,,,,,,,,,,,,,,,,,,
bb_id,45,0,146,148,150,187,303,304,306,307,308,309,310,312,313,314,315,316,317,318,320,325,327,330,331,332,333,334,335,336,337,338,339,340,341,342,343,,,,,,,,,,,,,,,,,,,,,,,,,,,,,,,,,,,,,,,,,,,,,,,,,,,,,,,,,,,,,,,,,,,,,,,,,,,,,,,,,,,,,,,,,,,,,,,,,,,,,,,,,,
bbv,46,0,11133,11133,11133,1436195,11134,11134,11134,11134,11134,11134,1425082,11133,11133,,,,,,,,,,,,,,,,,,,,,,,,,,,,,,,,,,,,,,,,,,,,,,,,,,,,,,,,,,,,,,,,,,,,,,,,,,,,,,,,,,,,,,,,,,,,,,,,,,,,,,,,,,,,,,,,,,,,,,,,,,,,,,,,
csv,46,0,99993570,99993600,99993603,99997860,99997862,99997865,99997883,99997889,99997912,99997926,100000014,99993555,99993558,,,,,,,,,,,,,,,,,,,,,,,,,,,,,,,,,,,,,,,,,,,,,,,,,,,,,,,,,,,,,,,,,,,,,,,,,,,,,,,,,,,,,,,,,,,,,,,,,,,,,,,,,,,,,,,,,,,,,,,,,,,,,,,,
bb_id,46,0,306,307,308,309,310,312,313,314,315,316,317,318,320,,,,,,,,,,,,,,,,,,,,,,,,,,,,,,,,,,,,,,,,,,,,,,,,,,,,,,,,,,,,,,,,,,,,,,,,,,,,,,,,,,,,,,,,,,,,,,,,,,,,,,,,,,,,,,,,,,,,,,,,,,,,,,,,
bbv,47,0,11134,11134,11134,1436182,11133,11133,11133,11133,11133,11133,1425094,11134,11134,,,,,,,,,,,,,,,,,,,,,,,,,,,,,,,,,,,,,,,,,,,,,,,,,,,,,,,,,,,,,,,,,,,,,,,,,,,,,,,,,,,,,,,,,,,,,,,,,,,,,,,,,,,,,,,,,,,,,,,,,,,,,,,,
csv,47,0,99999144,99999174,99999177,100000002,99994454,99994457,99994475,99994481,99994504,99994518,99999126,99999129,99999132,,,,,,,,,,,,,,,,,,,,,,,,,,,,,,,,,,,,,,,,,,,,,,,,,,,,,,,,,,,,,,,,,,,,,,,,,,,,,,,,,,,,,,,,,,,,,,,,,,,,,,,,,,,,,,,,,,,,,,,,,,,,,,,,
bb_id,47,0,306,307,308,309,310,312,313,314,315,316,317,318,320,,,,,,,,,,,,,,,,,,,,,,,,,,,,,,,,,,,,,,,,,,,,,,,,,,,,,,,,,,,,,,,,,,,,,,,,,,,,,,,,,,,,,,,,,,,,,,,,,,,,,,,,,,,,,,,,,,,,,,,,,,,,,,,,
bbv,48,0,11133,11133,11133,1436260,11133,11133,11133,11133,11133,11133,1425024,11133,11133,,,,,,,,,,,,,,,,,,,,,,,,,,,,,,,,,,,,,,,,,,,,,,,,,,,,,,,,,,,,,,,,,,,,,,,,,,,,,,,,,,,,,,,,,,,,,,,,,,,,,,,,,,,,,,,,,,,,,,,,,,,,,,,,
csv,48,0,99995748,99995778,99995781,100000005,99991058,99991061,99991079,99991085,99991108,99991122,99995730,99995733,99995736,,,,,,,,,,,,,,,,,,,,,,,,,,,,,,,,,,,,,,,,,,,,,,,,,,,,,,,,,,,,,,,,,,,,,,,,,,,,,,,,,,,,,,,,,,,,,,,,,,,,,,,,,,,,,,,,,,,,,,,,,,,,,,,,
bb_id,48,0,306,307,308,309,310,312,313,314,315,316,317,318,320,,,,,,,,,,,,,,,,,,,,,,,,,,,,,,,,,,,,,,,,,,,,,,,,,,,,,,,,,,,,,,,,,,,,,,,,,,,,,,,,,,,,,,,,,,,,,,,,,,,,,,,,,,,,,,,,,,,,,,,,,,,,,,,,
bbv,49,0,11133,11133,11133,1436158,11134,11134,11134,11134,11134,11134,1425116,11133,11133,,,,,,,,,,,,,,,,,,,,,,,,,,,,,,,,,,,,,,,,,,,,,,,,,,,,,,,,,,,,,,,,,,,,,,,,,,,,,,,,,,,,,,,,,,,,,,,,,,,,,,,,,,,,,,,,,,,,,,,,,,,,,,,,
csv,49,0,99992349,99992379,99992382,99996639,99996641,99996644,99996662,99996668,99996691,99996705,100000017,99992334,99992337,,,,,,,,,,,,,,,,,,,,,,,,,,,,,,,,,,,,,,,,,,,,,,,,,,,,,,,,,,,,,,,,,,,,,,,,,,,,,,,,,,,,,,,,,,,,,,,,,,,,,,,,,,,,,,,,,,,,,,,,,,,,,,,,
bb_id,49,0,306,307,308,309,310,312,313,314,315,316,317,318,320,,,,,,,,,,,,,,,,,,,,,,,,,,,,,,,,,,,,,,,,,,,,,,,,,,,,,,,,,,,,,,,,,,,,,,,,,,,,,,,,,,,,,,,,,,,,,,,,,,,,,,,,,,,,,,,,,,,,,,,,,,,,,,,,
bbv,50,0,1,1,1,1,1,1,1,1,10148,10148,10148,1309092,10148,10148,10148,10148,10148,10148,1298980,10149,10149,1,1,1,1,1,1,1,1,258,258,258,66564,256,256,256,256,256,66048,65536,1,1,490,490,490,63210,490,490,490,490,490,490,62633,489,489,,,,,,,,,,,,,,,,,,,,,,,,,,,,,,,,,,,,,,,,,,,,,,,,,,,,,,,,,,,,,,,,,,,,,,,,,,,,,,,,,,,,,,
csv,50,0,95720276,95720302,95720269,91150674,95720245,95720249,95720250,91150641,91141668,91141698,91141701,91145958,91145960,91145963,91145981,91145987,91146010,91146024,91150632,91150635,91150638,91150691,95720240,95720241,91150727,91150730,94118808,94118812,95720220,95714015,95714023,95720218,95720215,94107206,94107212,94112591,94112599,94118794,94118791,94112588,95720361,95720379,99994251,99994281,99994284,99998541,99998543,99998546,99998567,99998573,99998608,99998621,100000015,99994236,99994239,,,,,,,,,,,,,,,,,,,,,,,,,,,,,,,,,,,,,,,,,,,,,,,,,,,,,,,,,,,,,,,,,,,,,,,,,,,,,,,,,,,,,,
bb_id,50,0,37,142,157,189,191,193,195,305,306,307,308,309,310,312,313,314,315,316,317,318,320,323,325,327,328,329,330,331,332,333,334,335,336,337,338,339,340,341,342,343,354,355,357,358,359,360,361,363,364,365,366,367,368,369,371,,,,,,,,,,,,,,,,,,,,,,,,,,,,,,,,,,,,,,,,,,,,,,,,,,,,,,,,,,,,,,,,,,,,,,,,,,,,,,,,,,,,,,
bbv,51,0,11442,11442,11442,1475970,11441,11441,11441,11441,11441,11441,1464535,11442,11442,,,,,,,,,,,,,,,,,,,,,,,,,,,,,,,,,,,,,,,,,,,,,,,,,,,,,,,,,,,,,,,,,,,,,,,,,,,,,,,,,,,,,,,,,,,,,,,,,,,,,,,,,,,,,,,,,,,,,,,,,,,,,,,,
csv,51,0,99997316,99997346,99997349,100000022,99992868,99992871,99992892,99992898,99992933,99992946,99997298,99997301,99997304,,,,,,,,,,,,,,,,,,,,,,,,,,,,,,,,,,,,,,,,,,,,,,,,,,,,,,,,,,,,,,,,,,,,,,,,,,,,,,,,,,,,,,,,,,,,,,,,,,,,,,,,,,,,,,,,,,,,,,,,,,,,,,,,
bb_id,51,0,357,358,359,360,361,363,364,365,366,367,368,369,371,,,,,,,,,,,,,,,,,,,,,,,,,,,,,,,,,,,,,,,,,,,,,,,,,,,,,,,,,,,,,,,,,,,,,,,,,,,,,,,,,,,,,,,,,,,,,,,,,,,,,,,,,,,,,,,,,,,,,,,,,,,,,,,,
bbv,52,0,11441,11441,11441,1475937,11442,11442,11442,11442,11442,11442,1464566,11441,11441,,,,,,,,,,,,,,,,,,,,,,,,,,,,,,,,,,,,,,,,,,,,,,,,,,,,,,,,,,,,,,,,,,,,,,,,,,,,,,,,,,,,,,,,,,,,,,,,,,,,,,,,,,,,,,,,,,,,,,,,,,,,,,,,
csv,52,0,99991634,99991664,99991667,99995924,99995926,99995929,99995950,99995956,99995991,99996004,100000016,99991619,99991622,,,,,,,,,,,,,,,,,,,,,,,,,,,,,,,,,,,,,,,,,,,,,,,,,,,,,,,,,,,,,,,,,,,,,,,,,,,,,,,,,,,,,,,,,,,,,,,,,,,,,,,,,,,,,,,,,,,,,,,,,,,,,,,,
bb_id,52,0,357,358,359,360,361,363,364,365,366,367,368,369,371,,,,,,,,,,,,,,,,,,,,,,,,,,,,,,,,,,,,,,,,,,,,,,,,,,,,,,,,,,,,,,,,,,,,,,,,,,,,,,,,,,,,,,,,,,,,,,,,,,,,,,,,,,,,,,,,,,,,,,,,,,,,,,,,
bbv,53,0,11442,11442,11442,1476018,11442,11442,11442,11442,11442,11442,1464486,11442,11442,,,,,,,,,,,,,,,,,,,,,,,,,,,,,,,,,,,,,,,,,,,,,,,,,,,,,,,,,,,,,,,,,,,,,,,,,,,,,,,,,,,,,,,,,,,,,,,,,,,,,,,,,,,,,,,,,,,,,,,,,,,,,,,,
csv,53,0,99994698,99994728,99994731,99998988,99998990,99998993,99999014,99999020,99999055,99999068,100000020,99994683,99994686,,,,,,,,,,,,,,,,,,,,,,,,,,,,,,,,,,,,,,,,,,,,,,,,,,,,,,,,,,,,,,,,,,,,,,,,,,,,,,,,,,,,,,,,,,,,,,,,,,,,,,,,,,,,,,,,,,,,,,,,,,,,,,,,
bb_id,53,0,357,358,359,360,361,363,364,365,366,367,368,369,371,,,,,,,,,,,,,,,,,,,,,,,,,,,,,,,,,,,,,,,,,,,,,,,,,,,,,,,,,,,,,,,,,,,,,,,,,,,,,,,,,,,,,,,,,,,,,,,,,,,,,,,,,,,,,,,,,,,,,,,,,,,,,,,,
bbv,54,0,11442,11442,11442,1475956,11441,11441,11441,11441,11441,11441,1464548,11442,11442,,,,,,,,,,,,,,,,,,,,,,,,,,,,,,,,,,,,,,,,,,,,,,,,,,,,,,,,,,,,,,,,,,,,,,,,,,,,,,,,,,,,,,,,,,,,,,,,,,,,,,,,,,,,,,,,,,,,,,,,,,,,,,,,
csv,54,0,99997758,99997788,99997791,100000002,99993310,99993313,99993334,99993340,99993375,99993388,99997740,99997743,99997746,,,,,,,,,,,,,,,,,,,,,,,,,,,,,,,,,,,,,,,,,,,,,,,,,,,,,,,,,,,,,,,,,,,,,,,,,,,,,,,,,,,,,,,,,,,,,,,,,,,,,,,,,,,,,,,,,,,,,,,,,,,,,,,,
bb_id,54,0,357,358,359,360,361,363,364,365,366,367,368,369,371,,,,,,,,,,,,,,,,,,,,,,,,,,,,,,,,,,,,,,,,,,,,,,,,,,,,,,,,,,,,,,,,,,,,,,,,,,,,,,,,,,,,,,,,,,,,,,,,,,,,,,,,,,,,,,,,,,,,,,,,,,,,,,,,
bbv,55,0,11441,11441,11441,1475951,11442,11442,11442,11442,11442,11442,1464552,11441,11441,,,,,,,,,,,,,,,,,,,,,,,,,,,,,,,,,,,,,,,,,,,,,,,,,,,,,,,,,,,,,,,,,,,,,,,,,,,,,,,,,,,,,,,,,,,,,,,,,,,,,,,,,,,,,,,,,,,,,,,,,,,,,,,,
csv,55,0,99992096,99992126,99992129,99996386,99996388,99996391,99996412,99996418,99996453,99996466,100000002,99992081,99992084,,,,,,,,,,,,,,,,,,,,,,,,,,,,,,,,,,,,,,,,,,,,,,,,,,,,,,,,,,,,,,,,,,,,,,,,,,,,,,,,,,,,,,,,,,,,,,,,,,,,,,,,,,,,,,,,,,,,,,,,,,,,,,,,
bb_id,55,0,357,358,359,360,361,363,364,365,366,367,368,369,371,,,,,,,,,,,,,,,,,,,,,,,,,,,,,,,,,,,,,,,,,,,,,,,,,,,,,,,,,,,,,,,,,,,,,,,,,,,,,,,,,,,,,,,,,,,,,,,,,,,,,,,,,,,,,,,,,,,,,,,,,,,,,,,,
bbv,56,0,1,1,1,1,1,1,1,1,1,1,1,1,1,1,1,1,1,1,1,258,258,258,66564,256,256,256,256,256,66048,65536,1,1,1948,1948,1948,1948,1947,249260,251292,1,7838,7838,7838,1011102,7838,7838,7838,7838,7838,7838,1003288,7839,7839,,,,,,,,,,,,,,,,,,,,,,,,,,,,,,,,,,,,,,,,,,,,,,,,,,,,,,,,,,,,,,,,,,,,,,,,,,,,,,,,,,,,,,,,
csv,56,0,73074586,73074589,73074572,73074576,68504989,73074560,73074564,73074565,73074607,73074609,73074644,68505006,73074555,73074556,68505042,68505045,71473123,71473127,73074535,73068330,73068338,73074533,73074530,71461521,71461527,71466906,71466914,71473109,71473106,71466903,73074699,73074702,99991995,99992025,99996930,99996967,99991977,100000003,99996927,68504945,68496214,68496244,68496247,68500504,68500506,68500509,68500530,68500536,68500571,68500584,68504936,68504939,68504942,,,,,,,,,,,,,,,,,,,,,,,,,,,,,,,,,,,,,,,,,,,,,,,,,,,,,,,,,,,,,,,,,,,,,,,,,,,,,,,,,,,,,,,,
bb_id,56,0,33,35,40,42,144,146,148,150,151,152,178,323,325,327,328,329,330,331,332,333,334,335,336,337,338,339,340,341,342,343,344,345,347,348,349,350,351,352,353,356,357,358,359,360,361,363,364,365,366,367,368,369,371,,,,,,,,,,,,,,,,,,,,,,,,,,,,,,,,,,,,,,,,,,,,,,,,,,,,,,,,,,,,,,,,,,,,,,,,,,,,,,,,,,,,,,,,
bbv,57,0,7233,7233,7233,7233,7233,925879,933057,,,,,,,,,,,,,,,,,,,,,,,,,,,,,,,,,,,,,,,,,,,,,,,,,,,,,,,,,,,,,,,,,,,,,,,,,,,,,,,,,,,,,,,,,,,,,,,,,,,,,,,,,,,,,,,,,,,,,,,,,,,,,,,,,,,,,,
csv,57,0,99988217,99988247,99993152,99993189,99988199,100000020,99993149,,,,,,,,,,,,,,,,,,,,,,,,,,,,,,,,,,,,,,,,,,,,,,,,,,,,,,,,,,,,,,,,,,,,,,,,,,,,,,,,,,,,,,,,,,,,,,,,,,,,,,,,,,,,,,,,,,,,,,,,,,,,,,,,,,,,,,
bb_id,57,0,347,348,349,350,351,352,353,,,,,,,,,,,,,,,,,,,,,,,,,,,,,,,,,,,,,,,,,,,,,,,,,,,,,,,,,,,,,,,,,,,,,,,,,,,,,,,,,,,,,,,,,,,,,,,,,,,,,,,,,,,,,,,,,,,,,,,,,,,,,,,,,,,,,,
bbv,58,0,1,1,1,1,72,72,71,71,71,9230,9193,1,7203,7203,7203,7203,7204,922013,929187,,,,,,,,,,,,,,,,,,,,,,,,,,,,,,,,,,,,,,,,,,,,,,,,,,,,,,,,,,,,,,,,,,,,,,,,,,,,,,,,,,,,,,,,,,,,,,,,,,,,,,,,,,,,,,,,,,,,,,,,,,
csv,58,0,99583531,99583548,99583584,99583587,99997807,99997813,99994670,99994678,99997801,99997798,100000018,99583482,99569672,99569702,99574607,99574644,99583479,99583476,99574604,,,,,,,,,,,,,,,,,,,,,,,,,,,,,,,,,,,,,,,,,,,,,,,,,,,,,,,,,,,,,,,,,,,,,,,,,,,,,,,,,,,,,,,,,,,,,,,,,,,,,,,,,,,,,,,,,,,,,,,,,,
bb_id,58,0,180,323,328,329,337,338,339,340,341,342,343,346,347,348,349,350,351,352,353,,,,,,,,,,,,,,,,,,,,,,,,,,,,,,,,,,,,,,,,,,,,,,,,,,,,,,,,,,,,,,,,,,,,,,,,,,,,,,,,,,,,,,,,,,,,,,,,,,,,,,,,,,,,,,,,,,,,,,,,,,
bbv,59,0,7,7,7,22888,22888,22888,621292,22888,22872,22888,45744,6,5,5,5,5,7,1,1,5,6,6,7,7,7,6,6,6,6,6,6,6,6,6,6,6,6,6,6,6,5718,5718,5718,161037,5718,5718,5718,5314,5314,5314,152624,5314,5718,5718,5718,5603,5603,154936,5603,5718,5718,5718,5603,5603,154936,5603,5718,5718,5718,5603,5603,154936,5603,5718,5718,6484,6484,6484,11108,6,6,6,5460,5460,5460,155256,5460,5460,5460,5456,5456,5456,149792,5456,4,5460,8,17,18,18,17,17,18,18,18,540,540,540,34848,432,432,433,433,433,24538,23567,6,6,6,5460,5460,5460,5460,5460,299592,305052,6,6,5,6321,6321,6321,211448,6320,6320,6320,6304,6304,6320,6320,410176
csv,59,0,66764847,66764849,72409452,72409119,72409139,72409142,72409430,72409432,72409434,72409449,72409446,94172618,56516842,56811533,56811537,56811538,33901113,33903733,33903741,66764814,33898725,33900207,33901080,33901084,33901085,56811561,66470026,66764717,66764721,66764722,72409500,72409509,94172581,94172584,94172587,94172591,94172592,72409555,72409574,94172552,94167413,94167433,94167436,94168228,94168230,94168233,94168256,94168282,94168306,94168310,94169302,94169304,94169306,94169337,94169352,94169377,94169381,94170373,94170375,94170377,94170408,94170423,94170448,94170452,94171444,94171446,94171448,94171479,94171494,94171519,94171523,94172515,94172517,94172519,94172549,94172546,94171475,94170404,94169333,56811612,56811622,66469993,66467644,66467674,66467677,66468766,66468768,66468771,66468789,66468795,66468818,66468832,66469984,66469987,33902670,66469990,33902744,66470043,66764712,66764713,66470079,66470082,66659152,66659156,66764692,66763095,66763103,66764690,66764687,66656190,66656196,66657543,66657551,66659138,66659135,66657540,33898780,33898783,33900158,33899830,33899860,33899977,33900014,33900155,33900152,33899974,94172677,94172695,56516798,99998659,99998689,99998692,100000012,99994096,99994099,99994120,99994126,99994161,99994164,99998647,99998644
bb_id,59,0,105,106,107,108,109,110,111,112,113,114,115,142,144,146,148,150,153,154,155,156,178,180,182,184,186,187,189,191,193,195,196,198,199,201,203,205,207,208,209,210,211,212,213,214,215,217,218,219,220,221,222,223,224,225,226,227,228,229,230,231,232,233,234,235,236,237,238,239,240,241,242,243,244,245,246,247,248,249,250,303,304,305,306,307,308,309,310,312,313,314,315,316,317,318,319,320,321,323,325,327,328,329,330,331,332,333,334,335,336,337,338,339,340,341,342,343,344,345,346,347,348,349,350,351,352,353,354,355,356,357,358,359,360,361,363,364,365,366,370,371,372
bbv,60,0,14830,14830,14830,963975,14831,14831,14831,14831,14831,14831,14830,1898252,,,,,,,,,,,,,,,,,,,,,,,,,,,,,,,,,,,,,,,,,,,,,,,,,,,,,,,,,,,,,,,,,,,,,,,,,,,,,,,,,,,,,,,,,,,,,,,,,,,,,,,,,,,,,,,,,,,,,,,,,,,,,,,,,
csv,60,0,99997337,99997367,99997370,99999515,99999517,99999520,99999541,99999547,99999582,99999585,99997325,100000005,,,,,,,,,,,,,,,,,,,,,,,,,,,,,,,,,,,,,,,,,,,,,,,,,,,,,,,,,,,,,,,,,,,,,,,,,,,,,,,,,,,,,,,,,,,,,,,,,,,,,,,,,,,,,,,,,,,,,,,,,,,,,,,,,
bb_id,60,0,357,358,359,360,361,363,364,365,366,370,371,372,,,,,,,,,,,,,,,,,,,,,,,,,,,,,,,,,,,,,,,,,,,,,,,,,,,,,,,,,,,,,,,,,,,,,,,,,,,,,,,,,,,,,,,,,,,,,,,,,,,,,,,,,,,,,,,,,,,,,,,,,,,,,,,,,
bbv,61,0,1,1,1,1,1,1,1,1,1,1,1,1,1,1,1844,1844,1844,119860,1844,1844,1844,1844,1844,1844,118016,1844,1844,1844,1844,1844,1844,118016,1844,1844,1844,1844,1844,1844,118016,1844,1844,1844,1844,1844,1844,118012,1843,1843,1843,1843,1844,1844,1844,1,1,1,16384,16384,16384,1064960,16384,16384,16384,16384,16384,16384,1048576,16384,16384,2,2,2,2,2,2,2,2,260,260,260,33800,256,256,256,256,256,33280,32768,1,689,689,689,44785,689,689,689,689,689,689,690,88308,,,,,,,,,,,,,,,,,,,,,,,,,,,,,,,,,,,,,,,,
csv,61,0,4650037,5804440,5804444,5804445,81768409,5804468,80613909,81768312,81768316,81768317,81768457,81768466,81768512,81768531,99990287,99990307,99990310,99991870,99991872,99991875,99991898,99991924,99991948,99991952,99993936,99993938,99993940,99993971,99993986,99994011,99994015,99995999,99996001,99996003,99996034,99996049,99996074,99996078,99998062,99998064,99998066,99998097,99998112,99998137,99998141,100000001,99990240,99990242,99990272,99990269,99998093,99996030,99993967,5804519,5804529,80613876,80609319,80609349,80609352,80611497,80611499,80611502,80611520,80611526,80611549,80611563,80613867,80613870,80613873,80613926,81768307,81768308,80613962,80613965,81360731,81360735,81768287,81765154,81765162,81768285,81768282,81354889,81354895,81357586,81357594,81360717,81360714,81357583,4649993,4643259,4643289,4643292,4645437,4645439,4645442,4645463,4645469,4645504,4645507,4649990,4649987,,,,,,,,,,,,,,,,,,,,,,,,,,,,,,,,,,,,,,,,
bb_id,61,0,144,146,148,150,156,187,189,191,193,195,196,198,208,209,211,212,213,214,215,217,218,219,220,221,222,223,224,225,226,227,228,229,230,231,232,233,234,235,236,237,238,239,240,241,242,243,244,245,246,247,248,249,250,303,304,305,306,307,308,309,310,312,313,314,315,316,317,318,320,323,325,327,328,329,330,331,332,333,334,335,336,337,338,339,340,341,342,343,356,357,358,359,360,361,363,364,365,366,370,371,372,,,,,,,,,,,,,,,,,,,,,,,,,,,,,,,,,,,,,,,,
bbv,62,0,10115,10115,10115,657475,10115,10115,10115,10115,10115,10115,647330,10114,10114,10114,10114,10114,10114,647296,10114,10114,10114,10114,10114,10114,647296,10114,10114,10114,10114,10114,10114,647300,10115,10115,10115,10115,10114,10114,10114,,,,,,,,,,,,,,,,,,,,,,,,,,,,,,,,,,,,,,,,,,,,,,,,,,,,,,,,,,,,,,,,,,,,,,,,,,,,,,,,,,,,,,,,,,,,,,,,,,,,,,
csv,62,0,99997291,99997311,99997314,99998874,99998876,99998879,99998902,99998928,99998952,99998956,100000010,99991055,99991057,99991088,99991103,99991128,99991132,99993116,99993118,99993120,99993151,99993166,99993191,99993195,99995179,99995181,99995183,99995214,99995229,99995254,99995258,99997242,99997244,99997246,99997276,99997273,99995210,99993147,99991084,,,,,,,,,,,,,,,,,,,,,,,,,,,,,,,,,,,,,,,,,,,,,,,,,,,,,,,,,,,,,,,,,,,,,,,,,,,,,,,,,,,,,,,,,,,,,,,,,,,,,,
bb_id,62,0,211,212,213,214,215,217,218,219,220,221,222,223,224,225,226,227,228,229,230,231,232,233,234,235,236,237,238,239,240,241,242,243,244,245,246,247,248,249,250,,,,,,,,,,,,,,,,,,,,,,,,,,,,,,,,,,,,,,,,,,,,,,,,,,,,,,,,,,,,,,,,,,,,,,,,,,,,,,,,,,,,,,,,,,,,,,,,,,,,,,
bbv,63,0,1,1,1,1,1,1,1,4682,4682,4682,304330,4682,4682,4682,4682,4682,4682,299678,4683,4683,4683,4683,4683,4683,299712,4683,4683,4683,4683,4683,4683,299712,4683,4683,4683,4683,4683,4683,299712,4683,4683,4683,4683,4683,4683,4683,1,1,6145,6145,6145,792672,6144,6144,6144,6144,6144,6144,786432,6144,6144,,,,,,,,,,,,,,,,,,,,,,,,,,,,,,,,,,,,,,,,,,,,,,,,,,,,,,,,,,,,,,,,,,,,,,,,,,,,,,,,
csv,63,0,46298156,46298119,46298122,46298125,46298129,46298130,46298090,46288215,46288235,46288238,46289798,46289800,46289803,46289826,46289852,46289876,46289880,46291864,46291866,46291868,46291899,46291914,46291939,46291943,46293927,46293929,46293931,46293962,46293977,46294002,46294006,46295990,46295992,46295994,46296025,46296040,46296065,46296069,46298053,46298055,46298057,46298087,46298084,46296021,46293958,46291895,46298215,46298233,99996805,99996835,99996838,100000006,99992357,99992360,99992381,99992387,99992422,99992435,99996787,99996790,99996793,,,,,,,,,,,,,,,,,,,,,,,,,,,,,,,,,,,,,,,,,,,,,,,,,,,,,,,,,,,,,,,,,,,,,,,,,,,,,,,,
bb_id,63,0,142,199,201,203,205,207,210,211,212,213,214,215,217,218,219,220,221,222,223,224,225,226,227,228,229,230,231,232,233,234,235,236,237,238,239,240,241,242,243,244,245,246,247,248,249,250,354,355,357,358,359,360,361,363,364,365,366,367,368,369,371,,,,,,,,,,,,,,,,,,,,,,,,,,,,,,,,,,,,,,,,,,,,,,,,,,,,,,,,,,,,,,,,,,,,,,,,,,,,,,,,
bbv,64,0,11442,11442,11442,1475925,11442,11442,11442,11442,11442,11442,1464576,11442,11442,,,,,,,,,,,,,,,,,,,,,,,,,,,,,,,,,,,,,,,,,,,,,,,,,,,,,,,,,,,,,,,,,,,,,,,,,,,,,,,,,,,,,,,,,,,,,,,,,,,,,,,,,,,,,,,,,,,,,,,,,,,,,,,,
csv,64,0,99999879,99999909,99999912,100000011,99995431,99995434,99995455,99995461,99995496,99995509,99999861,99999864,99999867,,,,,,,,,,,,,,,,,,,,,,,,,,,,,,,,,,,,,,,,,,,,,,,,,,,,,,,,,,,,,,,,,,,,,,,,,,,,,,,,,,,,,,,,,,,,,,,,,,,,,,,,,,,,,,,,,,,,,,,,,,,,,,,,
bb_id,64,0,357,358,359,360,361,363,364,365,366,367,368,369,371,,,,,,,,,,,,,,,,,,,,,,,,,,,,,,,,,,,,,,,,,,,,,,,,,,,,,,,,,,,,,,,,,,,,,,,,,,,,,,,,,,,,,,,,,,,,,,,,,,,,,,,,,,,,,,,,,,,,,,,,,,,,,,,,
bbv,65,0,11441,11441,11441,1476015,11442,11442,11442,11442,11442,11442,1464490,11441,11441,,,,,,,,,,,,,,,,,,,,,,,,,,,,,,,,,,,,,,,,,,,,,,,,,,,,,,,,,,,,,,,,,,,,,,,,,,,,,,,,,,,,,,,,,,,,,,,,,,,,,,,,,,,,,,,,,,,,,,,,,,,,,,,,
csv,65,0,99994208,99994238,99994241,99998498,99998500,99998503,99998524,99998530,99998565,99998578,100000006,99994193,99994196,,,,,,,,,,,,,,,,,,,,,,,,,,,,,,,,,,,,,,,,,,,,,,,,,,,,,,,,,,,,,,,,,,,,,,,,,,,,,,,,,,,,,,,,,,,,,,,,,,,,,,,,,,,,,,,,,,,,,,,,,,,,,,,,
bb_id,65,0,357,358,359,360,361,363,364,365,366,367,368,369,371,,,,,,,,,,,,,,,,,,,,,,,,,,,,,,,,,,,,,,,,,,,,,,,,,,,,,,,,,,,,,,,,,,,,,,,,,,,,,,,,,,,,,,,,,,,,,,,,,,,,,,,,,,,,,,,,,,,,,,,,,,,,,,,,
bbv,66,0,11442,11442,11442,1475971,11441,11441,11441,11441,11441,11441,1464534,11442,11442,,,,,,,,,,,,,,,,,,,,,,,,,,,,,,,,,,,,,,,,,,,,,,,,,,,,,,,,,,,,,,,,,,,,,,,,,,,,,,,,,,,,,,,,,,,,,,,,,,,,,,,,,,,,,,,,,,,,,,,,,,,,,,,,
csv,66,0,99997282,99997312,99997315,100000021,99992834,99992837,99992858,99992864,99992899,99992912,99997264,99997267,99997270,,,,,,,,,,,,,,,,,,,,,,,,,,,,,,,,,,,,,,,,,,,,,,,,,,,,,,,,,,,,,,,,,,,,,,,,,,,,,,,,,,,,,,,,,,,,,,,,,,,,,,,,,,,,,,,,,,,,,,,,,,,,,,,,
bb_id,66,0,357,358,359,360,361,363,364,365,366,367,368,369,371,,,,,,,,,,,,,,,,,,,,,,,,,,,,,,,,,,,,,,,,,,,,,,,,,,,,,,,,,,,,,,,,,,,,,,,,,,,,,,,,,,,,,,,,,,,,,,,,,,,,,,,,,,,,,,,,,,,,,,,,,,,,,,,,
bbv,67,0,11441,11441,11441,1475936,11442,11442,11442,11442,11442,11442,1464567,11441,11441,,,,,,,,,,,,,,,,,,,,,,,,,,,,,,,,,,,,,,,,,,,,,,,,,,,,,,,,,,,,,,,,,,,,,,,,,,,,,,,,,,,,,,,,,,,,,,,,,,,,,,,,,,,,,,,,,,,,,,,,,,,,,,,,
csv,67,0,99991601,99991631,99991634,99995891,99995893,99995896,99995917,99995923,99995958,99995971,100000017,99991586,99991589,,,,,,,,,,,,,,,,,,,,,,,,,,,,,,,,,,,,,,,,,,,,,,,,,,,,,,,,,,,,,,,,,,,,,,,,,,,,,,,,,,,,,,,,,,,,,,,,,,,,,,,,,,,,,,,,,,,,,,,,,,,,,,,,
bb_id,67,0,357,358,359,360,361,363,364,365,366,367,368,369,371,,,,,,,,,,,,,,,,,,,,,,,,,,,,,,,,,,,,,,,,,,,,,,,,,,,,,,,,,,,,,,,,,,,,,,,,,,,,,,,,,,,,,,,,,,,,,,,,,,,,,,,,,,,,,,,,,,,,,,,,,,,,,,,,
bbv,68,0,11442,11442,11442,1476018,11442,11442,11442,11442,11442,11442,1464486,11442,11442,,,,,,,,,,,,,,,,,,,,,,,,,,,,,,,,,,,,,,,,,,,,,,,,,,,,,,,,,,,,,,,,,,,,,,,,,,,,,,,,,,,,,,,,,,,,,,,,,,,,,,,,,,,,,,,,,,,,,,,,,,,,,,,,
csv,68,0,99994664,99994694,99994697,99998954,99998956,99998959,99998980,99998986,99999021,99999034,100000020,99994649,99994652,,,,,,,,,,,,,,,,,,,,,,,,,,,,,,,,,,,,,,,,,,,,,,,,,,,,,,,,,,,,,,,,,,,,,,,,,,,,,,,,,,,,,,,,,,,,,,,,,,,,,,,,,,,,,,,,,,,,,,,,,,,,,,,,
bb_id,68,0,357,358,359,360,361,363,364,365,366,367,368,369,371,,,,,,,,,,,,,,,,,,,,,,,,,,,,,,,,,,,,,,,,,,,,,,,,,,,,,,,,,,,,,,,,,,,,,,,,,,,,,,,,,,,,,,,,,,,,,,,,,,,,,,,,,,,,,,,,,,,,,,,,,,,,,,,,
bbv,69,0,1,1,1,1,1,1,1,8501,8501,8501,1096514,8500,8500,8500,8500,8500,8500,1088000,8500,8500,1,1,1,1,1,1,1,1,258,258,258,66564,256,256,256,256,256,66048,65536,1,2183,2183,2183,281607,2183,2183,2183,2183,2183,2183,279523,2184,2184,,,,,,,,,,,,,,,,,,,,,,,,,,,,,,,,,,,,,,,,,,,,,,,,,,,,,,,,,,,,,,,,,,,,,,,,,,,,,,,,,,,,,,,,
csv,69,0,19082839,23652410,23652414,23652415,23652438,23652489,23652499,99999511,99999541,99999544,100000006,99994821,99994824,99994842,99994848,99994871,99994885,99999493,99999496,99999499,19082856,23652405,23652406,19082892,19082895,22050973,22050977,23652385,23646180,23646188,23652383,23652380,22039371,22039377,22044756,22044764,22050959,22050956,22044753,19082795,19074064,19074094,19074097,19078354,19078356,19078359,19078380,19078386,19078421,19078434,19082786,19082789,19082792,,,,,,,,,,,,,,,,,,,,,,,,,,,,,,,,,,,,,,,,,,,,,,,,,,,,,,,,,,,,,,,,,,,,,,,,,,,,,,,,,,,,,,,,
bb_id,69,0,144,146,148,150,187,303,304,306,307,308,309,310,312,313,314,315,316,317,318,320,323,325,327,328,329,330,331,332,333,334,335,336,337,338,339,340,341,342,343,356,357,358,359,360,361,363,364,365,366,367,368,369,371,,,,,,,,,,,,,,,,,,,,,,,,,,,,,,,,,,,,,,,,,,,,,,,,,,,,,,,,,,,,,,,,,,,,,,,,,,,,,,,,,,,,,,,,
bbv,70,0,11133,11133,11133,1436260,11133,11133,11133,11133,11133,11133,1425024,11133,11133,,,,,,,,,,,,,,,,,,,,,,,,,,,,,,,,,,,,,,,,,,,,,,,,,,,,,,,,,,,,,,,,,,,,,,,,,,,,,,,,,,,,,,,,,,,,,,,,,,,,,,,,,,,,,,,,,,,,,,,,,,,,,,,,
csv,70,0,99996111,99996141,99996144,100000005,99991421,99991424,99991442,99991448,99991471,99991485,99996093,99996096,99996099,,,,,,,,,,,,,,,,,,,,,,,,,,,,,,,,,,,,,,,,,,,,,,,,,,,,,,,,,,,,,,,,,,,,,,,,,,,,,,,,,,,,,,,,,,,,,,,,,,,,,,,,,,,,,,,,,,,,,,,,,,,,,,,,
bb_id,70,0,306,307,308,309,310,312,313,314,315,316,317,318,320,,,,,,,,,,,,,,,,,,,,,,,,,,,,,,,,,,,,,,,,,,,,,,,,,,,,,,,,,,,,,,,,,,,,,,,,,,,,,,,,,,,,,,,,,,,,,,,,,,,,,,,,,,,,,,,,,,,,,,,,,,,,,,,,
bbv,71,0,11133,11133,11133,1436169,11134,11134,11134,11134,11134,11134,1425106,11133,11133,,,,,,,,,,,,,,,,,,,,,,,,,,,,,,,,,,,,,,,,,,,,,,,,,,,,,,,,,,,,,,,,,,,,,,,,,,,,,,,,,,,,,,,,,,,,,,,,,,,,,,,,,,,,,,,,,,,,,,,,,,,,,,,,
csv,71,0,99992712,99992742,99992745,99997002,99997004,99997007,99997025,99997031,99997054,99997068,100000020,99992697,99992700,,,,,,,,,,,,,,,,,,,,,,,,,,,,,,,,,,,,,,,,,,,,,,,,,,,,,,,,,,,,,,,,,,,,,,,,,,,,,,,,,,,,,,,,,,,,,,,,,,,,,,,,,,,,,,,,,,,,,,,,,,,,,,,,
bb_id,71,0,306,307,308,309,310,312,313,314,315,316,317,318,320,,,,,,,,,,,,,,,,,,,,,,,,,,,,,,,,,,,,,,,,,,,,,,,,,,,,,,,,,,,,,,,,,,,,,,,,,,,,,,,,,,,,,,,,,,,,,,,,,,,,,,,,,,,,,,,,,,,,,,,,,,,,,,,,
bbv,72,0,11134,11134,11134,1436209,11133,11133,11133,11133,11133,11133,1425070,11134,11134,,,,,,,,,,,,,,,,,,,,,,,,,,,,,,,,,,,,,,,,,,,,,,,,,,,,,,,,,,,,,,,,,,,,,,,,,,,,,,,,,,,,,,,,,,,,,,,,,,,,,,,,,,,,,,,,,,,,,,,,,,,,,,,,
csv,72,0,99998280,99998310,99998313,100000029,99993590,99993593,99993611,99993617,99993640,99993654,99998262,99998265,99998268,,,,,,,,,,,,,,,,,,,,,,,,,,,,,,,,,,,,,,,,,,,,,,,,,,,,,,,,,,,,,,,,,,,,,,,,,,,,,,,,,,,,,,,,,,,,,,,,,,,,,,,,,,,,,,,,,,,,,,,,,,,,,,,,
bb_id,72,0,306,307,308,309,310,312,313,314,315,316,317,318,320,,,,,,,,,,,,,,,,,,,,,,,,,,,,,,,,,,,,,,,,,,,,,,,,,,,,,,,,,,,,,,,,,,,,,,,,,,,,,,,,,,,,,,,,,,,,,,,,,,,,,,,,,,,,,,,,,,,,,,,,,,,,,,,,
bbv,73,0,11133,11133,11133,1436234,11134,11134,11134,11134,11134,11134,1425046,11133,11133,,,,,,,,,,,,,,,,,,,,,,,,,,,,,,,,,,,,,,,,,,,,,,,,,,,,,,,,,,,,,,,,,,,,,,,,,,,,,,,,,,,,,,,,,,,,,,,,,,,,,,,,,,,,,,,,,,,,,,,,,,,,,,,,
csv,73,0,99994857,99994887,99994890,99999147,99999149,99999152,99999170,99999176,99999199,99999213,100000005,99994842,99994845,,,,,,,,,,,,,,,,,,,,,,,,,,,,,,,,,,,,,,,,,,,,,,,,,,,,,,,,,,,,,,,,,,,,,,,,,,,,,,,,,,,,,,,,,,,,,,,,,,,,,,,,,,,,,,,,,,,,,,,,,,,,,,,,
bb_id,73,0,306,307,308,309,310,312,313,314,315,316,317,318,320,,,,,,,,,,,,,,,,,,,,,,,,,,,,,,,,,,,,,,,,,,,,,,,,,,,,,,,,,,,,,,,,,,,,,,,,,,,,,,,,,,,,,,,,,,,,,,,,,,,,,,,,,,,,,,,,,,,,,,,,,,,,,,,,
bbv,74,0,11133,11133,11133,1436157,11133,11133,11133,11133,11133,11133,1425119,11133,11133,,,,,,,,,,,,,,,,,,,,,,,,,,,,,,,,,,,,,,,,,,,,,,,,,,,,,,,,,,,,,,,,,,,,,,,,,,,,,,,,,,,,,,,,,,,,,,,,,,,,,,,,,,,,,,,,,,,,,,,,,,,,,,,,
csv,74,0,99991458,99991488,99991491,99995748,99995750,99995753,99995771,99995777,99995800,99995814,100000026,99991443,99991446,,,,,,,,,,,,,,,,,,,,,,,,,,,,,,,,,,,,,,,,,,,,,,,,,,,,,,,,,,,,,,,,,,,,,,,,,,,,,,,,,,,,,,,,,,,,,,,,,,,,,,,,,,,,,,,,,,,,,,,,,,,,,,,,
bb_id,74,0,306,307,308,309,310,312,313,314,315,316,317,318,320,,,,,,,,,,,,,,,,,,,,,,,,,,,,,,,,,,,,,,,,,,,,,,,,,,,,,,,,,,,,,,,,,,,,,,,,,,,,,,,,,,,,,,,,,,,,,,,,,,,,,,,,,,,,,,,,,,,,,,,,,,,,,,,,
bbv,75,0,1,1,1,1,1,1,1,1,1369,1369,1369,176601,1369,1369,1369,1369,1369,1369,175243,1370,1370,1,1,1,1,1,1,1,1,258,258,258,66564,256,256,256,256,256,66048,65536,1,1,9512,9512,9512,1227048,9512,9512,9512,9512,9512,9512,1217496,9511,9511,,,,,,,,,,,,,,,,,,,,,,,,,,,,,,,,,,,,,,,,,,,,,,,,,,,,,,,,,,,,,,,,,,,,,,,,,,,,,,,,,,,,,,
csv,75,0,16866398,16866424,16866391,12296796,16866367,16866371,16866372,12296763,12287790,12287820,12287823,12292080,12292082,12292085,12292103,12292109,12292132,12292146,12296754,12296757,12296760,12296813,16866362,16866363,12296849,12296852,15264930,15264934,16866342,16860137,16860145,16866340,16866337,15253328,15253334,15258713,15258721,15264916,15264913,15258710,16866483,16866501,99992653,99992683,99992686,99996943,99996945,99996948,99996969,99996975,99997010,99997023,100000015,99992638,99992641,,,,,,,,,,,,,,,,,,,,,,,,,,,,,,,,,,,,,,,,,,,,,,,,,,,,,,,,,,,,,,,,,,,,,,,,,,,,,,,,,,,,,,
bb_id,75,0,37,142,157,189,191,193,195,305,306,307,308,309,310,312,313,314,315,316,317,318,320,323,325,327,328,329,330,331,332,333,334,335,336,337,338,339,340,341,342,343,354,355,357,358,359,360,361,363,364,365,366,367,368,369,371,,,,,,,,,,,,,,,,,,,,,,,,,,,,,,,,,,,,,,,,,,,,,,,,,,,,,,,,,,,,,,,,,,,,,,,,,,,,,,,,,,,,,,
bbv,76,0,11442,11442,11442,1476018,11441,11441,11441,11441,11441,11441,1464488,11442,11442,,,,,,,,,,,,,,,,,,,,,,,,,,,,,,,,,,,,,,,,,,,,,,,,,,,,,,,,,,,,,,,,,,,,,,,,,,,,,,,,,,,,,,,,,,,,,,,,,,,,,,,,,,,,,,,,,,,,,,,,,,,,,,,,
csv,76,0,99995718,99995748,99995751,100000008,99991270,99991273,99991294,99991300,99991335,99991348,99995700,99995703,99995706,,,,,,,,,,,,,,,,,,,,,,,,,,,,,,,,,,,,,,,,,,,,,,,,,,,,,,,,,,,,,,,,,,,,,,,,,,,,,,,,,,,,,,,,,,,,,,,,,,,,,,,,,,,,,,,,,,,,,,,,,,,,,,,,
bb_id,76,0,357,358,359,360,361,363,364,365,366,367,368,369,371,,,,,,,,,,,,,,,,,,,,,,,,,,,,,,,,,,,,,,,,,,,,,,,,,,,,,,,,,,,,,,,,,,,,,,,,,,,,,,,,,,,,,,,,,,,,,,,,,,,,,,,,,,,,,,,,,,,,,,,,,,,,,,,,
bbv,77,0,11442,11442,11442,1475925,11442,11442,11442,11442,11442,11442,1464576,11442,11442,,,,,,,,,,,,,,,,,,,,,,,,,,,,,,,,,,,,,,,,,,,,,,,,,,,,,,,,,,,,,,,,,,,,,,,,,,,,,,,,,,,,,,,,,,,,,,,,,,,,,,,,,,,,,,,,,,,,,,,,,,,,,,,,
csv,77,0,99998790,99998820,99998823,100000011,99994342,99994345,99994366,99994372,99994407,99994420,99998772,99998775,99998778,,,,,,,,,,,,,,,,,,,,,,,,,,,,,,,,,,,,,,,,,,,,,,,,,,,,,,,,,,,,,,,,,,,,,,,,,,,,,,,,,,,,,,,,,,,,,,,,,,,,,,,,,,,,,,,,,,,,,,,,,,,,,,,,
bb_id,77,0,357,358,359,360,361,363,364,365,366,367,368,369,371,,,,,,,,,,,,,,,,,,,,,,,,,,,,,,,,,,,,,,,,,,,,,,,,,,,,,,,,,,,,,,,,,,,,,,,,,,,,,,,,,,,,,,,,,,,,,,,,,,,,,,,,,,,,,,,,,,,,,,,,,,,,,,,,
bbv,78,0,11441,11441,11441,1475982,11442,11442,11442,11442,11442,11442,1464522,11441,11441,,,,,,,,,,,,,,,,,,,,,,,,,,,,,,,,,,,,,,,,,,,,,,,,,,,,,,,,,,,,,,,,,,,,,,,,,,,,,,,,,,,,,,,,,,,,,,,,,,,,,,,,,,,,,,,,,,,,,,,,,,,,,,,,
csv,78,0,99993119,99993149,99993152,99997409,99997411,99997414,99997435,99997441,99997476,99997489,100000005,99993104,99993107,,,,,,,,,,,,,,,,,,,,,,,,,,,,,,,,,,,,,,,,,,,,,,,,,,,,,,,,,,,,,,,,,,,,,,,,,,,,,,,,,,,,,,,,,,,,,,,,,,,,,,,,,,,,,,,,,,,,,,,,,,,,,,,,
bb_id,78,0,357,358,359,360,361,363,364,365,366,367,368,369,371,,,,,,,,,,,,,,,,,,,,,,,,,,,,,,,,,,,,,,,,,,,,,,,,,,,,,,,,,,,,,,,,,,,,,,,,,,,,,,,,,,,,,,,,,,,,,,,,,,,,,,,,,,,,,,,,,,,,,,,,,,,,,,,,
bbv,79,0,11442,11442,11442,1476004,11441,11441,11441,11441,11441,11441,1464502,11442,11442,,,,,,,,,,,,,,,,,,,,,,,,,,,,,,,,,,,,,,,,,,,,,,,,,,,,,,,,,,,,,,,,,,,,,,,,,,,,,,,,,,,,,,,,,,,,,,,,,,,,,,,,,,,,,,,,,,,,,,,,,,,,,,,,
csv,79,0,99996194,99996224,99996227,100000022,99991746,99991749,99991770,99991776,99991811,99991824,99996176,99996179,99996182,,,,,,,,,,,,,,,,,,,,,,,,,,,,,,,,,,,,,,,,,,,,,,,,,,,,,,,,,,,,,,,,,,,,,,,,,,,,,,,,,,,,,,,,,,,,,,,,,,,,,,,,,,,,,,,,,,,,,,,,,,,,,,,,
bb_id,79,0,357,358,359,360,361,363,364,365,366,367,368,369,371,,,,,,,,,,,,,,,,,,,,,,,,,,,,,,,,,,,,,,,,,,,,,,,,,,,,,,,,,,,,,,,,,,,,,,,,,,,,,,,,,,,,,,,,,,,,,,,,,,,,,,,,,,,,,,,,,,,,,,,,,,,,,,,,
bbv,80,0,1,1,1,1,1,1,1,1,1,1,1,1,1,1,1,1,1,1,1,1,258,258,258,66564,256,256,256,256,256,66048,65536,1,1,419,419,418,418,418,53504,53929,1,10257,10257,10257,1323167,10258,10258,10258,10258,10258,10258,1313024,10258,10258,,,,,,,,,,,,,,,,,,,,,,,,,,,,,,,,,,,,,,,,,,,,,,,,,,,,,,,,,,,,,,,,,,,,,,,,,,,,,,,,,,,,,,,
csv,80,0,94220724,94220728,94220731,94220710,94220714,89651127,94220698,94220702,94220703,94220749,94220751,94220786,89651144,94220693,94220694,89651180,89651183,92619261,92619265,94220673,94214468,94214476,94220671,94220668,92607659,92607665,92613044,92613052,92619247,92619244,92613041,94220841,94220844,99999712,99999742,99990822,99990859,99999694,99999691,100000008,89651083,89642352,89642382,89642385,89646642,89646644,89646647,89646668,89646674,89646709,89646722,89651074,89651077,89651080,,,,,,,,,,,,,,,,,,,,,,,,,,,,,,,,,,,,,,,,,,,,,,,,,,,,,,,,,,,,,,,,,,,,,,,,,,,,,,,,,,,,,,,
bb_id,80,0,33,34,35,40,42,144,146,148,150,151,152,178,323,325,327,328,329,330,331,332,333,334,335,336,337,338,339,340,341,342,343,344,345,347,348,349,350,351,352,353,356,357,358,359,360,361,363,364,365,366,367,368,369,371,,,,,,,,,,,,,,,,,,,,,,,,,,,,,,,,,,,,,,,,,,,,,,,,,,,,,,,,,,,,,,,,,,,,,,,,,,,,,,,,,,,,,,,
bbv,81,0,7233,7233,7233,7233,7233,925824,933157,,,,,,,,,,,,,,,,,,,,,,,,,,,,,,,,,,,,,,,,,,,,,,,,,,,,,,,,,,,,,,,,,,,,,,,,,,,,,,,,,,,,,,,,,,,,,,,,,,,,,,,,,,,,,,,,,,,,,,,,,,,,,,,,,,,,,,
csv,81,0,99995929,99995959,99987039,99987076,99995911,99995908,100000025,,,,,,,,,,,,,,,,,,,,,,,,,,,,,,,,,,,,,,,,,,,,,,,,,,,,,,,,,,,,,,,,,,,,,,,,,,,,,,,,,,,,,,,,,,,,,,,,,,,,,,,,,,,,,,,,,,,,,,,,,,,,,,,,,,,,,,
bb_id,81,0,347,348,349,350,351,352,353,,,,,,,,,,,,,,,,,,,,,,,,,,,,,,,,,,,,,,,,,,,,,,,,,,,,,,,,,,,,,,,,,,,,,,,,,,,,,,,,,,,,,,,,,,,,,,,,,,,,,,,,,,,,,,,,,,,,,,,,,,,,,,,,,,,,,,
bbv,82,0,7233,7233,7234,7234,7233,925867,933079,,,,,,,,,,,,,,,,,,,,,,,,,,,,,,,,,,,,,,,,,,,,,,,,,,,,,,,,,,,,,,,,,,,,,,,,,,,,,,,,,,,,,,,,,,,,,,,,,,,,,,,,,,,,,,,,,,,,,,,,,,,,,,,,,,,,,,
csv,82,0,99992129,99992159,99997064,99997101,99992111,100000068,99997061,,,,,,,,,,,,,,,,,,,,,,,,,,,,,,,,,,,,,,,,,,,,,,,,,,,,,,,,,,,,,,,,,,,,,,,,,,,,,,,,,,,,,,,,,,,,,,,,,,,,,,,,,,,,,,,,,,,,,,,,,,,,,,,,,,,,,,
bb_id,82,0,347,348,349,350,351,352,353,,,,,,,,,,,,,,,,,,,,,,,,,,,,,,,,,,,,,,,,,,,,,,,,,,,,,,,,,,,,,,,,,,,,,,,,,,,,,,,,,,,,,,,,,,,,,,,,,,,,,,,,,,,,,,,,,,,,,,,,,,,,,,,,,,,,,,
bbv,83,0,7,7,7,22888,22888,22888,621292,22888,22872,22888,45744,5,5,5,5,5,7,1,1,5,6,7,7,7,7,6,6,6,6,6,6,6,5,5,5,5,5,6,6,5,2745,2745,2745,62912,2744,2744,2744,2340,2340,2340,57456,2340,2744,2744,2744,2629,2629,59768,2629,2744,2744,2744,2629,2629,59768,2629,2744,2744,2744,2629,2629,59768,2629,2744,2744,3510,3510,3510,8134,6,6,6,5460,5460,5460,155256,5460,5460,5460,5456,5456,5456,149792,5456,4,5460,8,18,18,18,18,18,18,18,18,540,540,540,34848,504,504,504,504,504,33768,32760,6,6,7,6959,6959,6959,6959,6960,491549,498423,5,5,5,5456,5456,5456,155248,5456,5456,5456,5440,5440,5456,5456,299584
csv,83,0,87910929,87910931,93555534,93555201,93555221,93555224,93555512,93555514,93555516,93555531,93555528,63543888,77662924,77957615,77957619,77957620,55047195,55049815,55049823,87910896,55044807,55046289,55047162,55047166,55047167,77957643,87616108,87910799,87910803,87910804,93555582,93555591,63543851,63543854,63543857,63543861,63543862,93555637,93555656,63543822,99999572,99999592,99999595,100000003,99995238,99995241,99995264,99995290,99995314,99995318,99996310,99996312,99996314,99996345,99996360,99996385,99996389,99997381,99997383,99997385,99997416,99997431,99997456,99997460,99998452,99998454,99998456,99998487,99998502,99998527,99998531,99999523,99999525,99999527,99999557,99999554,99998483,99997412,99996341,77957694,77957704,87616075,87613726,87613756,87613759,87614848,87614850,87614853,87614871,87614877,87614900,87614914,87616066,87616069,55048752,87616072,55048826,87616125,87910794,87910795,87616161,87616164,87805234,87805238,87910774,87909177,87909185,87910772,87910769,87802272,87802278,87803625,87803633,87805220,87805217,87803622,55044862,55044865,55046240,55045912,55045942,55046059,55046096,55046237,55046234,55046056,63543947,63543965,77662880,77659442,77659472,77659475,77660564,77660566,77660569,77660590,77660596,77660631,77660634,77662877,77662874
bb_id,83,0,105,106,107,108,109,110,111,112,113,114,115,142,144,146,148,150,153,154,155,156,178,180,182,184,186,187,189,191,193,195,196,198,199,201,203,205,207,208,209,210,211,212,213,214,215,217,218,219,220,221,222,223,224,225,226,227,228,229,230,231,232,233,234,235,236,237,238,239,240,241,242,243,244,245,246,247,248,249,250,303,304,305,306,307,308,309,310,312,313,314,315,316,317,318,319,320,321,323,325,327,328,329,330,331,332,333,334,335,336,337,338,339,340,341,342,343,344,345,346,347,348,349,350,351,352,353,354,355,356,357,358,359,360,361,363,364,365,366,370,371,372
bbv,84,0,1,1,1,1,1,1,1,2973,2973,2973,98125,2974,2974,2974,2974,2974,2974,95168,2974,2974,2974,2974,2974,2974,95168,2974,2974,2974,2974,2974,2974,95168,2974,2974,2974,2974,2974,2974,95168,2974,2974,2974,2974,2974,2974,2974,1,1,12559,12559,12559,816335,12559,12559,12559,12559,12559,12559,12558,1607435,,,,,,,,,,,,,,,,,,,,,,,,,,,,,,,,,,,,,,,,,,,,,,,,,,,,,,,,,,,,,,,,,,,,,,,,,,,,,,,,,
csv,84,0,15318697,15318660,15318663,15318666,15318670,15318671,15318631,15313492,15313512,15313515,15314307,15314309,15314312,15314335,15314361,15314385,15314389,15315381,15315383,15315385,15315416,15315431,15315456,15315460,15316452,15316454,15316456,15316487,15316502,15316527,15316531,15317523,15317525,15317527,15317558,15317573,15317598,15317602,15318594,15318596,15318598,15318628,15318625,15317554,15316483,15315412,15318756,15318774,99997380,99997410,99997413,99999558,99999560,99999563,99999584,99999590,99999625,99999628,99997368,100000013,,,,,,,,,,,,,,,,,,,,,,,,,,,,,,,,,,,,,,,,,,,,,,,,,,,,,,,,,,,,,,,,,,,,,,,,,,,,,,,,,
bb_id,84,0,142,199,201,203,205,207,210,211,212,213,214,215,217,218,219,220,221,222,223,224,225,226,227,228,229,230,231,232,233,234,235,236,237,238,239,240,241,242,243,244,245,246,247,248,249,250,354,355,357,358,359,360,361,363,364,365,366,370,371,372,,,,,,,,,,,,,,,,,,,,,,,,,,,,,,,,,,,,,,,,,,,,,,,,,,,,,,,,,,,,,,,,,,,,,,,,,,,,,,,,,
bbv,85,0,1,1,1,1,1,1,1,15999,15999,15999,1039935,15999,15999,15999,15999,15999,15999,1023880,15998,15998,1,1,1,1,1,1,1,1,130,130,130,16900,128,128,128,128,128,16640,16384,1,3825,3825,3825,248625,3825,3825,3825,3825,3825,3825,3826,489717,,,,,,,,,,,,,,,,,,,,,,,,,,,,,,,,,,,,,,,,,,,,,,,,,,,,,,,,,,,,,,,,,,,,,,,,,,,,,,,,,,,,,,,,,
csv,85,0,25796120,26950523,26950527,26950528,26950551,26950602,26950612,99997492,99997522,99997525,99999670,99999672,99999675,99999693,99999699,99999722,99999736,100000024,99997477,99997480,25796137,26950518,26950519,25796173,25796176,26542942,26542946,26950498,26947365,26947373,26950496,26950493,26537100,26537106,26539797,26539805,26542928,26542925,26539794,25796076,25789342,25789372,25789375,25791520,25791522,25791525,25791546,25791552,25791587,25791590,25796073,25796070,,,,,,,,,,,,,,,,,,,,,,,,,,,,,,,,,,,,,,,,,,,,,,,,,,,,,,,,,,,,,,,,,,,,,,,,,,,,,,,,,,,,,,,,,
bb_id,85,0,144,146,148,150,187,303,304,306,307,308,309,310,312,313,314,315,316,317,318,320,323,325,327,328,329,330,331,332,333,334,335,336,337,338,339,340,341,342,343,356,357,358,359,360,361,363,364,365,366,370,371,372,,,,,,,,,,,,,,,,,,,,,,,,,,,,,,,,,,,,,,,,,,,,,,,,,,,,,,,,,,,,,,,,,,,,,,,,,,,,,,,,,,,,,,,,,
bbv,86,0,1,1,1,1,1,1,1,1,1,9820,9820,9820,638300,9820,9820,9820,9820,9820,9820,628480,9820,9820,9820,9820,9820,9820,628456,9819,9819,9819,9819,9819,9819,628416,9819,9819,9819,9819,9819,9819,628416,9819,9819,9819,9819,9819,9819,9820,1,385,385,385,25025,385,385,385,385,385,385,24696,386,386,1,1,1,1,1,1,1,1,130,130,130,16900,128,128,128,128,128,16640,16384,,,,,,,,,,,,,,,,,,,,,,,,,,,,,,,,,,,,,,,,,,,,,,,,,,,,,,,,,,,,
csv,86,0,2914468,1759968,2914371,2914375,2914376,2914516,2914525,2914571,2914590,99995058,99995078,99995081,99996641,99996643,99996646,99996669,99996695,99996719,99996723,99998707,99998709,99998711,99998742,99998757,99998782,99998786,100000026,99990885,99990887,99990918,99990933,99990958,99990962,99992946,99992948,99992950,99992981,99992996,99993021,99993025,99995009,99995011,99995013,99995043,99995040,99992977,99990914,99998738,1759935,1755378,1755408,1755411,1757556,1757558,1757561,1757579,1757585,1757608,1757622,1759926,1759929,1759932,1759985,2914366,2914367,1760021,1760024,2506790,2506794,2914346,2911213,2911221,2914344,2914341,2500948,2500954,2503645,2503653,2506776,2506773,2503642,,,,,,,,,,,,,,,,,,,,,,,,,,,,,,,,,,,,,,,,,,,,,,,,,,,,,,,,,,,,
bb_id,86,0,156,189,191,193,195,196,198,208,209,211,212,213,214,215,217,218,219,220,221,222,223,224,225,226,227,228,229,230,231,232,233,234,235,236,237,238,239,240,241,242,243,244,245,246,247,248,249,250,305,306,307,308,309,310,312,313,314,315,316,317,318,320,323,325,327,328,329,330,331,332,333,334,335,336,337,338,339,340,341,342,343,,,,,,,,,,,,,,,,,,,,,,,,,,,,,,,,,,,,,,,,,,,,,,,,,,,,,,,,,,,,
bbv,87,0,1,1,1,1,1,1,1,6821,6821,6821,443365,6821,6821,6821,6821,6821,6821,436544,6821,6821,6821,6821,6821,6821,436568,6822,6822,6822,6822,6822,6822,436608,6822,6822,6822,6822,6822,6822,436608,6822,6822,6822,6822,6822,6822,6821,1,1,3725,3725,3725,480525,3725,3725,3725,3725,3725,3725,476778,3724,3724,,,,,,,,,,,,,,,,,,,,,,,,,,,,,,,,,,,,,,,,,,,,,,,,,,,,,,,,,,,,,,,,,,,,,,,,,,,,,,,,
csv,87,0,67444200,67444163,67444166,67444169,67444173,67444174,67444134,67434259,67434279,67434282,67435842,67435844,67435847,67435870,67435896,67435920,67435924,67437908,67437910,67437912,67437943,67437958,67437983,67437987,67439971,67439973,67439975,67440006,67440021,67440046,67440050,67442034,67442036,67442038,67442069,67442084,67442109,67442113,67444097,67444099,67444101,67444131,67444128,67442065,67440002,67437939,67444259,67444277,99992049,99992079,99992082,99996339,99996341,99996344,99996365,99996371,99996406,99996419,100000023,99992034,99992037,,,,,,,,,,,,,,,,,,,,,,,,,,,,,,,,,,,,,,,,,,,,,,,,,,,,,,,,,,,,,,,,,,,,,,,,,,,,,,,,
bb_id,87,0,142,199,201,203,205,207,210,211,212,213,214,215,217,218,219,220,221,222,223,224,225,226,227,228,229,230,231,232,233,234,235,236,237,238,239,240,241,242,243,244,245,246,247,248,249,250,354,355,357,358,359,360,361,363,364,365,366,367,368,369,371,,,,,,,,,,,,,,,,,,,,,,,,,,,,,,,,,,,,,,,,,,,,,,,,,,,,,,,,,,,,,,,,,,,,,,,,,,,,,,,,
bbv,88,0,11442,11442,11442,1476018,11442,11442,11442,11442,11442,11442,1464486,11442,11442,,,,,,,,,,,,,,,,,,,,,,,,,,,,,,,,,,,,,,,,,,,,,,,,,,,,,,,,,,,,,,,,,,,,,,,,,,,,,,,,,,,,,,,,,,,,,,,,,,,,,,,,,,,,,,,,,,,,,,,,,,,,,,,,
csv,88,0,99995106,99995136,99995139,99999396,99999398,99999401,99999422,99999428,99999463,99999476,100000020,99995091,99995094,,,,,,,,,,,,,,,,,,,,,,,,,,,,,,,,,,,,,,,,,,,,,,,,,,,,,,,,,,,,,,,,,,,,,,,,,,,,,,,,,,,,,,,,,,,,,,,,,,,,,,,,,,,,,,,,,,,,,,,,,,,,,,,,
bb_id,88,0,357,358,359,360,361,363,364,365,366,367,368,369,371,,,,,,,,,,,,,,,,,,,,,,,,,,,,,,,,,,,,,,,,,,,,,,,,,,,,,,,,,,,,,,,,,,,,,,,,,,,,,,,,,,,,,,,,,,,,,,,,,,,,,,,,,,,,,,,,,,,,,,,,,,,,,,,,
bbv,89,0,11442,11442,11442,1475944,11441,11441,11441,11441,11441,11441,1464560,11442,11442,,,,,,,,,,,,,,,,,,,,,,,,,,,,,,,,,,,,,,,,,,,,,,,,,,,,,,,,,,,,,,,,,,,,,,,,,,,,,,,,,,,,,,,,,,,,,,,,,,,,,,,,,,,,,,,,,,,,,,,,,,,,,,,,
csv,89,0,99998166,99998196,99998199,100000014,99993718,99993721,99993742,99993748,99993783,99993796,99998148,99998151,99998154,,,,,,,,,,,,,,,,,,,,,,,,,,,,,,,,,,,,,,,,,,,,,,,,,,,,,,,,,,,,,,,,,,,,,,,,,,,,,,,,,,,,,,,,,,,,,,,,,,,,,,,,,,,,,,,,,,,,,,,,,,,,,,,,
bb_id,89,0,357,358,359,360,361,363,364,365,366,367,368,369,371,,,,,,,,,,,,,,,,,,,,,,,,,,,,,,,,,,,,,,,,,,,,,,,,,,,,,,,,,,,,,,,,,,,,,,,,,,,,,,,,,,,,,,,,,,,,,,,,,,,,,,,,,,,,,,,,,,,,,,,,,,,,,,,,
bbv,90,0,11441,11441,11441,1475963,11442,11442,11442,11442,11442,11442,1464541,11441,11441,,,,,,,,,,,,,,,,,,,,,,,,,,,,,,,,,,,,,,,,,,,,,,,,,,,,,,,,,,,,,,,,,,,,,,,,,,,,,,,,,,,,,,,,,,,,,,,,,,,,,,,,,,,,,,,,,,,,,,,,,,,,,,,,
csv,90,0,99992492,99992522,99992525,99996782,99996784,99996787,99996808,99996814,99996849,99996862,100000024,99992477,99992480,,,,,,,,,,,,,,,,,,,,,,,,,,,,,,,,,,,,,,,,,,,,,,,,,,,,,,,,,,,,,,,,,,,,,,,,,,,,,,,,,,,,,,,,,,,,,,,,,,,,,,,,,,,,,,,,,,,,,,,,,,,,,,,,
bb_id,90,0,357,358,359,360,361,363,364,365,366,367,368,369,371,,,,,,,,,,,,,,,,,,,,,,,,,,,,,,,,,,,,,,,,,,,,,,,,,,,,,,,,,,,,,,,,,,,,,,,,,,,,,,,,,,,,,,,,,,,,,,,,,,,,,,,,,,,,,,,,,,,,,,,,,,,,,,,,
bbv,91,0,11442,11442,11442,1476018,11442,11442,11442,11442,11442,11442,1464486,11442,11442,,,,,,,,,,,,,,,,,,,,,,,,,,,,,,,,,,,,,,,,,,,,,,,,,,,,,,,,,,,,,,,,,,,,,,,,,,,,,,,,,,,,,,,,,,,,,,,,,,,,,,,,,,,,,,,,,,,,,,,,,,,,,,,,
csv,91,0,99995548,99995578,99995581,99999838,99999840,99999843,99999864,99999870,99999905,99999918,100000020,99995533,99995536,,,,,,,,,,,,,,,,,,,,,,,,,,,,,,,,,,,,,,,,,,,,,,,,,,,,,,,,,,,,,,,,,,,,,,,,,,,,,,,,,,,,,,,,,,,,,,,,,,,,,,,,,,,,,,,,,,,,,,,,,,,,,,,,
bb_id,91,0,357,358,359,360,361,363,364,365,366,367,368,369,371,,,,,,,,,,,,,,,,,,,,,,,,,,,,,,,,,,,,,,,,,,,,,,,,,,,,,,,,,,,,,,,,,,,,,,,,,,,,,,,,,,,,,,,,,,,,,,,,,,,,,,,,,,,,,,,,,,,,,,,,,,,,,,,,
bbv,92,0,11442,11442,11442,1475931,11441,11441,11441,11441,11441,11441,1464573,11442,11442,,,,,,,,,,,,,,,,,,,,,,,,,,,,,,,,,,,,,,,,,,,,,,,,,,,,,,,,,,,,,,,,,,,,,,,,,,,,,,,,,,,,,,,,,,,,,,,,,,,,,,,,,,,,,,,,,,,,,,,,,,,,,,,,
csv,92,0,99998608,99998638,99998641,100000027,99994160,99994163,99994184,99994190,99994225,99994238,99998590,99998593,99998596,,,,,,,,,,,,,,,,,,,,,,,,,,,,,,,,,,,,,,,,,,,,,,,,,,,,,,,,,,,,,,,,,,,,,,,,,,,,,,,,,,,,,,,,,,,,,,,,,,,,,,,,,,,,,,,,,,,,,,,,,,,,,,,,
bb_id,92,0,357,358,359,360,361,363,364,365,366,367,368,369,371,,,,,,,,,,,,,,,,,,,,,,,,,,,,,,,,,,,,,,,,,,,,,,,,,,,,,,,,,,,,,,,,,,,,,,,,,,,,,,,,,,,,,,,,,,,,,,,,,,,,,,,,,,,,,,,,,,,,,,,,,,,,,,,,
bbv,93,0,1,1,1,1,1,1,1,6146,6146,6146,792834,6146,6146,6146,6146,6146,6146,786637,6145,6145,1,1,1,1,1,1,1,1,258,258,258,66564,256,256,256,256,256,66048,65536,1,4602,4602,4602,593745,4603,4603,4603,4603,4603,4603,589184,4603,4603,,,,,,,,,,,,,,,,,,,,,,,,,,,,,,,,,,,,,,,,,,,,,,,,,,,,,,,,,,,,,,,,,,,,,,,,,,,,,,,,,,,,,,,,
csv,93,0,40228836,44798407,44798411,44798412,44798435,44798486,44798496,99992898,99992928,99992931,99997188,99997190,99997193,99997211,99997217,99997240,99997254,100000026,99992883,99992886,40228853,44798402,44798403,40228889,40228892,43196970,43196974,44798382,44792177,44792185,44798380,44798377,43185368,43185374,43190753,43190761,43196956,43196953,43190750,40228792,40220061,40220091,40220094,40224351,40224353,40224356,40224377,40224383,40224418,40224431,40228783,40228786,40228789,,,,,,,,,,,,,,,,,,,,,,,,,,,,,,,,,,,,,,,,,,,,,,,,,,,,,,,,,,,,,,,,,,,,,,,,,,,,,,,,,,,,,,,,
bb_id,93,0,144,146,148,150,187,303,304,306,307,308,309,310,312,313,314,315,316,317,318,320,323,325,327,328,329,330,331,332,333,334,335,336,337,338,339,340,341,342,343,356,357,358,359,360,361,363,364,365,366,367,368,369,371,,,,,,,,,,,,,,,,,,,,,,,,,,,,,,,,,,,,,,,,,,,,,,,,,,,,,,,,,,,,,,,,,,,,,,,,,,,,,,,,,,,,,,,,
bbv,94,0,11134,11134,11134,1436203,11133,11133,11133,11133,11133,11133,1425075,11134,11134,,,,,,,,,,,,,,,,,,,,,,,,,,,,,,,,,,,,,,,,,,,,,,,,,,,,,,,,,,,,,,,,,,,,,,,,,,,,,,,,,,,,,,,,,,,,,,,,,,,,,,,,,,,,,,,,,,,,,,,,,,,,,,,,
csv,94,0,99998460,99998490,99998493,100000011,99993770,99993773,99993791,99993797,99993820,99993834,99998442,99998445,99998448,,,,,,,,,,,,,,,,,,,,,,,,,,,,,,,,,,,,,,,,,,,,,,,,,,,,,,,,,,,,,,,,,,,,,,,,,,,,,,,,,,,,,,,,,,,,,,,,,,,,,,,,,,,,,,,,,,,,,,,,,,,,,,,,
bb_id,94,0,306,307,308,309,310,312,313,314,315,316,317,318,320,,,,,,,,,,,,,,,,,,,,,,,,,,,,,,,,,,,,,,,,,,,,,,,,,,,,,,,,,,,,,,,,,,,,,,,,,,,,,,,,,,,,,,,,,,,,,,,,,,,,,,,,,,,,,,,,,,,,,,,,,,,,,,,,
bbv,95,0,11133,11133,11133,1436240,11134,11134,11134,11134,11134,11134,1425041,11133,11133,,,,,,,,,,,,,,,,,,,,,,,,,,,,,,,,,,,,,,,,,,,,,,,,,,,,,,,,,,,,,,,,,,,,,,,,,,,,,,,,,,,,,,,,,,,,,,,,,,,,,,,,,,,,,,,,,,,,,,,,,,,,,,,,
csv,95,0,99995055,99995085,99995088,99999345,99999347,99999350,99999368,99999374,99999397,99999411,100000023,99995040,99995043,,,,,,,,,,,,,,,,,,,,,,,,,,,,,,,,,,,,,,,,,,,,,,,,,,,,,,,,,,,,,,,,,,,,,,,,,,,,,,,,,,,,,,,,,,,,,,,,,,,,,,,,,,,,,,,,,,,,,,,,,,,,,,,,
bb_id,95,0,306,307,308,309,310,312,313,314,315,316,317,318,320,,,,,,,,,,,,,,,,,,,,,,,,,,,,,,,,,,,,,,,,,,,,,,,,,,,,,,,,,,,,,,,,,,,,,,,,,,,,,,,,,,,,,,,,,,,,,,,,,,,,,,,,,,,,,,,,,,,,,,,,,,,,,,,,
bbv,96,0,11133,11133,11133,1436157,11133,11133,11133,11133,11133,11133,1425119,11133,11133,,,,,,,,,,,,,,,,,,,,,,,,,,,,,,,,,,,,,,,,,,,,,,,,,,,,,,,,,,,,,,,,,,,,,,,,,,,,,,,,,,,,,,,,,,,,,,,,,,,,,,,,,,,,,,,,,,,,,,,,,,,,,,,,
csv,96,0,99991638,99991668,99991671,99995928,99995930,99995933,99995951,99995957,99995980,99995994,100000026,99991623,99991626,,,,,,,,,,,,,,,,,,,,,,,,,,,,,,,,,,,,,,,,,,,,,,,,,,,,,,,,,,,,,,,,,,,,,,,,,,,,,,,,,,,,,,,,,,,,,,,,,,,,,,,,,,,,,,,,,,,,,,,,,,,,,,,,
bb_id,96,0,306,307,308,309,310,312,313,314,315,316,317,318,320,,,,,,,,,,,,,,,,,,,,,,,,,,,,,,,,,,,,,,,,,,,,,,,,,,,,,,,,,,,,,,,,,,,,,,,,,,,,,,,,,,,,,,,,,,,,,,,,,,,,,,,,,,,,,,,,,,,,,,,,,,,,,,,,
bbv,97,0,11134,11134,11134,1436241,11133,11133,11133,11133,11133,11133,1425040,11134,11134,,,,,,,,,,,,,,,,,,,,,,,,,,,,,,,,,,,,,,,,,,,,,,,,,,,,,,,,,,,,,,,,,,,,,,,,,,,,,,,,,,,,,,,,,,,,,,,,,,,,,,,,,,,,,,,,,,,,,,,,,,,,,,,,
csv,97,0,99997200,99997230,99997233,100000005,99992510,99992513,99992531,99992537,99992560,99992574,99997182,99997185,99997188,,,,,,,,,,,,,,,,,,,,,,,,,,,,,,,,,,,,,,,,,,,,,,,,,,,,,,,,,,,,,,,,,,,,,,,,,,,,,,,,,,,,,,,,,,,,,,,,,,,,,,,,,,,,,,,,,,,,,,,,,,,,,,,,
bb_id,97,0,306,307,308,309,310,312,313,314,315,316,317,318,320,,,,,,,,,,,,,,,,,,,,,,,,,,,,,,,,,,,,,,,,,,,,,,,,,,,,,,,,,,,,,,,,,,,,,,,,,,,,,,,,,,,,,,,,,,,,,,,,,,,,,,,,,,,,,,,,,,,,,,,,,,,,,,,,
bbv,98,0,11133,11133,11133,1436202,11134,11134,11134,11134,11134,11134,1425076,11133,11133,,,,,,,,,,,,,,,,,,,,,,,,,,,,,,,,,,,,,,,,,,,,,,,,,,,,,,,,,,,,,,,,,,,,,,,,,,,,,,,,,,,,,,,,,,,,,,,,,,,,,,,,,,,,,,,,,,,,,,,,,,,,,,,,
csv,98,0,99993801,99993831,99993834,99998091,99998093,99998096,99998114,99998120,99998143,99998157,100000029,99993786,99993789,,,,,,,,,,,,,,,,,,,,,,,,,,,,,,,,,,,,,,,,,,,,,,,,,,,,,,,,,,,,,,,,,,,,,,,,,,,,,,,,,,,,,,,,,,,,,,,,,,,,,,,,,,,,,,,,,,,,,,,,,,,,,,,,
bb_id,98,0,306,307,308,309,310,312,313,314,315,316,317,318,320,,,,,,,,,,,,,,,,,,,,,,,,,,,,,,,,,,,,,,,,,,,,,,,,,,,,,,,,,,,,,,,,,,,,,,,,,,,,,,,,,,,,,,,,,,,,,,,,,,,,,,,,,,,,,,,,,,,,,,,,,,,,,,,,
bbv,99,0,1,1,1,1,1,1,1,1,3723,3723,3723,480267,3723,3723,3723,3723,3723,3723,476620,3724,3724,1,1,1,1,1,1,1,1,258,258,258,66564,256,256,256,256,256,66048,65536,1,1,7093,7093,7093,914972,7092,7092,7092,7092,7092,7092,907776,7092,7092,,,,,,,,,,,,,,,,,,,,,,,,,,,,,,,,,,,,,,,,,,,,,,,,,,,,,,,,,,,,,,,,,,,,,,,,,,,,,,,,,,,,,,
csv,99,0,38012366,38012392,38012359,33442764,38012335,38012339,38012340,33442731,33433758,33433788,33433791,33438048,33438050,33438053,33438071,33438077,33438100,33438114,33442722,33442725,33442728,33442781,38012330,38012331,33442817,33442820,36410898,36410902,38012310,38006105,38006113,38012308,38012305,36399296,36399302,36404681,36404689,36410884,36410881,36404678,38012451,38012469,99996561,99996591,99996594,100000026,99992113,99992116,99992137,99992143,99992178,99992191,99996543,99996546,99996549,,,,,,,,,,,,,,,,,,,,,,,,,,,,,,,,,,,,,,,,,,,,,,,,,,,,,,,,,,,,,,,,,,,,,,,,,,,,,,,,,,,,,,
bb_id,99,0,37,142,157,189,191,193,195,305,306,307,308,309,310,312,313,314,315,316,317,318,320,323,325,327,328,329,330,331,332,333,334,335,336,337,338,339,340,341,342,343,354,355,357,358,359,360,361,363,364,365,366,367,368,369,371,,,,,,,,,,,,,,,,,,,,,,,,,,,,,,,,,,,,,,,,,,,,,,,,,,,,,,,,,,,,,,,,,,,,,,,,,,,,,,,,,,,,,,
bbv,100,0,11442,11442,11442,1475925,11442,11442,11442,11442,11442,11442,1464576,11442,11442,,,,,,,,,,,,,,,,,,,,,,,,,,,,,,,,,,,,,,,,,,,,,,,,,,,,,,,,,,,,,,,,,,,,,,,,,,,,,,,,,,,,,,,,,,,,,,,,,,,,,,,,,,,,,,,,,,,,,,,,,,,,,,,,
csv,100,0,99999615,99999645,99999648,100000011,99995167,99995170,99995191,99995197,99995232,99995245,99999597,99999600,99999603,,,,,,,,,,,,,,,,,,,,,,,,,,,,,,,,,,,,,,,,,,,,,,,,,,,,,,,,,,,,,,,,,,,,,,,,,,,,,,,,,,,,,,,,,,,,,,,,,,,,,,,,,,,,,,,,,,,,,,,,,,,,,,,,
bb_id,100,0,357,358,359,360,361,363,364,365,366,367,368,369,371,,,,,,,,,,,,,,,,,,,,,,,,,,,,,,,,,,,,,,,,,,,,,,,,,,,,,,,,,,,,,,,,,,,,,,,,,,,,,,,,,,,,,,,,,,,,,,,,,,,,,,,,,,,,,,,,,,,,,,,,,,,,,,,,
bbv,101,0,11441,11441,11441,1476007,11442,11442,11442,11442,11442,11442,1464498,11441,11441,,,,,,,,,,,,,,,,,,,,,,,,,,,,,,,,,,,,,,,,,,,,,,,,,,,,,,,,,,,,,,,,,,,,,,,,,,,,,,,,,,,,,,,,,,,,,,,,,,,,,,,,,,,,,,,,,,,,,,,,,,,,,,,,
csv,101,0,99993944,99993974,99993977,99998234,99998236,99998239,99998260,99998266,99998301,99998314,100000014,99993929,99993932,,,,,,,,,,,,,,,,,,,,,,,,,,,,,,,,,,,,,,,,,,,,,,,,,,,,,,,,,,,,,,,,,,,,,,,,,,,,,,,,,,,,,,,,,,,,,,,,,,,,,,,,,,,,,,,,,,,,,,,,,,,,,,,,
bb_id,101,0,357,358,359,360,361,363,364,365,366,367,368,369,371,,,,,,,,,,,,,,,,,,,,,,,,,,,,,,,,,,,,,,,,,,,,,,,,,,,,,,,,,,,,,,,,,,,,,,,,,,,,,,,,,,,,,,,,,,,,,,,,,,,,,,,,,,,,,,,,,,,,,,,,,,,,,,,,
bbv,102,0,11442,11442,11442,1475979,11441,11441,11441,11441,11441,11441,1464526,11442,11442,,,,,,,,,,,,,,,,,,,,,,,,,,,,,,,,,,,,,,,,,,,,,,,,,,,,,,,,,,,,,,,,,,,,,,,,,,,,,,,,,,,,,,,,,,,,,,,,,,,,,,,,,,,,,,,,,,,,,,,,,,,,,,,,
csv,102,0,99997010,99997040,99997043,100000013,99992562,99992565,99992586,99992592,99992627,99992640,99996992,99996995,99996998,,,,,,,,,,,,,,,,,,,,,,,,,,,,,,,,,,,,,,,,,,,,,,,,,,,,,,,,,,,,,,,,,,,,,,,,,,,,,,,,,,,,,,,,,,,,,,,,,,,,,,,,,,,,,,,,,,,,,,,,,,,,,,,,
bb_id,102,0,357,358,359,360,361,363,364,365,366,367,368,369,371,,,,,,,,,,,,,,,,,,,,,,,,,,,,,,,,,,,,,,,,,,,,,,,,,,,,,,,,,,,,,,,,,,,,,,,,,,,,,,,,,,,,,,,,,,,,,,,,,,,,,,,,,,,,,,,,,,,,,,,,,,,,,,,,
bbv,103,0,11441,11441,11441,1475928,11442,11442,11442,11442,11442,11442,1464575,11441,11441,,,,,,,,,,,,,,,,,,,,,,,,,,,,,,,,,,,,,,,,,,,,,,,,,,,,,,,,,,,,,,,,,,,,,,,,,,,,,,,,,,,,,,,,,,,,,,,,,,,,,,,,,,,,,,,,,,,,,,,,,,,,,,,,
csv,103,0,99991337,99991367,99991370,99995627,99995629,99995632,99995653,99995659,99995694,99995707,100000025,99991322,99991325,,,,,,,,,,,,,,,,,,,,,,,,,,,,,,,,,,,,,,,,,,,,,,,,,,,,,,,,,,,,,,,,,,,,,,,,,,,,,,,,,,,,,,,,,,,,,,,,,,,,,,,,,,,,,,,,,,,,,,,,,,,,,,,,
bb_id,103,0,357,358,359,360,361,363,364,365,366,367,368,369,371,,,,,,,,,,,,,,,,,,,,,,,,,,,,,,,,,,,,,,,,,,,,,,,,,,,,,,,,,,,,,,,,,,,,,,,,,,,,,,,,,,,,,,,,,,,,,,,,,,,,,,,,,,,,,,,,,,,,,,,,,,,,,,,,
bbv,104,0,11442,11442,11442,1476018,11442,11442,11442,11442,11442,11442,1464486,11442,11442,,,,,,,,,,,,,,,,,,,,,,,,,,,,,,,,,,,,,,,,,,,,,,,,,,,,,,,,,,,,,,,,,,,,,,,,,,,,,,,,,,,,,,,,,,,,,,,,,,,,,,,,,,,,,,,,,,,,,,,,,,,,,,,,
csv,104,0,99994392,99994422,99994425,99998682,99998684,99998687,99998708,99998714,99998749,99998762,100000020,99994377,99994380,,,,,,,,,,,,,,,,,,,,,,,,,,,,,,,,,,,,,,,,,,,,,,,,,,,,,,,,,,,,,,,,,,,,,,,,,,,,,,,,,,,,,,,,,,,,,,,,,,,,,,,,,,,,,,,,,,,,,,,,,,,,,,,,
bb_id,104,0,357,358,359,360,361,363,364,365,366,367,368,369,371,,,,,,,,,,,,,,,,,,,,,,,,,,,,,,,,,,,,,,,,,,,,,,,,,,,,,,,,,,,,,,,,,,,,,,,,,,,,,,,,,,,,,,,,,,,,,,,,,,,,,,,,,,,,,,,,,,,,,,,,,,,,,,,,
bbv,105,0,1,1,1,1,1,1,1,1,1,1,1,1,1,1,1,258,258,258,66564,256,256,256,256,256,66048,65536,1,1235,1235,1235,159315,1235,1235,1235,1235,1235,1235,158171,1236,1236,1,1,21887,21887,21886,5602824,,,,,,,,,,,,,,,,,,,,,,,,,,,,,,,,,,,,,,,,,,,,,,,,,,,,,,,,,,,,,,,,,,,,,,,,,,,,,,,,,,,,,,,,,,,,,,,
csv,105,0,15366630,15366634,15366652,10797047,15366618,15366622,15366623,10797064,15366613,15366614,10797100,10797103,13765181,13765185,15366593,15360388,15360396,15366591,15366588,13753579,13753585,13758964,13758972,13765167,13765164,13758961,10797003,10788272,10788302,10788305,10792562,10792564,10792567,10792588,10792594,10792629,10792642,10796994,10796997,10797000,15366700,15366706,99999872,99999890,99999868,100000010,,,,,,,,,,,,,,,,,,,,,,,,,,,,,,,,,,,,,,,,,,,,,,,,,,,,,,,,,,,,,,,,,,,,,,,,,,,,,,,,,,,,,,,,,,,,,,,
bb_id,105,0,40,42,137,144,146,148,150,323,325,327,328,329,330,331,332,333,334,335,336,337,338,339,340,341,342,343,356,357,358,359,360,361,363,364,365,366,367,368,369,371,374,375,379,380,381,382,,,,,,,,,,,,,,,,,,,,,,,,,,,,,,,,,,,,,,,,,,,,,,,,,,,,,,,,,,,,,,,,,,,,,,,,,,,,,,,,,,,,,,,,,,,,,,,
bbv,106,0,25859,25859,25859,6620121,,,,,,,,,,,,,,,,,,,,,,,,,,,,,,,,,,,,,,,,,,,,,,,,,,,,,,,,,,,,,,,,,,,,,,,,,,,,,,,,,,,,,,,,,,,,,,,,,,,,,,,,,,,,,,,,,,,,,,,,,,,,,,,,,,,,,,,,,
csv,106,0,99996615,99996633,99996611,100000008,,,,,,,,,,,,,,,,,,,,,,,,,,,,,,,,,,,,,,,,,,,,,,,,,,,,,,,,,,,,,,,,,,,,,,,,,,,,,,,,,,,,,,,,,,,,,,,,,,,,,,,,,,,,,,,,,,,,,,,,,,,,,,,,,,,,,,,,,
bb_id,106,0,379,380,381,382,,,,,,,,,,,,,,,,,,,,,,,,,,,,,,,,,,,,,,,,,,,,,,,,,,,,,,,,,,,,,,,,,,,,,,,,,,,,,,,,,,,,,,,,,,,,,,,,,,,,,,,,,,,,,,,,,,,,,,,,,,,,,,,,,,,,,,,,,
bbv,107,0,1,1,1,1,1,17790,17790,17791,4554271,,,,,,,,,,,,,,,,,,,,,,,,,,,,,,,,,,,,,,,,,,,,,,,,,,,,,,,,,,,,,,,,,,,,,,,,,,,,,,,,,,,,,,,,,,,,,,,,,,,,,,,,,,,,,,,,,,,,,,,,,,,,,,,,,,,,
csv,107,0,68794458,68794459,68794408,68794418,68794420,68790537,68790555,68794400,68794395,,,,,,,,,,,,,,,,,,,,,,,,,,,,,,,,,,,,,,,,,,,,,,,,,,,,,,,,,,,,,,,,,,,,,,,,,,,,,,,,,,,,,,,,,,,,,,,,,,,,,,,,,,,,,,,,,,,,,,,,,,,,,,,,,,,,
bb_id,107,0,139,141,376,377,378,379,380,381,382,,,,,,,,,,,,,,,,,,,,,,,,,,,,,,,,,,,,,,,,,,,,,,,,,,,,,,,,,,,,,,,,,,,,,,,,,,,,,,,,,,,,,,,,,,,,,,,,,,,,,,,,,,,,,,,,,,,,,,,,,,,,,,,,,,,,
