type,region,thread,data1,data2,data3,data4,data5,data6,data7,data8,data9,data10,data11,data12,data13,data14,data15,data16,data17,data18,data19,data20,data21,data22,data23,data24,data25,data26,data27,data28,data29,data30,data31,data32,data33,data34,data35,data36,data37,data38,data39,data40,data41,data42,data43,data44,data45,data46,data47,data48,data49,data50,data51,data52,data53,data54,data55
bbv,0,0,1,6,5,5,1,1025,1024,1024,1,1,1,3845634,3845634,3845633,3845633,1,1,,,,,,,,,,,,,,,,,,,,,,,,,,,,,,,,,,,,,,
csv,0,0,41,139,132,136,198,13513,13506,13510,13523,13525,13530,99999992,100000009,99999984,99999988,7,10,,,,,,,,,,,,,,,,,,,,,,,,,,,,,,,,,,,,,,
bb_id,0,0,89,90,91,92,111,112,113,114,115,117,118,119,120,121,122,196,197,,,,,,,,,,,,,,,,,,,,,,,,,,,,,,,,,,,,,,
bbv,1,0,3846154,3846154,3846154,3846154,,,,,,,,,,,,,,,,,,,,,,,,,,,,,,,,,,,,,,,,,,,,,,,,,,,
csv,1,0,99999987,100000004,99999979,99999983,,,,,,,,,,,,,,,,,,,,,,,,,,,,,,,,,,,,,,,,,,,,,,,,,,,
bb_id,1,0,119,120,121,122,,,,,,,,,,,,,,,,,,,,,,,,,,,,,,,,,,,,,,,,,,,,,,,,,,,
bbv,2,0,696821,696820,696821,696821,1,1,1,1,1024,1023,1023,1023,2046,1023,1023,1023,1023,1,1,1,2556979,2556978,2556978,2556978,,,,,,,,,,,,,,,,,,,,,,,,,,,,,,,
csv,2,0,18117329,18117320,18117321,18117325,18117330,18117341,18117345,18117347,18176684,18176639,18176643,18176646,18176676,18176668,18176672,18176677,18176681,18176694,18176696,18176701,100000001,99999992,99999993,99999997,,,,,,,,,,,,,,,,,,,,,,,,,,,,,,,
bb_id,2,0,119,120,121,122,123,124,125,128,129,130,131,134,135,136,137,138,139,140,142,143,144,145,146,147,,,,,,,,,,,,,,,,,,,,,,,,,,,,,,,
bbv,3,0,3125000,3125001,3125000,3125000,,,,,,,,,,,,,,,,,,,,,,,,,,,,,,,,,,,,,,,,,,,,,,,,,,,
csv,3,0,100000000,100000023,99999992,99999996,,,,,,,,,,,,,,,,,,,,,,,,,,,,,,,,,,,,,,,,,,,,,,,,,,,
bb_id,3,0,144,145,146,147,,,,,,,,,,,,,,,,,,,,,,,,,,,,,,,,,,,,,,,,,,,,,,,,,,,
bbv,4,0,2706630,2706629,2706630,2706630,1,1,1,1,1,258,258,132354,132096,132096,258,257,1,258,359915,359658,359658,257,131584,131327,131327,257,257,257,,,,,,,,,,,,,,,,,,,,,,,,,,,
csv,4,0,86612137,86612128,86612129,86612133,86612138,86612149,86612157,86612162,86612165,99879953,99879968,99887140,99887132,99887136,99887143,99887150,86619360,99887155,99999987,99999999,100000003,99868697,99879943,99879935,99879939,99879944,99879945,99879949,,,,,,,,,,,,,,,,,,,,,,,,,,,
bb_id,4,0,144,145,146,147,148,149,159,160,161,162,163,164,165,166,167,168,169,170,171,172,173,174,175,176,177,178,179,180,,,,,,,,,,,,,,,,,,,,,,,,,,,
bbv,5,0,261,261,133893,133632,133632,261,261,261,3965980,3965719,3965718,261,133632,133371,133371,261,261,261,,,,,,,,,,,,,,,,,,,,,,,,,,,,,,,,,,,,,
csv,5,0,99935860,99935875,99943047,99943039,99943043,99943050,99943057,99943062,99999998,100000010,99999990,99924604,99935850,99935842,99935846,99935851,99935852,99935856,,,,,,,,,,,,,,,,,,,,,,,,,,,,,,,,,,,,,
bb_id,5,0,162,163,164,165,166,167,168,170,171,172,173,174,175,176,177,178,179,180,,,,,,,,,,,,,,,,,,,,,,,,,,,,,,,,,,,,,
bbv,6,0,305,305,156465,156160,156160,305,305,305,3932147,3931842,3931843,305,156160,155855,155855,305,305,305,,,,,,,,,,,,,,,,,,,,,,,,,,,,,,,,,,,,,
csv,6,0,99957184,99957199,99964371,99964363,99964367,99964374,99964381,99964386,99999986,99999998,100000002,99945928,99957174,99957166,99957170,99957175,99957176,99957180,,,,,,,,,,,,,,,,,,,,,,,,,,,,,,,,,,,,,
bb_id,6,0,162,163,164,165,166,167,168,170,171,172,173,174,175,176,177,178,179,180,,,,,,,,,,,,,,,,,,,,,,,,,,,,,,,,,,,,,
bbv,7,0,1,6,5,5,1,6,5,5,5,3,2,5,5,5,5,5,5,1,1,1,1025,1024,1024,1,1,1,3581769,3581768,3581768,3581768,1,201,200,102600,102400,102400,200,200,200,131590,131389,131389,201,102912,102711,102711,201,201,201,1,1,1,1,1,1
csv,7,0,6860543,6860641,6860634,6860638,6860228,6860496,6860451,6860454,6860470,6860370,6860476,6860480,6860484,6860487,6860488,6860489,6860493,6860499,6860500,6860700,6874015,6874008,6874012,6874025,6874027,6874032,100000004,99999995,99999996,100000000,6860219,6860212,6841725,6848897,6848889,6848893,6848900,6848907,6848912,6848944,6848932,6848936,6848956,6860202,6860194,6860198,6860203,6860204,6860208,6860213,6860214,6860223,6860512,6860505,6860509
bb_id,7,0,89,90,91,92,93,94,95,96,97,98,99,100,102,103,105,106,107,108,110,111,112,113,114,115,117,118,119,120,121,122,160,162,163,164,165,166,167,168,170,171,172,173,174,175,176,177,178,179,180,181,182,183,197,198,199
bbv,8,0,3846154,3846154,3846154,3846154,,,,,,,,,,,,,,,,,,,,,,,,,,,,,,,,,,,,,,,,,,,,,,,,,,,
csv,8,0,100000004,99999995,99999996,100000000,,,,,,,,,,,,,,,,,,,,,,,,,,,,,,,,,,,,,,,,,,,,,,,,,,,
bb_id,8,0,119,120,121,122,,,,,,,,,,,,,,,,,,,,,,,,,,,,,,,,,,,,,,,,,,,,,,,,,,,
bbv,9,0,960686,960686,960686,960686,1,1,1,1,1024,1023,1023,1023,2046,1023,1023,1023,1023,1,1,1,2342588,2342588,2342587,2342587,,,,,,,,,,,,,,,,,,,,,,,,,,,,,,,
csv,9,0,24977836,24977827,24977828,24977832,24977837,24977848,24977852,24977854,25037191,25037146,25037150,25037153,25037183,25037175,25037179,25037184,25037188,25037201,25037203,25037208,99999996,100000019,99999988,99999992,,,,,,,,,,,,,,,,,,,,,,,,,,,,,,,
bb_id,9,0,119,120,121,122,123,124,125,128,129,130,131,134,135,136,137,138,139,140,142,143,144,145,146,147,,,,,,,,,,,,,,,,,,,,,,,,,,,,,,,
bbv,10,0,3125000,3125000,3125001,3125000,,,,,,,,,,,,,,,,,,,,,,,,,,,,,,,,,,,,,,,,,,,,,,,,,,,
csv,10,0,99999977,100000000,100000001,99999973,,,,,,,,,,,,,,,,,,,,,,,,,,,,,,,,,,,,,,,,,,,,,,,,,,,
bb_id,10,0,144,145,146,147,,,,,,,,,,,,,,,,,,,,,,,,,,,,,,,,,,,,,,,,,,,,,,,,,,,
bbv,11,0,2921021,2921020,2921020,2921021,1,1,1,1,1,197,197,101061,100864,100864,197,196,1,197,120965,120768,120768,196,100352,100156,100156,196,196,196,,,,,,,,,,,,,,,,,,,,,,,,,,,
csv,11,0,93472648,93472639,93472640,93472644,93472649,93472660,93472668,93472673,93472676,99975226,99975241,99982413,99982405,99982409,99982416,99982423,93479871,99982428,100000004,99999992,99999996,99963970,99975216,99975208,99975212,99975217,99975218,99975222,,,,,,,,,,,,,,,,,,,,,,,,,,,
bb_id,11,0,144,145,146,147,148,149,159,160,161,162,163,164,165,166,167,168,169,170,171,172,173,174,175,176,177,178,179,180,,,,,,,,,,,,,,,,,,,,,,,,,,,
bbv,12,0,309,309,158517,158208,158208,309,309,309,3929071,3928763,3928762,309,158208,157899,157899,309,309,309,,,,,,,,,,,,,,,,,,,,,,,,,,,,,,,,,,,,,
csv,12,0,99748316,99748331,99755503,99755495,99755499,99755506,99755513,99755518,99999990,100000002,99999982,99737060,99748306,99748298,99748302,99748307,99748308,99748312,,,,,,,,,,,,,,,,,,,,,,,,,,,,,,,,,,,,,
bb_id,12,0,162,163,164,165,166,167,168,170,171,172,173,174,175,176,177,178,179,180,,,,,,,,,,,,,,,,,,,,,,,,,,,,,,,,,,,,,
bbv,13,0,259,259,132867,132608,132608,259,259,259,3967518,3967258,3967259,259,132608,132349,132349,259,259,259,,,,,,,,,,,,,,,,,,,,,,,,,,,,,,,,,,,,,
csv,13,0,99986076,99986091,99993263,99993255,99993259,99993266,99993273,99993278,100000006,99999994,99999998,99974820,99986066,99986058,99986062,99986067,99986068,99986072,,,,,,,,,,,,,,,,,,,,,,,,,,,,,,,,,,,,,
bb_id,13,0,162,163,164,165,166,167,168,170,171,172,173,174,175,176,177,178,179,180,,,,,,,,,,,,,,,,,,,,,,,,,,,,,,,,,,,,,
bbv,14,0,1,6,5,5,1,6,5,5,5,3,2,5,5,5,5,5,5,1,1,1,1025,1024,1024,1,1,1,3317903,3317902,3317902,3317902,1,260,259,132867,132608,132608,259,259,259,372078,371819,371819,260,133120,132860,132860,260,260,260,1,1,1,1,1,1
csv,14,0,13721057,13721155,13721148,13721152,13720742,13721010,13720965,13720968,13720984,13720884,13720990,13720994,13720998,13721001,13721002,13721003,13721007,13721013,13721014,13721214,13734529,13734522,13734526,13734539,13734541,13734546,100000002,99999993,99999994,99999998,13720733,13720726,13702215,13709387,13709379,13709383,13709390,13709397,13709402,13709458,13709446,13709450,13709470,13720716,13720708,13720712,13720717,13720718,13720722,13720727,13720728,13720737,13721026,13721019,13721023
bb_id,14,0,89,90,91,92,93,94,95,96,97,98,99,100,102,103,105,106,107,108,110,111,112,113,114,115,117,118,119,120,121,122,160,162,163,164,165,166,167,168,170,171,172,173,174,175,176,177,178,179,180,181,182,183,197,198,199
bbv,15,0,3846154,3846154,3846154,3846154,,,,,,,,,,,,,,,,,,,,,,,,,,,,,,,,,,,,,,,,,,,,,,,,,,,
csv,15,0,100000004,99999995,99999996,100000000,,,,,,,,,,,,,,,,,,,,,,,,,,,,,,,,,,,,,,,,,,,,,,,,,,,
bb_id,15,0,119,120,121,122,,,,,,,,,,,,,,,,,,,,,,,,,,,,,,,,,,,,,,,,,,,,,,,,,,,
bbv,16,0,1224552,1224552,1224552,1224552,1,1,1,1,1024,1023,1023,1023,2046,1023,1023,1023,1023,1,1,1,2128197,2128197,2128196,2128196,,,,,,,,,,,,,,,,,,,,,,,,,,,,,,,
csv,16,0,31838352,31838343,31838344,31838348,31838353,31838364,31838368,31838370,31897707,31897662,31897666,31897669,31897699,31897691,31897695,31897700,31897704,31897717,31897719,31897724,100000000,100000023,99999992,99999996,,,,,,,,,,,,,,,,,,,,,,,,,,,,,,,
bb_id,16,0,119,120,121,122,123,124,125,128,129,130,131,134,135,136,137,138,139,140,142,143,144,145,146,147,,,,,,,,,,,,,,,,,,,,,,,,,,,,,,,
bbv,17,0,3125000,3125000,3125001,3125000,,,,,,,,,,,,,,,,,,,,,,,,,,,,,,,,,,,,,,,,,,,,,,,,,,,
csv,17,0,99999977,100000000,100000001,99999973,,,,,,,,,,,,,,,,,,,,,,,,,,,,,,,,,,,,,,,,,,,,,,,,,,,
bb_id,17,0,144,145,146,147,,,,,,,,,,,,,,,,,,,,,,,,,,,,,,,,,,,,,,,,,,,,,,,,,,,
bbv,18,0,3125000,3125000,3125000,3125001,,,,,,,,,,,,,,,,,,,,,,,,,,,,,,,,,,,,,,,,,,,,,,,,,,,
csv,18,0,99999976,99999999,100000000,100000004,,,,,,,,,,,,,,,,,,,,,,,,,,,,,,,,,,,,,,,,,,,,,,,,,,,
bb_id,18,0,144,145,146,147,,,,,,,,,,,,,,,,,,,,,,,,,,,,,,,,,,,,,,,,,,,,,,,,,,,
bbv,19,0,10412,10411,10411,10411,1,1,1,1,1,493,493,252909,252416,252416,493,492,1,493,3774178,3773685,3773685,492,251904,251412,251412,492,492,492,,,,,,,,,,,,,,,,,,,,,,,,,,,
csv,19,0,333156,333147,333148,333152,333157,333168,333176,333181,333184,99597494,99597509,99604681,99604673,99604677,99604684,99604691,340379,99604696,100000008,99999996,100000000,99586238,99597484,99597476,99597480,99597485,99597486,99597490,,,,,,,,,,,,,,,,,,,,,,,,,,,
bb_id,19,0,144,145,146,147,148,149,159,160,161,162,163,164,165,166,167,168,169,170,171,172,173,174,175,176,177,178,179,180,,,,,,,,,,,,,,,,,,,,,,,,,,,
bbv,20,0,235,235,120555,120320,120320,235,235,235,3985971,3985737,3985736,235,120320,120085,120085,235,235,235,,,,,,,,,,,,,,,,,,,,,,,,,,,,,,,,,,,,,
csv,20,0,99904896,99904911,99912083,99912075,99912079,99912086,99912093,99912098,99999994,100000006,99999986,99893640,99904886,99904878,99904882,99904887,99904888,99904892,,,,,,,,,,,,,,,,,,,,,,,,,,,,,,,,,,,,,
bb_id,20,0,162,163,164,165,166,167,168,170,171,172,173,174,175,176,177,178,179,180,,,,,,,,,,,,,,,,,,,,,,,,,,,,,,,,,,,,,
bbv,21,0,1,6,5,5,1,6,5,5,5,3,2,5,5,5,5,5,5,1,1,1,1025,1024,1024,1,1,1,3054037,3054037,3054036,3054036,1,297,296,151848,151552,151552,296,296,296,629483,629186,629187,297,152064,151767,151767,297,297,297,1,1,1,1,1,1
csv,21,0,20581563,20581661,20581654,20581658,20581248,20581516,20581471,20581474,20581490,20581390,20581496,20581500,20581504,20581507,20581508,20581509,20581513,20581519,20581520,20581720,20595035,20595028,20595032,20595045,20595047,20595052,99999992,100000009,99999984,99999988,20581239,20581232,20562697,20569869,20569861,20569865,20569872,20569879,20569884,20569964,20569952,20569956,20569976,20581222,20581214,20581218,20581223,20581224,20581228,20581233,20581234,20581243,20581532,20581525,20581529
bb_id,21,0,89,90,91,92,93,94,95,96,97,98,99,100,102,103,105,106,107,108,110,111,112,113,114,115,117,118,119,120,121,122,160,162,163,164,165,166,167,168,170,171,172,173,174,175,176,177,178,179,180,181,182,183,197,198,199
bbv,22,0,3846154,3846154,3846154,3846154,,,,,,,,,,,,,,,,,,,,,,,,,,,,,,,,,,,,,,,,,,,,,,,,,,,
csv,22,0,99999987,100000004,99999979,99999983,,,,,,,,,,,,,,,,,,,,,,,,,,,,,,,,,,,,,,,,,,,,,,,,,,,
bb_id,22,0,119,120,121,122,,,,,,,,,,,,,,,,,,,,,,,,,,,,,,,,,,,,,,,,,,,,,,,,,,,
bbv,23,0,1488418,1488417,1488418,1488418,1,1,1,1,1024,1023,1023,1023,2046,1023,1023,1023,1023,1,1,1,1913806,1913806,1913805,1913805,,,,,,,,,,,,,,,,,,,,,,,,,,,,,,,
csv,23,0,38698851,38698842,38698843,38698847,38698852,38698863,38698867,38698869,38758206,38758161,38758165,38758168,38758198,38758190,38758194,38758199,38758203,38758216,38758218,38758223,99999987,100000010,99999979,99999983,,,,,,,,,,,,,,,,,,,,,,,,,,,,,,,
bb_id,23,0,119,120,121,122,123,124,125,128,129,130,131,134,135,136,137,138,139,140,142,143,144,145,146,147,,,,,,,,,,,,,,,,,,,,,,,,,,,,,,,
bbv,24,0,3125000,3125000,3125001,3125000,,,,,,,,,,,,,,,,,,,,,,,,,,,,,,,,,,,,,,,,,,,,,,,,,,,
csv,24,0,99999977,100000000,100000001,99999973,,,,,,,,,,,,,,,,,,,,,,,,,,,,,,,,,,,,,,,,,,,,,,,,,,,
bb_id,24,0,144,145,146,147,,,,,,,,,,,,,,,,,,,,,,,,,,,,,,,,,,,,,,,,,,,,,,,,,,,
bbv,25,0,3125000,3125000,3125000,3125001,,,,,,,,,,,,,,,,,,,,,,,,,,,,,,,,,,,,,,,,,,,,,,,,,,,
csv,25,0,99999976,99999999,100000000,100000004,,,,,,,,,,,,,,,,,,,,,,,,,,,,,,,,,,,,,,,,,,,,,,,,,,,
bb_id,25,0,144,145,146,147,,,,,,,,,,,,,,,,,,,,,,,,,,,,,,,,,,,,,,,,,,,,,,,,,,,
bbv,26,0,224803,224802,224802,224802,1,1,1,1,1,480,480,246240,245760,245760,480,479,1,480,3498319,3497839,3497839,479,245248,244769,244769,479,479,479,,,,,,,,,,,,,,,,,,,,,,,,,,,
csv,26,0,7193668,7193659,7193660,7193664,7193669,7193680,7193688,7193693,7193696,99489272,99489287,99496459,99496451,99496455,99496462,99496469,7200891,99496474,100000002,99999990,99999994,99478016,99489262,99489254,99489258,99489263,99489264,99489268,,,,,,,,,,,,,,,,,,,,,,,,,,,
bb_id,26,0,144,145,146,147,148,149,159,160,161,162,163,164,165,166,167,168,169,170,171,172,173,174,175,176,177,178,179,180,,,,,,,,,,,,,,,,,,,,,,,,,,,
bbv,27,0,220,220,112860,112640,112640,220,220,220,3997505,3997286,3997285,220,112640,112420,112420,220,220,220,,,,,,,,,,,,,,,,,,,,,,,,,,,,,,,,,,,,,
csv,27,0,99803694,99803709,99810881,99810873,99810877,99810884,99810891,99810896,100000000,100000012,99999992,99792438,99803684,99803676,99803680,99803685,99803686,99803690,,,,,,,,,,,,,,,,,,,,,,,,,,,,,,,,,,,,,
bb_id,27,0,162,163,164,165,166,167,168,170,171,172,173,174,175,176,177,178,179,180,,,,,,,,,,,,,,,,,,,,,,,,,,,,,,,,,,,,,
bbv,28,0,1,6,5,5,1,6,5,5,5,3,2,5,5,5,5,5,5,1,1,1,1025,1024,1024,1,1,1,2790171,2790171,2790170,2790170,1,325,324,166212,165888,165888,324,324,324,893808,893483,893484,325,166400,166075,166075,325,325,325,1,1,1,1,1,1
csv,28,0,27442075,27442173,27442166,27442170,27441760,27442028,27441983,27441986,27442002,27441902,27442008,27442012,27442016,27442019,27442020,27442021,27442025,27442031,27442032,27442232,27455547,27455540,27455544,27455557,27455559,27455564,99999988,100000005,99999980,99999984,27441751,27441744,27423185,27430357,27430349,27430353,27430360,27430367,27430372,27430476,27430464,27430468,27430488,27441734,27441726,27441730,27441735,27441736,27441740,27441745,27441746,27441755,27442044,27442037,27442041
bb_id,28,0,89,90,91,92,93,94,95,96,97,98,99,100,102,103,105,106,107,108,110,111,112,113,114,115,117,118,119,120,121,122,160,162,163,164,165,166,167,168,170,171,172,173,174,175,176,177,178,179,180,181,182,183,197,198,199
bbv,29,0,3846154,3846154,3846154,3846154,,,,,,,,,,,,,,,,,,,,,,,,,,,,,,,,,,,,,,,,,,,,,,,,,,,
csv,29,0,99999987,100000004,99999979,99999983,,,,,,,,,,,,,,,,,,,,,,,,,,,,,,,,,,,,,,,,,,,,,,,,,,,
bb_id,29,0,119,120,121,122,,,,,,,,,,,,,,,,,,,,,,,,,,,,,,,,,,,,,,,,,,,,,,,,,,,
bbv,30,0,1752284,1752283,1752284,1752284,1,1,1,1,1024,1023,1023,1023,2046,1023,1023,1023,1023,1,1,1,1699415,1699415,1699414,1699414,,,,,,,,,,,,,,,,,,,,,,,,,,,,,,,
csv,30,0,45559367,45559358,45559359,45559363,45559368,45559379,45559383,45559385,45618722,45618677,45618681,45618684,45618714,45618706,45618710,45618715,45618719,45618732,45618734,45618739,99999991,100000014,99999983,99999987,,,,,,,,,,,,,,,,,,,,,,,,,,,,,,,
bb_id,30,0,119,120,121,122,123,124,125,128,129,130,131,134,135,136,137,138,139,140,142,143,144,145,146,147,,,,,,,,,,,,,,,,,,,,,,,,,,,,,,,
bbv,31,0,3125000,3125000,3125001,3125000,,,,,,,,,,,,,,,,,,,,,,,,,,,,,,,,,,,,,,,,,,,,,,,,,,,
csv,31,0,99999977,100000000,100000001,99999973,,,,,,,,,,,,,,,,,,,,,,,,,,,,,,,,,,,,,,,,,,,,,,,,,,,
bb_id,31,0,144,145,146,147,,,,,,,,,,,,,,,,,,,,,,,,,,,,,,,,,,,,,,,,,,,,,,,,,,,
bbv,32,0,3125000,3125000,3125000,3125001,,,,,,,,,,,,,,,,,,,,,,,,,,,,,,,,,,,,,,,,,,,,,,,,,,,
csv,32,0,99999976,99999999,100000000,100000004,,,,,,,,,,,,,,,,,,,,,,,,,,,,,,,,,,,,,,,,,,,,,,,,,,,
bb_id,32,0,144,145,146,147,,,,,,,,,,,,,,,,,,,,,,,,,,,,,,,,,,,,,,,,,,,,,,,,,,,
bbv,33,0,439194,439193,439193,439193,1,1,1,1,1,467,467,239571,239104,239104,467,466,1,467,3222460,3221994,3221993,466,238592,238126,238126,466,466,466,,,,,,,,,,,,,,,,,,,,,,,,,,,
csv,33,0,14054180,14054171,14054172,14054176,14054181,14054192,14054200,14054205,14054208,99551330,99551345,99558517,99558509,99558513,99558520,99558527,14061403,99558532,99999996,100000008,99999988,99540074,99551320,99551312,99551316,99551321,99551322,99551326,,,,,,,,,,,,,,,,,,,,,,,,,,,
bb_id,33,0,144,145,146,147,148,149,159,160,161,162,163,164,165,166,167,168,169,170,171,172,173,174,175,176,177,178,179,180,,,,,,,,,,,,,,,,,,,,,,,,,,,
bbv,34,0,210,210,107730,107520,107520,210,210,210,4005195,4004984,4004985,210,107520,107310,107310,210,210,210,,,,,,,,,,,,,,,,,,,,,,,,,,,,,,,,,,,,,
csv,34,0,99770390,99770405,99777577,99777569,99777573,99777580,99777587,99777592,100000008,99999996,100000000,99759134,99770380,99770372,99770376,99770381,99770382,99770386,,,,,,,,,,,,,,,,,,,,,,,,,,,,,,,,,,,,,
bb_id,34,0,162,163,164,165,166,167,168,170,171,172,173,174,175,176,177,178,179,180,,,,,,,,,,,,,,,,,,,,,,,,,,,,,,,,,,,,,
bbv,35,0,1,6,5,5,1,6,5,5,5,3,2,5,5,5,5,5,5,1,1,1,1025,1024,1024,1,1,1,2526305,2526305,2526305,2526305,1,348,347,178011,177664,177664,347,347,347,1161977,1161630,1161630,348,178176,177828,177828,348,348,348,1,1,1,1,1,1
csv,35,0,34302585,34302683,34302676,34302680,34302270,34302538,34302493,34302496,34302512,34302412,34302518,34302522,34302526,34302529,34302530,34302531,34302535,34302541,34302542,34302742,34316057,34316050,34316054,34316067,34316069,34316074,99999982,99999999,100000000,100000004,34302261,34302254,34283671,34290843,34290835,34290839,34290846,34290853,34290858,34290986,34290974,34290978,34290998,34302244,34302236,34302240,34302245,34302246,34302250,34302255,34302256,34302265,34302554,34302547,34302551
bb_id,35,0,89,90,91,92,93,94,95,96,97,98,99,100,102,103,105,106,107,108,110,111,112,113,114,115,117,118,119,120,121,122,160,162,163,164,165,166,167,168,170,171,172,173,174,175,176,177,178,179,180,181,182,183,197,198,199
bbv,36,0,3846154,3846154,3846154,3846154,,,,,,,,,,,,,,,,,,,,,,,,,,,,,,,,,,,,,,,,,,,,,,,,,,,
csv,36,0,99999982,99999999,100000000,100000004,,,,,,,,,,,,,,,,,,,,,,,,,,,,,,,,,,,,,,,,,,,,,,,,,,,
bb_id,36,0,119,120,121,122,,,,,,,,,,,,,,,,,,,,,,,,,,,,,,,,,,,,,,,,,,,,,,,,,,,
bbv,37,0,2016150,2016149,2016149,2016149,1,1,1,1,1024,1023,1023,1023,2046,1023,1023,1023,1023,1,1,1,1485024,1485024,1485023,1485023,,,,,,,,,,,,,,,,,,,,,,,,,,,,,,,
csv,37,0,52419878,52419869,52419870,52419874,52419879,52419890,52419894,52419896,52479233,52479188,52479192,52479195,52479225,52479217,52479221,52479226,52479230,52479243,52479245,52479250,99999990,100000013,99999982,99999986,,,,,,,,,,,,,,,,,,,,,,,,,,,,,,,
bb_id,37,0,119,120,121,122,123,124,125,128,129,130,131,134,135,136,137,138,139,140,142,143,144,145,146,147,,,,,,,,,,,,,,,,,,,,,,,,,,,,,,,
bbv,38,0,3125000,3125000,3125001,3125000,,,,,,,,,,,,,,,,,,,,,,,,,,,,,,,,,,,,,,,,,,,,,,,,,,,
csv,38,0,99999977,100000000,100000001,99999973,,,,,,,,,,,,,,,,,,,,,,,,,,,,,,,,,,,,,,,,,,,,,,,,,,,
bb_id,38,0,144,145,146,147,,,,,,,,,,,,,,,,,,,,,,,,,,,,,,,,,,,,,,,,,,,,,,,,,,,
bbv,39,0,3125000,3125000,3125000,3125001,,,,,,,,,,,,,,,,,,,,,,,,,,,,,,,,,,,,,,,,,,,,,,,,,,,
csv,39,0,99999976,99999999,100000000,100000004,,,,,,,,,,,,,,,,,,,,,,,,,,,,,,,,,,,,,,,,,,,,,,,,,,,
bb_id,39,0,144,145,146,147,,,,,,,,,,,,,,,,,,,,,,,,,,,,,,,,,,,,,,,,,,,,,,,,,,,
bbv,40,0,653585,653584,653584,653584,1,1,1,1,1,454,454,232902,232448,232448,454,453,1,454,2946601,2946148,2946147,453,231936,231483,231483,453,453,453,,,,,,,,,,,,,,,,,,,,,,,,,,,
csv,40,0,20914692,20914683,20914684,20914688,20914693,20914704,20914712,20914717,20914720,99744524,99744539,99751711,99751703,99751707,99751714,99751721,20921915,99751726,99999990,100000002,99999982,99733268,99744514,99744506,99744510,99744515,99744516,99744520,,,,,,,,,,,,,,,,,,,,,,,,,,,
bb_id,40,0,144,145,146,147,148,149,159,160,161,162,163,164,165,166,167,168,169,170,171,172,173,174,175,176,177,178,179,180,,,,,,,,,,,,,,,,,,,,,,,,,,,
bbv,41,0,203,203,104139,103936,103936,203,203,203,4010577,4010374,4010374,203,103936,103733,103733,203,203,203,,,,,,,,,,,,,,,,,,,,,,,,,,,,,,,,,,,,,
csv,41,0,99752236,99752251,99759423,99759415,99759419,99759426,99759433,99759438,99999998,100000010,99999990,99740980,99752226,99752218,99752222,99752227,99752228,99752232,,,,,,,,,,,,,,,,,,,,,,,,,,,,,,,,,,,,,
bb_id,41,0,162,163,164,165,166,167,168,170,171,172,173,174,175,176,177,178,179,180,,,,,,,,,,,,,,,,,,,,,,,,,,,,,,,,,,,,,
bbv,42,0,1,6,5,5,1,6,5,5,5,3,2,5,5,5,5,5,5,1,1,1,1025,1024,1024,1,1,1,2262439,2262439,2262439,2262439,1,368,367,188271,187904,187904,367,367,367,1432454,1432086,1432087,368,188416,188048,188048,368,368,368,1,1,1,1,1,1
csv,42,0,41163101,41163199,41163192,41163196,41162786,41163054,41163009,41163012,41163028,41162928,41163034,41163038,41163042,41163045,41163046,41163047,41163051,41163057,41163058,41163258,41176573,41176566,41176570,41176583,41176585,41176590,99999982,99999999,100000000,100000004,41162777,41162770,41144163,41151335,41151327,41151331,41151338,41151345,41151350,41151502,41151490,41151494,41151514,41162760,41162752,41162756,41162761,41162762,41162766,41162771,41162772,41162781,41163070,41163063,41163067
bb_id,42,0,89,90,91,92,93,94,95,96,97,98,99,100,102,103,105,106,107,108,110,111,112,113,114,115,117,118,119,120,121,122,160,162,163,164,165,166,167,168,170,171,172,173,174,175,176,177,178,179,180,181,182,183,197,198,199
bbv,43,0,3846154,3846154,3846154,3846154,,,,,,,,,,,,,,,,,,,,,,,,,,,,,,,,,,,,,,,,,,,,,,,,,,,
csv,43,0,99999982,99999999,100000000,100000004,,,,,,,,,,,,,,,,,,,,,,,,,,,,,,,,,,,,,,,,,,,,,,,,,,,
bb_id,43,0,119,120,121,122,,,,,,,,,,,,,,,,,,,,,,,,,,,,,,,,,,,,,,,,,,,,,,,,,,,
bbv,44,0,2280016,2280015,2280015,2280015,1,1,1,1,1024,1023,1023,1023,2046,1023,1023,1023,1023,1,1,1,1270633,1270633,1270632,1270632,,,,,,,,,,,,,,,,,,,,,,,,,,,,,,,
csv,44,0,59280394,59280385,59280386,59280390,59280395,59280406,59280410,59280412,59339749,59339704,59339708,59339711,59339741,59339733,59339737,59339742,59339746,59339759,59339761,59339766,99999994,100000017,99999986,99999990,,,,,,,,,,,,,,,,,,,,,,,,,,,,,,,
bb_id,44,0,119,120,121,122,123,124,125,128,129,130,131,134,135,136,137,138,139,140,142,143,144,145,146,147,,,,,,,,,,,,,,,,,,,,,,,,,,,,,,,
bbv,45,0,3125000,3125000,3125001,3125000,,,,,,,,,,,,,,,,,,,,,,,,,,,,,,,,,,,,,,,,,,,,,,,,,,,
csv,45,0,99999977,100000000,100000001,99999973,,,,,,,,,,,,,,,,,,,,,,,,,,,,,,,,,,,,,,,,,,,,,,,,,,,
bb_id,45,0,144,145,146,147,,,,,,,,,,,,,,,,,,,,,,,,,,,,,,,,,,,,,,,,,,,,,,,,,,,
bbv,46,0,3125000,3125000,3125000,3125001,,,,,,,,,,,,,,,,,,,,,,,,,,,,,,,,,,,,,,,,,,,,,,,,,,,
csv,46,0,99999976,99999999,100000000,100000004,,,,,,,,,,,,,,,,,,,,,,,,,,,,,,,,,,,,,,,,,,,,,,,,,,,
bb_id,46,0,144,145,146,147,,,,,,,,,,,,,,,,,,,,,,,,,,,,,,,,,,,,,,,,,,,,,,,,,,,
bbv,47,0,867976,867975,867975,867975,1,1,1,1,1,440,440,225720,225280,225280,440,439,1,440,2671511,2671072,2671072,439,224768,224329,224329,439,439,439,,,,,,,,,,,,,,,,,,,,,,,,,,,
csv,47,0,27775204,27775195,27775196,27775200,27775205,27775216,27775224,27775229,27775232,99679624,99679639,99686811,99686803,99686807,99686814,99686821,27782427,99686826,99999986,99999998,100000002,99668368,99679614,99679606,99679610,99679615,99679616,99679620,,,,,,,,,,,,,,,,,,,,,,,,,,,
bb_id,47,0,144,145,146,147,148,149,159,160,161,162,163,164,165,166,167,168,169,170,171,172,173,174,175,176,177,178,179,180,,,,,,,,,,,,,,,,,,,,,,,,,,,
bbv,48,0,199,199,102087,101888,101888,199,199,199,4013653,4013453,4013453,199,101888,101689,101689,199,199,199,,,,,,,,,,,,,,,,,,,,,,,,,,,,,,,,,,,,,
csv,48,0,99723848,99723863,99731035,99731027,99731031,99731038,99731045,99731050,100000002,99999990,99999994,99712592,99723838,99723830,99723834,99723839,99723840,99723844,,,,,,,,,,,,,,,,,,,,,,,,,,,,,,,,,,,,,
bb_id,48,0,162,163,164,165,166,167,168,170,171,172,173,174,175,176,177,178,179,180,,,,,,,,,,,,,,,,,,,,,,,,,,,,,,,,,,,,,
bbv,49,0,1,6,5,5,1,6,5,5,5,3,2,5,5,5,5,5,5,1,1,1,1025,1024,1024,1,1,1,1998573,1998573,1998572,1998572,1,386,385,197505,197120,197120,385,385,385,1704468,1704083,1704083,386,197632,197246,197246,386,386,386,1,1,1,1,1,1
csv,49,0,48023621,48023719,48023712,48023716,48023306,48023574,48023529,48023532,48023548,48023448,48023554,48023558,48023562,48023565,48023566,48023567,48023571,48023577,48023578,48023778,48037093,48037086,48037090,48037103,48037105,48037110,99999986,100000003,99999978,99999982,48023297,48023290,48004659,48011831,48011823,48011827,48011834,48011841,48011846,48012022,48012010,48012014,48012034,48023280,48023272,48023276,48023281,48023282,48023286,48023291,48023292,48023301,48023590,48023583,48023587
bb_id,49,0,89,90,91,92,93,94,95,96,97,98,99,100,102,103,105,106,107,108,110,111,112,113,114,115,117,118,119,120,121,122,160,162,163,164,165,166,167,168,170,171,172,173,174,175,176,177,178,179,180,181,182,183,197,198,199
bbv,50,0,3846154,3846154,3846154,3846154,,,,,,,,,,,,,,,,,,,,,,,,,,,,,,,,,,,,,,,,,,,,,,,,,,,
csv,50,0,99999987,100000004,99999979,99999983,,,,,,,,,,,,,,,,,,,,,,,,,,,,,,,,,,,,,,,,,,,,,,,,,,,
bb_id,50,0,119,120,121,122,,,,,,,,,,,,,,,,,,,,,,,,,,,,,,,,,,,,,,,,,,,,,,,,,,,
bbv,51,0,2543882,2543881,2543882,2543882,1,1,1,1,1024,1023,1023,1023,2046,1023,1023,1023,1023,1,1,1,1056242,1056241,1056241,1056241,,,,,,,,,,,,,,,,,,,,,,,,,,,,,,,
csv,51,0,66140915,66140906,66140907,66140911,66140916,66140927,66140931,66140933,66200270,66200225,66200229,66200232,66200262,66200254,66200258,66200263,66200267,66200280,66200282,66200287,100000003,99999994,99999995,99999999,,,,,,,,,,,,,,,,,,,,,,,,,,,,,,,
bb_id,51,0,119,120,121,122,123,124,125,128,129,130,131,134,135,136,137,138,139,140,142,143,144,145,146,147,,,,,,,,,,,,,,,,,,,,,,,,,,,,,,,
bbv,52,0,3125000,3125001,3125000,3125000,,,,,,,,,,,,,,,,,,,,,,,,,,,,,,,,,,,,,,,,,,,,,,,,,,,
csv,52,0,100000000,100000023,99999992,99999996,,,,,,,,,,,,,,,,,,,,,,,,,,,,,,,,,,,,,,,,,,,,,,,,,,,
bb_id,52,0,144,145,146,147,,,,,,,,,,,,,,,,,,,,,,,,,,,,,,,,,,,,,,,,,,,,,,,,,,,
bbv,53,0,3125000,3125000,3125001,3125000,,,,,,,,,,,,,,,,,,,,,,,,,,,,,,,,,,,,,,,,,,,,,,,,,,,
csv,53,0,99999977,100000000,100000001,99999973,,,,,,,,,,,,,,,,,,,,,,,,,,,,,,,,,,,,,,,,,,,,,,,,,,,
bb_id,53,0,144,145,146,147,,,,,,,,,,,,,,,,,,,,,,,,,,,,,,,,,,,,,,,,,,,,,,,,,,,
bbv,54,0,1082367,1082366,1082366,1082367,1,1,1,1,1,426,426,218538,218112,218112,426,425,1,426,2396421,2395996,2395996,425,217600,217175,217175,425,425,425,,,,,,,,,,,,,,,,,,,,,,,,,,,
csv,54,0,34635720,34635711,34635712,34635716,34635721,34635732,34635740,34635745,34635748,99840160,99840175,99847347,99847339,99847343,99847350,99847357,34642943,99847362,99999986,99999998,100000002,99828904,99840150,99840142,99840146,99840151,99840152,99840156,,,,,,,,,,,,,,,,,,,,,,,,,,,
bb_id,54,0,144,145,146,147,148,149,159,160,161,162,163,164,165,166,167,168,169,170,171,172,173,174,175,176,177,178,179,180,,,,,,,,,,,,,,,,,,,,,,,,,,,
bbv,55,0,197,197,101061,100864,100864,197,197,197,4015191,4014993,4014993,197,100864,100667,100667,197,197,197,,,,,,,,,,,,,,,,,,,,,,,,,,,,,,,,,,,,,
csv,55,0,99964620,99964635,99971807,99971799,99971803,99971810,99971817,99971822,100000006,99999994,99999998,99953364,99964610,99964602,99964606,99964611,99964612,99964616,,,,,,,,,,,,,,,,,,,,,,,,,,,,,,,,,,,,,
bb_id,55,0,162,163,164,165,166,167,168,170,171,172,173,174,175,176,177,178,179,180,,,,,,,,,,,,,,,,,,,,,,,,,,,,,,,,,,,,,
bbv,56,0,1,6,5,5,1,6,5,5,5,3,2,5,5,5,5,5,5,1,1,1,1025,1024,1024,1,1,1,1734707,1734707,1734707,1734707,1,402,401,205713,205312,205312,401,401,401,1978020,1977619,1977619,402,205824,205422,205422,402,402,402,1,1,1,1,1,1
csv,56,0,54884133,54884231,54884224,54884228,54883818,54884086,54884041,54884044,54884060,54883960,54884066,54884070,54884074,54884077,54884078,54884079,54884083,54884089,54884090,54884290,54897605,54897598,54897602,54897615,54897617,54897622,99999982,99999999,100000000,100000004,54883809,54883802,54865147,54872319,54872311,54872315,54872322,54872329,54872334,54872534,54872522,54872526,54872546,54883792,54883784,54883788,54883793,54883794,54883798,54883803,54883804,54883813,54884102,54884095,54884099
bb_id,56,0,89,90,91,92,93,94,95,96,97,98,99,100,102,103,105,106,107,108,110,111,112,113,114,115,117,118,119,120,121,122,160,162,163,164,165,166,167,168,170,171,172,173,174,175,176,177,178,179,180,181,182,183,197,198,199
bbv,57,0,3846154,3846154,3846154,3846154,,,,,,,,,,,,,,,,,,,,,,,,,,,,,,,,,,,,,,,,,,,,,,,,,,,
csv,57,0,99999982,99999999,100000000,100000004,,,,,,,,,,,,,,,,,,,,,,,,,,,,,,,,,,,,,,,,,,,,,,,,,,,
bb_id,57,0,119,120,121,122,,,,,,,,,,,,,,,,,,,,,,,,,,,,,,,,,,,,,,,,,,,,,,,,,,,
bbv,58,0,2807748,2807747,2807747,2807747,1,1,1,1,1024,1023,1023,1023,2046,1023,1023,1023,1023,1,1,1,841851,841850,841850,841850,,,,,,,,,,,,,,,,,,,,,,,,,,,,,,,
csv,58,0,73001426,73001417,73001418,73001422,73001427,73001438,73001442,73001444,73060781,73060736,73060740,73060743,73060773,73060765,73060769,73060774,73060778,73060791,73060793,73060798,100000002,99999993,99999994,99999998,,,,,,,,,,,,,,,,,,,,,,,,,,,,,,,
bb_id,58,0,119,120,121,122,123,124,125,128,129,130,131,134,135,136,137,138,139,140,142,143,144,145,146,147,,,,,,,,,,,,,,,,,,,,,,,,,,,,,,,
bbv,59,0,3125000,3125001,3125000,3125000,,,,,,,,,,,,,,,,,,,,,,,,,,,,,,,,,,,,,,,,,,,,,,,,,,,
csv,59,0,100000000,100000023,99999992,99999996,,,,,,,,,,,,,,,,,,,,,,,,,,,,,,,,,,,,,,,,,,,,,,,,,,,
bb_id,59,0,144,145,146,147,,,,,,,,,,,,,,,,,,,,,,,,,,,,,,,,,,,,,,,,,,,,,,,,,,,
bbv,60,0,3125000,3125000,3125001,3125000,,,,,,,,,,,,,,,,,,,,,,,,,,,,,,,,,,,,,,,,,,,,,,,,,,,
csv,60,0,99999977,100000000,100000001,99999973,,,,,,,,,,,,,,,,,,,,,,,,,,,,,,,,,,,,,,,,,,,,,,,,,,,
bb_id,60,0,144,145,146,147,,,,,,,,,,,,,,,,,,,,,,,,,,,,,,,,,,,,,,,,,,,,,,,,,,,
bbv,61,0,1296758,1296757,1296757,1296758,1,1,1,1,1,411,411,210843,210432,210432,411,410,1,411,2122101,2121690,2121690,410,209920,209510,209510,410,410,410,,,,,,,,,,,,,,,,,,,,,,,,,,,
csv,61,0,41496232,41496223,41496224,41496228,41496233,41496244,41496252,41496257,41496260,99884294,99884309,99891481,99891473,99891477,99891484,99891491,41503455,99891496,100000008,99999996,100000000,99873038,99884284,99884276,99884280,99884285,99884286,99884290,,,,,,,,,,,,,,,,,,,,,,,,,,,
bb_id,61,0,144,145,146,147,148,149,159,160,161,162,163,164,165,166,167,168,169,170,171,172,173,174,175,176,177,178,179,180,,,,,,,,,,,,,,,,,,,,,,,,,,,
bbv,62,0,196,196,100548,100352,100352,196,196,196,4015959,4015764,4015763,196,100352,100156,100156,196,196,196,,,,,,,,,,,,,,,,,,,,,,,,,,,,,,,,,,,,,
csv,62,0,99738678,99738693,99745865,99745857,99745861,99745868,99745875,99745880,100000000,100000012,99999992,99727422,99738668,99738660,99738664,99738669,99738670,99738674,,,,,,,,,,,,,,,,,,,,,,,,,,,,,,,,,,,,,
bb_id,62,0,162,163,164,165,166,167,168,170,171,172,173,174,175,176,177,178,179,180,,,,,,,,,,,,,,,,,,,,,,,,,,,,,,,,,,,,,
bbv,63,0,1,6,5,5,1,6,5,5,5,3,2,5,5,5,5,5,5,1,1,1,1025,1024,1024,1,1,1,1470842,1470842,1470841,1470841,1,418,417,213921,213504,213504,417,417,417,2251572,2251154,2251155,418,214016,213598,213598,418,418,418,1,1,1,1,1,1
csv,63,0,61744633,61744731,61744724,61744728,61744318,61744586,61744541,61744544,61744560,61744460,61744566,61744570,61744574,61744577,61744578,61744579,61744583,61744589,61744590,61744790,61758105,61758098,61758102,61758115,61758117,61758122,99999992,100000009,99999984,99999988,61744309,61744302,61725623,61732795,61732787,61732791,61732798,61732805,61732810,61733034,61733022,61733026,61733046,61744292,61744284,61744288,61744293,61744294,61744298,61744303,61744304,61744313,61744602,61744595,61744599
bb_id,63,0,89,90,91,92,93,94,95,96,97,98,99,100,102,103,105,106,107,108,110,111,112,113,114,115,117,118,119,120,121,122,160,162,163,164,165,166,167,168,170,171,172,173,174,175,176,177,178,179,180,181,182,183,197,198,199
bbv,64,0,3846154,3846154,3846154,3846154,,,,,,,,,,,,,,,,,,,,,,,,,,,,,,,,,,,,,,,,,,,,,,,,,,,
csv,64,0,99999987,100000004,99999979,99999983,,,,,,,,,,,,,,,,,,,,,,,,,,,,,,,,,,,,,,,,,,,,,,,,,,,
bb_id,64,0,119,120,121,122,,,,,,,,,,,,,,,,,,,,,,,,,,,,,,,,,,,,,,,,,,,,,,,,,,,
bbv,65,0,3071613,3071612,3071613,3071613,1,1,1,1,1024,1023,1023,1023,2046,1023,1023,1023,1023,1,1,1,627460,627460,627459,627459,,,,,,,,,,,,,,,,,,,,,,,,,,,,,,,
csv,65,0,79861921,79861912,79861913,79861917,79861922,79861933,79861937,79861939,79921276,79921231,79921235,79921238,79921268,79921260,79921264,79921269,79921273,79921286,79921288,79921293,99999985,100000008,99999977,99999981,,,,,,,,,,,,,,,,,,,,,,,,,,,,,,,
bb_id,65,0,119,120,121,122,123,124,125,128,129,130,131,134,135,136,137,138,139,140,142,143,144,145,146,147,,,,,,,,,,,,,,,,,,,,,,,,,,,,,,,
bbv,66,0,3125000,3125000,3125001,3125000,,,,,,,,,,,,,,,,,,,,,,,,,,,,,,,,,,,,,,,,,,,,,,,,,,,
csv,66,0,99999977,100000000,100000001,99999973,,,,,,,,,,,,,,,,,,,,,,,,,,,,,,,,,,,,,,,,,,,,,,,,,,,
bb_id,66,0,144,145,146,147,,,,,,,,,,,,,,,,,,,,,,,,,,,,,,,,,,,,,,,,,,,,,,,,,,,
bbv,67,0,3125000,3125000,3125000,3125001,,,,,,,,,,,,,,,,,,,,,,,,,,,,,,,,,,,,,,,,,,,,,,,,,,,
csv,67,0,99999976,99999999,100000000,100000004,,,,,,,,,,,,,,,,,,,,,,,,,,,,,,,,,,,,,,,,,,,,,,,,,,,
bb_id,67,0,144,145,146,147,,,,,,,,,,,,,,,,,,,,,,,,,,,,,,,,,,,,,,,,,,,,,,,,,,,
bbv,68,0,1511149,1511148,1511148,1511148,1,1,1,1,1,395,395,202635,202240,202240,395,394,1,395,1848549,1848154,1848154,394,201728,201334,201334,394,394,394,,,,,,,,,,,,,,,,,,,,,,,,,,,
csv,68,0,48356740,48356731,48356732,48356736,48356741,48356752,48356760,48356765,48356768,99881074,99881089,99888261,99888253,99888257,99888264,99888271,48363963,99888276,100000004,99999992,99999996,99869818,99881064,99881056,99881060,99881065,99881066,99881070,,,,,,,,,,,,,,,,,,,,,,,,,,,
bb_id,68,0,144,145,146,147,148,149,159,160,161,162,163,164,165,166,167,168,169,170,171,172,173,174,175,176,177,178,179,180,,,,,,,,,,,,,,,,,,,,,,,,,,,
bbv,69,0,197,197,101061,100864,100864,197,197,197,4015190,4014994,4014993,197,100864,100667,100667,197,197,197,,,,,,,,,,,,,,,,,,,,,,,,,,,,,,,,,,,,,
csv,69,0,99576004,99576019,99583191,99583183,99583187,99583194,99583201,99583206,99999998,100000010,99999990,99564748,99575994,99575986,99575990,99575995,99575996,99576000,,,,,,,,,,,,,,,,,,,,,,,,,,,,,,,,,,,,,
bb_id,69,0,162,163,164,165,166,167,168,170,171,172,173,174,175,176,177,178,179,180,,,,,,,,,,,,,,,,,,,,,,,,,,,,,,,,,,,,,
bbv,70,0,1,6,5,5,5,3,2,5,5,5,5,5,5,1,1,1,1,433,432,221616,221184,221184,432,432,432,2525893,2525460,2525461,433,221696,221263,221263,433,433,433,1,1,1,1,1,1,,,,,,,,,,,,,,
csv,70,0,68604832,68605100,68605055,68605058,68605074,68604974,68605080,68605084,68605088,68605091,68605092,68605093,68605097,68605103,68605106,68605107,68604823,68604816,68586113,68593285,68593277,68593281,68593288,68593295,68593300,68593548,68593536,68593540,68593560,68604806,68604798,68604802,68604807,68604808,68604812,68604817,68604818,68604827,68605119,68605112,68605116,,,,,,,,,,,,,,
bb_id,70,0,93,94,95,96,97,98,99,100,102,103,105,106,107,108,109,110,160,162,163,164,165,166,167,168,170,171,172,173,174,175,176,177,178,179,180,181,182,183,197,198,199,,,,,,,,,,,,,,
