type,region,thread,data
bbv,0,0,1,6,5,5,1,1025,1024,1024,1,1,1,2097153,2097152,2097152,2097152,1,1,1,1,1024,1023,1023,1023,5115,4092,4092,1023,1023,1,1,1,1452861,1452861,1452860,1452860,1,1
csv,0,0,41,139,132,136,198,51743,51720,51737,51880,51899,51916,218157530,218157521,218157522,218157526,218157531,218157557,218157561,218157563,218672505,218672075,218672083,218672110,218672456,218672427,218672435,218672465,218672502,218672688,218672701,218672734,399999959,400000017,399999919,399999954,7,10
bb_id,0,0,89,90,91,92,111,112,113,114,115,117,118,119,120,121,122,123,124,125,128,129,130,131,134,135,136,137,138,139,140,142,143,144,145,146,147,196,197
bbv,0,1,1,1025,1024,1024,1,1,1,2097153,2097152,2097152,2097152,1,1,2,1,1,1,1024,1023,2046,1023,1023,1023,4092,3069,3069,1023,1023,1,1,1,1404490,1404490,1404490,1404489
csv,0,1,423,61009,60950,60967,61032,61095,61113,202018426,202018379,202018380,202018422,202018427,218157711,218157769,218157761,218157765,218157771,218709309,218708800,218708916,218708868,218708888,218708931,218709194,218709132,218709158,218709224,218709276,218709649,218709685,218709714,399999950,399999990,400000018,399999917
bb_id,0,1,111,112,113,114,115,117,118,119,120,121,122,123,124,125,126,127,128,129,130,131,132,133,134,135,136,137,138,139,140,142,143,144,145,146,147
bbv,0,2,1,1025,1024,1024,1,1,1,2097153,2097152,2097152,2097152,1,1,3,2,2,1,1024,1023,3069,2046,2046,1023,3069,2046,2046,1023,1023,1,1,1,1406462,1406462,1406461,1406461
csv,0,2,257,51943,51936,51940,51976,52008,52025,216217426,216217396,216217397,216217405,216217514,218157542,218157625,218157617,218157621,218157627,218714702,218714581,218714635,218714627,218714631,218714638,218714694,218714686,218714690,218714695,218714699,218714712,218714714,218714719,399999994,400000064,399999955,399999963
bb_id,0,2,111,112,113,114,115,117,118,119,120,121,122,123,124,125,126,127,128,129,130,131,132,133,134,135,136,137,138,139,140,142,143,144,145,146,147
bbv,0,3,1,1025,1024,1024,1,1,1,2097153,2097152,2097152,2097152,1,1,4,3,3,1,1024,1023,4092,3069,3069,1023,2046,1023,1023,1023,1023,1,1,1,1401559,1401559,1401558,1401558
csv,0,3,482,52730,52687,52718,52848,52889,52903,200238952,200238924,200238942,200238946,200239064,218157661,218158165,218158138,218158157,218158193,218711943,218711705,218711816,218711808,218711812,218711824,218711931,218711876,218711919,218711936,218711940,218712033,218712035,218712040,399999967,400000041,399999918,399999946
bb_id,0,3,111,112,113,114,115,117,118,119,120,121,122,123,124,125,126,127,128,129,130,131,132,133,134,135,136,137,138,139,140,142,143,144,145,146,147
bbv,1,0,1,6,5,5,1,6,5,5,5,3,2,5,5,5,5,5,5,1,1,1,1025,1024,1024,1,1,1,783991,783991,783990,783990,644292,644291,644292,644292,1,1,1,1025,1024,4096,3072,3072,1024,1024,1,1,363,362,724,362,185706,185344,185344,362,361,1,362,1997515,1997153,1997153,362,185344,184982,184982,362,362,362,362,362,1,1,1,1
csv,1,0,307609187,307609285,307609278,307609282,307608872,307609140,307609095,307609098,307609114,307609014,307609120,307609124,307609128,307609131,307609132,307609133,307609137,307609143,307609144,307609344,307660896,307660869,307660889,307661033,307661056,307661079,399999984,400000035,399999916,399999942,80979017,80978921,80978950,80978955,80979058,87143602,87143604,87504322,87503703,87504154,87504038,87504086,87504167,87504255,87504375,87504463,307608851,306532641,307608844,306532728,306594588,306594524,306594560,306594631,306594654,87565998,306594703,307597576,307597564,307597568,307597588,307608834,307608826,307608830,307608835,307608836,307608840,307608845,307608846,307608855,307609156,307609149,307609153
bb_id,1,0,89,90,91,92,93,94,95,96,97,98,99,100,102,103,105,106,107,108,110,111,112,113,114,115,117,118,119,120,121,122,144,145,146,147,148,149,150,151,152,153,154,155,156,157,158,159,160,161,162,163,164,165,166,167,168,169,170,171,172,173,174,175,176,177,178,179,180,181,182,183,197,198,199
bbv,1,1,1,1025,1024,1024,1,1,1,933261,933261,933260,933260,692663,692662,692662,692663,1,1,1,1025,1024,3072,2048,2048,1024,1024,1,1,191,190,380,190,97470,97280,97280,190,190,190,2163128,2162938,2162938,190,97280,97090,97090,190,190,190,190,190,1
csv,1,1,307609842,307664708,307664696,307664700,307664739,307664746,307664751,399999959,400000001,399999911,399999951,87143590,87143581,87143582,87143586,87143591,87143637,87143713,87447105,87446797,87446979,87446910,87446951,87447017,87447074,87447114,87447218,307250061,305554429,307249802,305554512,305615936,305615844,305615888,305615975,305616014,305616059,307203050,307203002,307203018,307203062,307249700,307249668,307249672,307249701,307249746,307249754,307249807,307249832,307608867
bb_id,1,1,111,112,113,114,115,117,118,119,120,121,122,144,145,146,147,148,149,150,151,152,153,154,155,156,157,158,159,160,161,162,163,164,165,166,167,168,170,171,172,173,174,175,176,177,178,179,180,181,182,183
bbv,1,2,1,1025,1024,1024,1,1,1,910071,910071,910071,910070,690691,690690,690691,690691,1,1,1,1025,1024,2048,1024,1024,1024,1024,1,1,112,111,222,111,56943,56832,56832,111,111,111,2234979,2234868,2234868,111,56832,56721,56721,111,111,111,111,111,1
csv,1,2,307609406,307662277,307662229,307662263,307662302,307662330,307662350,399999946,399999980,400000036,399999938,85212056,85212046,85212048,85212052,85212057,87143673,87143675,87371884,87371701,87371799,87371752,87371776,87371813,87371865,87372017,87374273,307194290,305384189,307193471,305384304,305445792,305445700,305445752,305445839,305445898,305445963,307137927,307137875,307137891,307137987,307193377,307193317,307193361,307193426,307193435,307193443,307193496,307193501,307608859
bb_id,1,2,111,112,113,114,115,117,118,119,120,121,122,144,145,146,147,148,149,150,151,152,153,154,155,156,157,158,159,160,161,162,163,164,165,166,167,168,170,171,172,173,174,175,176,177,178,179,180,181,182,183
bbv,1,3,1,1025,1024,1024,1,1,1,924108,924108,924107,924107,695594,695593,695594,695594,1,1,1,362,361,722,361,185193,184832,184832,361,361,361,1994010,1993649,1993649,361,184832,184471,184471,361,361,361,361,361,1
csv,1,3,307609901,307664323,307664304,307664317,307664490,307664561,307664584,399999963,400000018,399999947,399999955,86832380,86832339,86832345,86832353,86832381,87143626,87144661,307458508,306080337,307458333,306080452,306142296,306142212,306142264,306142327,306142366,306142415,307437537,307437501,307437505,307437549,307458287,307458267,307458283,307458288,307458289,307458329,307458334,307458335,307608863
bb_id,1,3,111,112,113,114,115,117,118,119,120,121,122,144,145,146,147,148,149,159,160,161,162,163,164,165,166,167,168,170,171,172,173,174,175,176,177,178,179,180,181,182,183
bbv,2,0,1313162,1313161,1313162,1313162,1,1,1,1,1024,1023,1023,1023,5115,4092,4092,1023,1023,1,1,1,2097153,2097152,2097152,2097152,1,1,1,1025,1024,4096,3072,3072,1024,1024,1,1,48,48,95,48,24503,24456,24455,47,46,1,47,446,399,399,47,24064,24017,24017,47,47,47,47,47
csv,2,0,125766640,125766631,125766632,125766636,125766641,125766652,125766656,125766658,126284127,126283665,126283673,126283711,126284031,126283995,126284016,126284065,126284095,126284419,126284467,126284476,388066341,388066240,388066276,388066331,388066377,394752776,394752778,395104636,395104241,395104500,395104484,395104488,395104557,395104601,395104653,395104745,399963876,399963915,399963931,399963982,399999990,400000000,399999956,399901572,399901599,395155224,399901632,399904478,399904426,399904446,399904520,399963611,399963527,399963535,399963660,399963693,399963721,399963782,399963843
bb_id,2,0,119,120,121,122,123,124,125,128,129,130,131,134,135,136,137,138,139,140,142,143,144,145,146,147,148,149,150,151,152,153,154,155,156,157,158,159,160,161,162,163,164,165,166,167,168,169,170,171,172,173,174,175,176,177,178,179,180,181,182
bbv,2,1,1163892,1163891,1163892,1163892,1,1,2,1,1,1,1024,1023,2046,1023,1023,1023,4092,3069,3069,1023,1023,1,1,1,2097153,2097152,2097152,2097152,1,1,1,1025,1024,3072,2048,2048,1024,1024,1,1,10,10,19,10,5130,5120,5120,10,10,10,52761,52751,52751,9,4608,4599,4599,9,9,9,9,9
csv,2,1,112484728,112484685,112484686,112484690,112484729,125766711,125766793,125766762,125766781,125766826,126318617,126318075,126318223,126318171,126318180,126318264,126318565,126318471,126318531,126318581,126318603,126318778,126318853,126318891,394525335,394525298,394525322,394525327,394525340,394752803,394752837,395045893,395045672,395045820,395045771,395045808,395045845,395045878,395045910,395045967,399861538,399861573,399861595,399861642,399908168,399908128,399908160,399908191,399908210,399908241,400000008,399999968,399999986,399813147,399861393,399861343,399861377,399861422,399861453,399861469,399861494,399861503
bb_id,2,1,119,120,121,122,123,124,125,126,127,128,129,130,131,132,133,134,135,136,137,138,139,140,142,143,144,145,146,147,148,149,150,151,152,153,154,155,156,157,158,159,160,161,162,163,164,165,166,167,168,170,171,172,173,174,175,176,177,178,179,180,181,182
bbv,2,2,1187082,1187081,1187081,1187082,1,1,3,2,2,1,1024,1023,3069,2046,2046,1023,3069,2046,2046,1023,1023,1,1,1,2097153,2097152,2097152,2097152,1,1,1,1025,1024,2048,1024,1024,1024,1024,1,1,3,3,5,3,1539,1536,1536,3,3,3,47005,47002,47002,2,1024,1022,1022,2,2,2,2,2
csv,2,2,121572883,121572852,121572857,121572861,121572961,125766696,125766862,125766806,125766843,125766899,126340471,126339999,126340181,126340132,126340153,126340239,126340394,126340328,126340382,126340428,126340437,126340486,126340567,126340572,392466506,392466495,392466498,392466502,392466507,394752814,394752820,394986841,394986580,394986703,394986643,394986675,394986744,394986768,394986858,394987311,399599326,399599335,399599365,399599380,399645963,399645903,399645935,399645976,399645987,399646050,400000020,399999952,399999994,399557183,399599179,399599151,399599163,399599180,399599213,399599225,399599256,399599281
bb_id,2,2,119,120,121,122,123,124,125,126,127,128,129,130,131,132,133,134,135,136,137,138,139,140,142,143,144,145,146,147,148,149,150,151,152,153,154,155,156,157,158,159,160,161,162,163,164,165,166,167,168,170,171,172,173,174,175,176,177,178,179,180,181,182
bbv,2,3,1173045,1173044,1173045,1173045,1,1,4,3,3,1,1024,1023,4092,3069,3069,1023,2046,1023,1023,1023,1023,1,1,1,2097153,2097152,2097152,2097152,1,1,1,11,11,21,11,5643,5632,5632,11,11,11,56484,56473,56473,11,5155,5145,5145,10,10,10,10,10
csv,2,3,111731014,111730953,111730975,111730985,111731050,125766685,125766911,125766897,125766907,125766913,126322257,126321763,126322070,126321997,126322017,126322078,126322215,126322127,126322166,126322226,126322250,126322332,126322355,126322372,394752764,394752755,394752756,394752760,394752765,394752792,394753071,399588271,399588302,399588326,399588385,399633873,399633843,399633859,399633876,399633917,399633926,399997350,399997318,399997326,399997386,399999932,399999982,400000012,399588147,399588168,399588184,399588221,399588230
bb_id,2,3,119,120,121,122,123,124,125,126,127,128,129,130,131,132,133,134,135,136,137,138,139,140,142,143,144,145,146,147,148,149,159,160,161,162,163,164,165,166,167,168,170,171,172,173,174,175,176,177,178,179,180,181,182
bbv,3,0,1,6,5,5,1,6,5,5,5,3,2,5,5,5,5,5,5,1,1,1,1025,1024,1024,1,1,1,1563325,1563324,1563324,1563324,322,321,643,321,164794,164472,164473,322,322,322,1975529,1975207,1975207,322,164864,164542,164542,322,322,322,322,322,1,1,1,1
csv,3,0,215218341,215218439,215218432,215218436,215218026,215218294,215218249,215218252,215218268,215218168,215218274,215218278,215218282,215218285,215218286,215218287,215218291,215218297,215218298,215218498,215271728,215271707,215271713,215271761,215271770,215271807,400000025,399999956,399999967,399999983,214704287,213066851,214704088,213066914,213130146,213130030,213130086,213130205,213130268,213130317,214642828,214642760,214642804,214642860,214703942,214703842,214703882,214703975,214704044,214704052,214704125,214704162,215218009,215218310,215218303,215218307
bb_id,3,0,89,90,91,92,93,94,95,96,97,98,99,100,102,103,105,106,107,108,110,111,112,113,114,115,117,118,119,120,121,122,160,161,162,163,164,165,166,167,168,170,171,172,173,174,175,176,177,178,179,180,181,182,183,197,198,199
bbv,3,1,1,1025,1024,1024,1,1,1,1865808,1865808,1865807,1865807,179,178,357,178,91314,91136,91136,178,178,178,2132631,2132453,2132453,179,91648,91469,91469,179,179,179,179,179,1
csv,3,1,215218771,215272327,215272287,215272316,215272399,215272410,215272427,399999979,400000004,399999958,399999971,215187974,214305015,215187871,214305142,214366294,214366228,214366256,214366317,214366374,214366395,215168471,215168443,215168447,215168503,215187817,215187809,215187813,215187842,215187843,215187867,215187872,215187873,215218017
bb_id,3,1,111,112,113,114,115,117,118,119,120,121,122,160,161,162,163,164,165,166,167,168,170,171,172,173,174,175,176,177,178,179,180,181,182,183
bbv,3,2,1,1025,1024,1024,1,1,1,1825229,1825229,1825228,1825228,110,109,219,109,55917,55808,55808,109,109,109,2205011,2204902,2204902,110,56320,56210,56210,110,110,110,110,110,1
csv,3,2,215218560,215271503,215271476,215271496,215271685,215271709,215271725,399999987,400000042,399999957,399999966,215218005,214006779,215217998,214006858,214067646,214067546,214067590,214067649,214067696,214067749,215206730,215206718,215206722,215206742,215217988,215217980,215217984,215217989,215217990,215217994,215217999,215218000,215218021
bb_id,3,2,111,112,113,114,115,117,118,119,120,121,122,160,161,162,163,164,165,166,167,168,170,171,172,173,174,175,176,177,178,179,180,181,182,183
bbv,3,3,1,1025,1024,1024,1,1,1,1850564,1850564,1850563,1850563,345,344,689,344,176472,176128,176128,344,344,344,1919765,1919421,1919421,344,176605,176260,176260,345,345,345,345,345,1
csv,3,3,215218830,215272050,215271983,215272023,215272145,215272159,215272174,399999975,400000021,399999939,399999962,214379916,212760203,214379669,212760294,212823190,212823034,212823118,212823217,212823260,212823297,214336060,214335988,214336020,214336106,214379575,214379511,214379559,214379604,214379633,214379657,214379710,214379723,215218013
bb_id,3,3,111,112,113,114,115,117,118,119,120,121,122,160,161,162,163,164,165,166,167,168,170,171,172,173,174,175,176,177,178,179,180,181,182,183
bbv,4,0,533828,533828,533828,533828,1,1,1,1,1024,1023,1023,1023,5115,4092,4092,1023,1023,1,1,1,2097153,2097152,2097152,2097152,1,1,1,1025,1024,4096,3072,3072,1024,1024,1,1,278,278,555,278,142614,142336,142336,278,277,1,278,792673,792396,792395,277,141824,141547,141547,277,277,277,277,277
csv,4,0,33375788,33375779,33375780,33375784,33375789,33375800,33375804,33375806,33902487,33902090,33902109,33902115,33902419,33902370,33902412,33902472,33902480,33902717,33902792,33902828,295610181,295610161,295610164,295610169,295610213,302361935,302361953,302724440,302724081,302724340,302724284,302724296,302724397,302724429,302724461,302724557,398771468,398771503,398771539,398771582,398821176,398821122,398821150,398821219,398821244,302779772,398821265,399999989,400000009,399999957,398706045,398771235,398771163,398771195,398771272,398771317,398771325,398771398,398771415
bb_id,4,0,119,120,121,122,123,124,125,128,129,130,131,134,135,136,137,138,139,140,142,143,144,145,146,147,148,149,150,151,152,153,154,155,156,157,158,159,160,161,162,163,164,165,166,167,168,169,170,171,172,173,174,175,176,177,178,179,180,181,182
bbv,4,1,231345,231344,231345,231345,1,1,2,1,1,1,1024,1023,2046,1023,1023,1023,4092,3069,3069,1023,1023,1,1,1,2097153,2097152,2097152,2097152,1,1,1,1025,1024,3072,2048,2048,1024,1024,1,1,107,107,213,107,54891,54784,54784,107,107,107,1019299,1019193,1019192,106,54272,54166,54166,106,106,106,106,106
csv,4,1,22568877,22568850,22568852,22568861,22568882,33375844,33375959,33375900,33375912,33375995,33934023,33933536,33933626,33933568,33933576,33933659,33933916,33933855,33933899,33933967,33934020,33934211,33934329,33934350,302233047,302233006,302233031,302233039,302233071,302361924,302361948,302658416,302658169,302658341,302658296,302658304,302658370,302658405,302658466,302658575,398840732,398840783,398840823,398840850,398897714,398897614,398897670,398897761,398897792,398897837,399999977,400000041,399999941,398793624,398840439,398840427,398840435,398840488,398840537,398840549,398840654,398840691
bb_id,4,1,119,120,121,122,123,124,125,126,127,128,129,130,131,132,133,134,135,136,137,138,139,140,142,143,144,145,146,147,148,149,150,151,152,153,154,155,156,157,158,159,160,161,162,163,164,165,166,167,168,170,171,172,173,174,175,176,177,178,179,180,181,182
bbv,4,2,271924,271923,271924,271924,1,1,3,2,2,1,1024,1023,3069,2046,2046,1023,3069,2046,2046,1023,1023,1,1,1,2097153,2097152,2097152,2097152,1,1,1,1025,1024,2048,1024,1024,1024,1024,1,1,42,42,83,42,21546,21504,21504,42,42,42,906675,906634,906633,41,20992,20951,20951,41,41,41,41,41
csv,4,2,26295563,26295536,26295537,26295558,26295572,33375867,33376032,33375989,33376010,33376060,33935162,33934611,33934853,33934760,33934820,33934875,33935101,33935022,33935088,33935120,33935128,33935202,33935262,33935286,300822597,300822560,300822565,300822569,300822598,302361971,302361977,302592581,302592347,302592495,302592421,302592470,302592512,302592553,302592586,302592836,397727664,397727695,397727755,397727798,397792070,397791970,397792026,397792141,397792184,397792217,399999997,400000021,399999953,397672429,397727351,397727327,397727339,397727396,397727425,397727477,397727558,397727607
bb_id,4,2,119,120,121,122,123,124,125,126,127,128,129,130,131,132,133,134,135,136,137,138,139,140,142,143,144,145,146,147,148,149,150,151,152,153,154,155,156,157,158,159,160,161,162,163,164,165,166,167,168,170,171,172,173,174,175,176,177,178,179,180,181,182
bbv,4,3,246589,246588,246589,246589,1,1,4,3,3,1,1024,1023,4092,3069,3069,1023,2046,1023,1023,1023,1023,1,1,1,2097153,2097152,2097152,2097152,1,1,1,278,278,555,278,142614,142336,142336,278,278,278,800536,800258,800258,277,141824,141547,141547,277,277,277,277,277
csv,4,3,22939061,22939031,22939032,22939036,22939062,33375833,33376092,33376045,33376068,33376119,33936139,33935583,33935919,33935871,33935906,33935977,33936079,33936027,33936040,33936103,33936135,33936189,33936219,33936252,302361912,302361903,302361904,302361908,302361913,302361946,302362266,397983916,397983943,397984007,397984026,398043734,398043698,398043714,398043761,398043772,398043845,400000029,399999969,399999981,397934737,397983611,397983495,397983539,397983652,397983713,397983741,397983814,397983855
bb_id,4,3,119,120,121,122,123,124,125,126,127,128,129,130,131,132,133,134,135,136,137,138,139,140,142,143,144,145,146,147,148,149,159,160,161,162,163,164,165,166,167,168,170,171,172,173,174,175,176,177,178,179,180,181,182
bbv,5,0,1,6,5,5,1,6,5,5,5,3,2,5,5,5,5,5,5,1,1,1,1025,1024,1024,1,1,1,2097153,2097152,2097152,2097152,1,1,1,1,1024,1023,1023,1023,5115,4092,4092,1023,1023,1,1,1,464713,464713,464712,464712,96,95,191,95,48735,48640,48640,95,95,95,1232104,1232008,1232009,96,49152,49056,49056,96,96,96,96,96,1,1,1,1
csv,5,0,122827468,122827566,122827559,122827563,122827153,122827421,122827376,122827379,122827395,122827295,122827401,122827405,122827409,122827412,122827413,122827414,122827418,122827424,122827425,122827684,122879781,122879748,122879772,122879941,122879978,122880006,340984957,340984948,340984949,340984953,340984958,340984969,340984973,340984990,341505039,341504574,341504585,341504625,341504995,341504946,341504961,341504999,341505011,341505277,341505328,341505351,399999990,400000048,399999953,399999985,122580246,120959350,122580119,120959409,121022629,121022549,121022589,121022684,121022707,121022756,122554751,122554699,122554743,122554807,122580081,122580041,122580077,122580094,122580095,122580115,122580156,122580157,122827136,122827437,122827430,122827434
bb_id,5,0,89,90,91,92,93,94,95,96,97,98,99,100,102,103,105,106,107,108,110,111,112,113,114,115,117,118,119,120,121,122,123,124,125,128,129,130,131,134,135,136,137,138,139,140,142,143,144,145,146,147,160,161,162,163,164,165,166,167,168,170,171,172,173,174,175,176,177,178,179,180,181,182,183,197,198,199
bbv,5,1,1,1025,1024,1024,1,1,1,2097153,2097152,2097152,2097152,1,1,2,1,1,1,1024,1023,2046,1023,1023,1023,4092,3069,3069,1023,1023,1,1,1,450069,450069,450069,450069,84,83,167,83,42579,42496,42496,83,83,83,1207066,1206982,1206983,84,43008,42924,42924,84,84,84,84,84,1
csv,5,1,122827865,122881634,122881585,122881600,122881653,122881686,122881708,330265678,330265622,330265632,330265657,330265685,340984984,340985082,340985034,340985074,340985100,341550400,341549902,341549988,341549974,341549980,341550030,341550332,341550289,341550297,341550356,341550366,341550419,341550477,341550509,399999890,399999944,399999977,400000021,122827132,121400882,122827125,121401017,121465453,121465377,121465417,121465472,121465491,121465532,122815857,122815845,122815849,122815869,122827115,122827107,122827111,122827116,122827117,122827121,122827126,122827127,122827140
bb_id,5,1,111,112,113,114,115,117,118,119,120,121,122,123,124,125,126,127,128,129,130,131,132,133,134,135,136,137,138,139,140,142,143,144,145,146,147,160,161,162,163,164,165,166,167,168,170,171,172,173,174,175,176,177,178,179,180,181,182,183
bbv,5,2,1,1025,1024,1024,1,1,1,2097153,2097152,2097152,2097152,1,1,3,2,2,1,1024,1023,3069,2046,2046,1023,3069,2046,2046,1023,1023,1,1,1,453721,453720,453720,453720,63,62,125,62,31806,31744,31744,62,62,62,1207045,1206982,1206983,63,32256,32193,32193,63,63,63,63,63,1
csv,5,2,122827625,122882876,122882825,122882851,122882921,122882927,122882970,332810652,332810625,332810643,332810647,332810657,340985058,340985235,340985193,340985213,340985258,341546616,341546149,341546304,341546265,341546292,341546342,341546570,341546507,341546515,341546579,341546609,341546670,341546700,341546714,400000025,399999976,399999986,399999994,122492663,120663842,122492356,120663909,120723493,120723417,120723449,120723524,120723559,120723592,122437628,122437528,122437572,122437700,122492250,122492218,122492226,122492287,122492312,122492328,122492389,122492414,122827148
bb_id,5,2,111,112,113,114,115,117,118,119,120,121,122,123,124,125,126,127,128,129,130,131,132,133,134,135,136,137,138,139,140,142,143,144,145,146,147,160,161,162,163,164,165,166,167,168,170,171,172,173,174,175,176,177,178,179,180,181,182,183
bbv,5,3,1,1025,1024,1024,1,1,1,2097153,2097152,2097152,2097152,1,1,4,3,3,1,1024,1023,4092,3069,3069,1023,2046,1023,1023,1023,1023,1,1,1,458512,458512,458511,458511,80,79,159,79,40527,40448,40448,79,79,79,1224234,1224155,1224155,80,40960,40880,40880,80,80,80,80,80,1
csv,5,3,122827924,122880623,122880579,122880609,122880700,122880713,122880726,331326861,331326844,331326845,331326857,331326879,340985004,340985239,340985180,340985205,340985268,341543314,341542746,341543098,341543034,341543077,341543110,341543257,341543179,341543236,341543288,341543307,341543411,341543489,341543507,399999981,400000017,399999886,399999948,122776641,121216590,122776146,121216681,121278077,121277989,121278061,121278104,121278119,121278160,122751870,122751842,122751858,122751890,122776108,122776088,122776092,122776113,122776134,122776138,122776167,122776180,122827144
bb_id,5,3,111,112,113,114,115,117,118,119,120,121,122,123,124,125,126,127,128,129,130,131,132,133,134,135,136,137,138,139,140,142,143,144,145,146,147,160,161,162,163,164,165,166,167,168,170,171,172,173,174,175,176,177,178,179,180,181,182,183
bbv,6,0,1632440,1632439,1632440,1632440,1,1,1,1025,1024,4096,3072,3072,1024,1024,1,1,348,348,695,348,178524,178176,178176,348,347,1,348,1774895,1774548,1774547,347,177664,177317,177317,347,347,347,347,347
csv,6,0,204098208,204098136,204098146,204098181,204098241,209971067,209971080,210333285,210332842,210333173,210333113,210333141,210333198,210333242,210333298,210333426,399161612,399161633,399161649,399161696,399208727,399208671,399208691,399208746,399208765,210382881,399208790,399999986,400000022,399999942,399109290,399161443,399161387,399161423,399161458,399161467,399161495,399161558,399161587
bb_id,6,0,144,145,146,147,148,149,150,151,152,153,154,155,156,157,158,159,160,161,162,163,164,165,166,167,168,169,170,171,172,173,174,175,176,177,178,179,180,181,182
bbv,6,1,1647084,1647083,1647083,1647083,1,1,1,1025,1024,3072,2048,2048,1024,1024,1,1,177,177,353,177,90801,90624,90624,177,177,177,1984728,1984552,1984551,176,90112,89936,89936,176,176,176,176,176
csv,6,1,209971033,209971024,209971025,209971029,209971034,209971045,209971087,210262489,210262131,210262400,210262315,210262384,210262430,210262454,210262505,210262602,398838325,398838372,398838392,398838439,398897047,398896939,398896991,398897106,398897161,398897214,399999998,400000034,399999990,398787570,398838004,398837924,398837972,398838085,398838138,398838174,398838263,398838292
bb_id,6,1,144,145,146,147,148,149,150,151,152,153,154,155,156,157,158,159,160,161,162,163,164,165,166,167,168,170,171,172,173,174,175,176,177,178,179,180,181,182
bbv,6,2,1643432,1643432,1643432,1643432,1,1,1,1025,1024,2048,1024,1024,1024,1024,1,1,79,79,157,79,40527,40448,40448,79,79,79,1638812,1638734,1638734,78,39936,39858,39858,78,78,78,78,78
csv,6,2,208215511,208215494,208215495,208215507,208215512,209971078,209971082,210198864,210198604,210198814,210198695,210198752,210198819,210198847,210198881,210199234,399464969,399464976,399465028,399465063,399528567,399528419,399528487,399528590,399528653,399528678,399999938,399999978,400000010,399407330,399464676,399464612,399464660,399464725,399464754,399464802,399464855,399464924
bb_id,6,2,144,145,146,147,148,149,150,151,152,153,154,155,156,157,158,159,160,161,162,163,164,165,166,167,168,170,171,172,173,174,175,176,177,178,179,180,181,182
bbv,6,3,1638641,1638640,1638641,1638641,1,1,1,344,344,687,344,176472,176128,176128,344,344,344,1783379,1783035,1783035,343,175616,175273,175273,343,343,343,343,343
csv,6,3,209948080,209948039,209948048,209948075,209948085,209971056,209971328,399123347,399123404,399123448,399123493,399175332,399175254,399175282,399175343,399175382,399175409,400000006,399999926,399999954,399077746,399123046,399122960,399122996,399123117,399123162,399123208,399123267,399123310
bb_id,6,3,144,145,146,147,148,149,159,160,161,162,163,164,165,166,167,168,170,171,172,173,174,175,176,177,178,179,180,181,182
bbv,7,0,1,6,5,5,1,6,5,5,5,3,2,5,5,5,5,5,5,1,1,1,1025,1024,1024,1,1,1,2097153,2097152,2097152,2097152,1,1,1,1,1024,1023,1023,1023,5115,4092,4092,1023,1023,1,1,1,1197232,1197231,1197231,1197231,25,24,49,24,12312,12288,12288,24,24,24,307846,307821,307822,25,12800,12775,12775,25,25,25,25,25,1,1,1,1
csv,7,0,30436596,30436694,30436687,30436691,30436281,30436549,30436504,30436507,30436523,30436423,30436529,30436533,30436537,30436540,30436541,30436542,30436546,30436552,30436553,30436753,30488529,30488492,30488510,30488699,30488717,30488741,248594085,248594076,248594077,248594081,248594086,248594097,248594101,248594133,249115326,249114806,249114839,249114885,249115249,249115194,249115215,249115271,249115286,249115506,249115530,249115569,400000006,399999923,399999949,399999997,30436260,29198258,30436253,29198389,29260201,29260141,29260173,29260256,29260331,29260368,30424985,30424973,30424977,30424997,30436243,30436235,30436239,30436244,30436245,30436249,30436254,30436255,30436268,30436565,30436558,30436562
bb_id,7,0,89,90,91,92,93,94,95,96,97,98,99,100,102,103,105,106,107,108,110,111,112,113,114,115,117,118,119,120,121,122,123,124,125,128,129,130,131,134,135,136,137,138,139,140,142,143,144,145,146,147,160,161,162,163,164,165,166,167,168,170,171,172,173,174,175,176,177,178,179,180,181,182,183,197,198,199
bbv,7,1,1,1025,1024,1024,1,1,1,2097153,2097152,2097152,2097152,1,1,2,1,1,1,1024,1023,2046,1023,1023,1023,4092,3069,3069,1023,1023,1,1,1,1163238,1163238,1163238,1163238,19,18,37,18,9234,9216,9216,18,18,18,303634,303615,303616,19,9728,9709,9709,19,19,19,19,19,1
csv,7,1,30437323,30491661,30491631,30491635,30491677,30491687,30491717,238283483,238283453,238283475,238283479,238283537,248594123,248594230,248594164,248594211,248594266,249151828,249151550,249151584,249151576,249151580,249151587,249151734,249151676,249151722,249151766,249151813,249151873,249151898,249151918,399999962,399999989,399999998,400000033,30227046,28854262,30226987,28854333,28914397,28914321,28914357,28914448,28914483,28914508,30204735,30204655,30204695,30204763,30226953,30226945,30226949,30226962,30226963,30226983,30226988,30226989,30436272
bb_id,7,1,111,112,113,114,115,117,118,119,120,121,122,123,124,125,126,127,128,129,130,131,132,133,134,135,136,137,138,139,140,142,143,144,145,146,147,160,161,162,163,164,165,166,167,168,170,171,172,173,174,175,176,177,178,179,180,181,182,183
bbv,7,2,1,1025,1024,1024,1,1,1,2097153,2097152,2097152,2097152,1,1,3,2,2,1,1024,1023,3069,2046,2046,1023,3069,2046,2046,1023,1023,1,1,1,1169974,1169974,1169973,1169973,16,15,31,15,7695,7680,7680,15,15,15,296101,296085,296085,16,8192,8176,8176,16,16,16,16,16,1
csv,7,2,30436812,30490086,30490047,30490077,30490112,30490144,30490165,240948446,240948437,240948438,240948442,240948447,248594147,248594316,248594264,248594296,248594322,249153685,249153472,249153550,249153518,249153522,249153561,249153649,249153632,249153637,249153650,249153678,249153699,249153701,249153706,399999993,400000029,399999924,399999953,30252677,28388574,30252074,28388653,28450357,28450245,28450305,28450412,28450475,28450524,30226997,30226931,30226979,30227021,30252036,30252016,30252020,30252041,30252050,30252066,30252083,30252096,30436264
bb_id,7,2,111,112,113,114,115,117,118,119,120,121,122,123,124,125,126,127,128,129,130,131,132,133,134,135,136,137,138,139,140,142,143,144,145,146,147,160,161,162,163,164,165,166,167,168,170,171,172,173,174,175,176,177,178,179,180,181,182,183
bbv,7,3,1,1025,1024,1024,1,1,1,2097153,2097152,2097152,2097152,1,1,4,3,3,1,1024,1023,4092,3069,3069,1023,2046,1023,1023,1023,1023,1,1,1,1183786,1183785,1183785,1183785,20,19,39,19,9747,9728,9728,19,19,19,300237,300218,300218,20,10240,10220,10220,20,20,20,20,20,1
csv,7,3,30437264,30491433,30491414,30491427,30491616,30491658,30491667,239066683,239066651,239066670,239066674,239066684,248594112,248594389,248594312,248594343,248594455,249150214,249149792,249150001,249149968,249149976,249150049,249150140,249150080,249150096,249150145,249150183,249150303,249150378,249150418,400000002,399999948,399999958,399999966,29766815,28021010,29766216,28021081,28080937,28080873,28080897,28080988,28081031,28081092,29717732,29717660,29717712,29717756,29766070,29765994,29766042,29766075,29766108,29766176,29766265,29766294,30436276
bb_id,7,3,111,112,113,114,115,117,118,119,120,121,122,123,124,125,126,127,128,129,130,131,132,133,134,135,136,137,138,139,140,142,143,144,145,146,147,160,161,162,163,164,165,166,167,168,170,171,172,173,174,175,176,177,178,179,180,181,182,183
bbv,8,0,1,6,5,5,1,6,5,5,5,3,2,5,5,5,5,5,5,1,1,1,1025,1024,1024,1,1,1,539802,539802,539802,539802,899921,899921,899921,899921,1,1,1,1025,1024,4096,3072,3072,1024,1024,1,1,378,377,754,377,193401,193024,193024,377,376,1,377,2059685,2059308,2059308,377,193024,192647,192647,377,377,377,377,377,1,1,1,1
csv,8,0,338045773,338045871,338045864,338045868,338045458,338045726,338045681,338045684,338045700,338045600,338045706,338045710,338045714,338045717,338045718,338045719,338045723,338045729,338045730,338045930,338098466,338098443,338098463,338098616,338098634,338098642,399999927,399999970,399999996,400000017,112045217,112045195,112045200,112045204,112045254,117580188,117580190,117959660,117959229,117959568,117959492,117959524,117959597,117959629,117959689,117959733,337503424,335766715,337503177,335766834,335820846,335820710,335820790,335820893,335820924,118008632,335820973,337438977,337438909,337438945,337439033,337503039,337502959,337502995,337503068,337503097,337503133,337503210,337503243,338045449,338045742,338045735,338045739
bb_id,8,0,89,90,91,92,93,94,95,96,97,98,99,100,102,103,105,106,107,108,110,111,112,113,114,115,117,118,119,120,121,122,144,145,146,147,148,149,150,151,152,153,154,155,156,157,158,159,160,161,162,163,164,165,166,167,168,169,170,171,172,173,174,175,176,177,178,179,180,181,182,183,197,198,199
bbv,8,1,1,1025,1024,1024,1,1,1,637020,637019,637019,637019,933915,933914,933914,933914,1,1,1,1025,1024,3072,2048,2048,1024,1024,1,1,193,192,384,192,98496,98304,98304,192,192,192,2293839,2293647,2293647,192,98304,98112,98112,192,192,192,192,192,1
csv,8,1,338046279,338100922,338100909,338100918,338100962,338101015,338101064,400000021,399999948,399999953,399999995,117580176,117580167,117580168,117580172,117580177,117580204,117580236,117872243,117871990,117872202,117872137,117872186,117872220,117872224,117872256,117872323,337774599,336016259,337774396,336016354,336074582,336074458,336074530,336074629,336074660,336074709,337724812,337724764,337724772,337724824,337774290,337774222,337774278,337774315,337774340,337774372,337774437,337774450,338045445
bb_id,8,1,111,112,113,114,115,117,118,119,120,121,122,144,145,146,147,148,149,150,151,152,153,154,155,156,157,158,159,160,161,162,163,164,165,166,167,168,170,171,172,173,174,175,176,177,178,179,180,181,182,183
bbv,8,2,1,1025,1024,1024,1,1,1,553859,553859,553858,553858,927179,927178,927179,927179,1,1,1,1025,1024,2048,1024,1024,1024,1024,1,1,97,96,192,96,49248,49152,49152,96,96,96,1970992,1970896,1970896,96,49152,49056,49056,96,96,96,96,96,1
csv,8,2,338045992,338099581,338099511,338099570,338099611,338099656,338099674,399999974,400000013,399999907,399999931,115771198,115771141,115771188,115771192,115771199,117580234,117580241,117797297,117797045,117797166,117797094,117797122,117797224,117797253,117797307,117797637,338045437,337161207,338045430,337161278,337217274,337217162,337217242,337217329,337217376,337217417,338034162,338034150,338034154,338034174,338045420,338045412,338045416,338045421,338045422,338045426,338045431,338045432,338045453
bb_id,8,2,111,112,113,114,115,117,118,119,120,121,122,144,145,146,147,148,149,150,151,152,153,154,155,156,157,158,159,160,161,162,163,164,165,166,167,168,170,171,172,173,174,175,176,177,178,179,180,181,182,183
bbv,8,3,1,1025,1024,1024,1,1,1,650112,650112,650112,650111,913367,913367,913367,913367,1,1,1,360,359,718,359,184167,183808,183808,359,359,359,2065116,2064757,2064757,359,183808,183449,183449,359,359,359,359,359,1
csv,8,3,338046220,338099096,338099045,338099062,338099180,338099195,338099210,399999952,399999991,400000022,399999919,117209351,117209314,117209319,117209346,117209356,117580219,117580428,337807362,336145607,337807275,336145698,336202778,336202714,336202738,336202817,336202852,336202897,337787375,337787363,337787367,337787399,337807249,337807229,337807245,337807250,337807251,337807271,337807296,337807297,338045441
bb_id,8,3,111,112,113,114,115,117,118,119,120,121,122,144,145,146,147,148,149,159,160,161,162,163,164,165,166,167,168,170,171,172,173,174,175,176,177,178,179,180,181,182,183
bbv,9,0,1557351,1557350,1557350,1557350,1,1,1,1,1024,1023,1023,1023,5115,4092,4092,1023,1023,1,1,1,1930612,1930611,1930611,1930611
csv,9,0,156203240,156203231,156203232,156203236,156203241,156203252,156203256,156203258,156721274,156720716,156720745,156720764,156721195,156721145,156721157,156721238,156721250,156721496,156721550,156721601,400000005,399999959,399999988,399999997
bb_id,9,0,119,120,121,122,123,124,125,128,129,130,131,134,135,136,137,138,139,140,142,143,144,145,146,147
bbv,9,1,1460133,1460133,1460133,1460133,1,1,2,1,1,1,1024,1023,2046,1023,1023,1023,4092,3069,3069,1023,1023,1,1,1,1881337,1881337,1881337,1881337
csv,9,1,144530366,144530355,144530356,144530360,144530367,156203287,156203381,156203345,156203356,156203422,156766196,156765665,156765759,156765737,156765747,156765819,156766111,156766012,156766075,156766148,156766184,156766262,156766322,156766333,399999913,399999986,399999993,400000032
bb_id,9,1,119,120,121,122,123,124,125,126,127,128,129,130,131,132,133,134,135,136,137,138,139,140,142,143,144,145,146,147
bbv,9,2,1543294,1543293,1543294,1543294,1,1,3,2,2,1,1024,1023,3069,2046,2046,1023,3069,2046,2046,1023,1023,1,1,1,1883630,1883630,1883630,1883630
csv,9,2,149924183,149924152,149924171,149924175,149924283,156203315,156203522,156203450,156203475,156203551,156765793,156765127,156765473,156765334,156765393,156765485,156765692,156765623,156765633,156765739,156765751,156765839,156765863,156765930,399999905,399999936,399999987,400000001
bb_id,9,2,119,120,121,122,123,124,125,126,127,128,129,130,131,132,133,134,135,136,137,138,139,140,142,143,144,145,146,147
bbv,9,3,1447041,1447040,1447040,1447041,1,1,4,3,3,1,1024,1023,4092,3069,3069,1023,2046,1023,1023,1023,1023,1,1,1,1905864,1905864,1905863,1905863
csv,9,3,144293994,144293911,144293934,144293951,144294000,156203272,156203514,156203506,156203510,156203528,156764802,156764288,156764567,156764546,156764559,156764582,156764750,156764643,156764707,156764786,156764795,156765050,156765114,156765136,399999992,400000028,399999897,399999963
bb_id,9,3,119,120,121,122,123,124,125,126,127,128,129,130,131,132,133,134,135,136,137,138,139,140,142,143,144,145,146,147
bbv,10,0,1,6,5,5,1,6,5,5,5,3,2,5,5,5,5,5,5,1,1,1,1025,1024,1024,1,1,1,1344950,1344950,1344949,1344949,166541,166541,166541,166541,1,1,1,1025,1024,4096,3072,3072,1024,1024,1,1,364,363,726,363,186219,185856,185856,363,362,1,363,2094039,2093676,2093676,363,185856,185493,185493,363,363,363,363,363,1,1,1,1
csv,10,0,245654929,245655027,245655020,245655024,245654614,245654882,245654837,245654840,245654856,245654756,245654862,245654866,245654870,245654873,245654874,245654875,245654879,245654885,245654886,245655086,245708269,245708247,245708263,245708474,245708489,245708498,399999971,400000017,399999922,399999944,20763652,20763597,20763605,20763613,20763704,25189344,25189346,25564228,25563897,25564128,25564072,25564104,25564157,25564193,25564281,25564397,245654593,244542999,245654586,244543078,244598122,244598086,244598110,244598153,244598212,25615062,244598245,245643318,245643306,245643310,245643330,245654576,245654568,245654572,245654577,245654578,245654582,245654587,245654588,245654597,245654898,245654891,245654895
bb_id,10,0,89,90,91,92,93,94,95,96,97,98,99,100,102,103,105,106,107,108,110,111,112,113,114,115,117,118,119,120,121,122,144,145,146,147,148,149,150,151,152,153,154,155,156,157,158,159,160,161,162,163,164,165,166,167,168,169,170,171,172,173,174,175,176,177,178,179,180,181,182,183,197,198,199
bbv,10,1,1,1025,1024,1024,1,1,1,1587424,1587424,1587424,1587423,215816,215815,215815,215815,1,1,1,1025,1024,3072,2048,2048,1024,1024,1,1,194,193,386,193,99009,98816,98816,193,193,193,2280105,2279912,2279912,193,98816,98623,98623,193,193,193,193,193,1
csv,10,1,245655386,245708481,245708458,245708478,245708780,245708815,245708850,399999975,399999996,400000022,399999966,25189332,25189323,25189324,25189328,25189333,25189360,25189381,25481087,25480785,25480973,25480908,25480936,25481051,25481076,25481100,25481139,245591730,244043199,245591411,244043230,244101878,244101814,244101838,244101905,244101936,244101989,245567027,245566991,245566995,245567039,245591365,245591345,245591349,245591366,245591367,245591371,245591412,245591413,245654609
bb_id,10,1,111,112,113,114,115,117,118,119,120,121,122,144,145,146,147,148,149,150,151,152,153,154,155,156,157,158,159,160,161,162,163,164,165,166,167,168,170,171,172,173,174,175,176,177,178,179,180,181,182,183
bbv,10,2,1,1025,1024,1024,1,1,1,1381338,1381338,1381338,1381338,213523,213522,213522,213522,1,1,1,1025,1024,2048,1024,1024,1024,1024,1,1,96,95,190,95,48735,48640,48640,95,95,95,1953077,1952982,1952982,95,48640,48545,48545,95,95,95,95,95,1
csv,10,2,245655148,245708561,245708537,245708558,245708572,245708578,245708583,399999921,399999961,399999967,400000021,24252417,24252349,24252358,24252413,24252418,25189392,25189397,25414210,25413972,25414115,25414071,25414091,25414145,25414178,25414269,25414641,244927108,242811097,244926801,242811194,242865433,242865381,242865401,242865460,242865489,242865514,244868673,244868601,244868645,244868737,244926575,244926487,244926559,244926628,244926681,244926745,244926854,244926899,245654601
bb_id,10,2,111,112,113,114,115,117,118,119,120,121,122,144,145,146,147,148,149,150,151,152,153,154,155,156,157,158,159,160,161,162,163,164,165,166,167,168,170,171,172,173,174,175,176,177,178,179,180,181,182,183
bbv,10,3,1,1025,1024,1024,1,1,1,1620575,1620574,1620574,1620574,191289,191288,191289,191289,1,1,1,374,373,746,373,191349,190976,190976,373,373,373,2062411,2062038,2062038,373,190976,190603,190603,373,373,373,373,373,1
csv,10,3,245655327,245708461,245708437,245708452,245708770,245708813,245708845,400000000,399999940,399999962,399999979,24435019,24434978,24434983,24435014,24435024,25189371,25189624,245468475,243807079,245468248,243807102,243867026,243866946,243866974,243867041,243867092,243867137,245423680,245423632,245423660,245423704,245468166,245468138,245468154,245468167,245468212,245468232,245468249,245468254,245654605
bb_id,10,3,111,112,113,114,115,117,118,119,120,121,122,144,145,146,147,148,149,159,160,161,162,163,164,165,166,167,168,170,171,172,173,174,175,176,177,178,179,180,181,182,183
bbv,11,0,752203,752202,752203,752203,1,1,1,1,1024,1023,1023,1023,5115,4092,4092,1023,1023,1,1,1,2097153,2097152,2097152,2097152,1,1,1,1025,1024,4096,3072,3072,1024,1024,1,1,258,258,515,258,132354,132096,132096,258,257,1,258,428630,428373,428372,257,131584,131327,131327,257,257,257,257,257
csv,11,0,63812396,63812387,63812388,63812392,63812397,63812408,63812412,63812429,64330613,64330161,64330174,64330186,64330570,64330528,64330543,64330575,64330606,64330733,64330786,64330815,328227804,328227676,328227763,328227775,328227814,332798543,332798545,333159176,333158677,333159076,333159020,333159048,333159113,333159133,333159193,333159309,398395121,398395172,398395184,398395221,398445137,398445083,398445121,398445160,398445179,333221796,398445192,399999997,400000025,399999977,398340175,398394952,398394858,398394904,398394969,398395004,398395024,398395083,398395108
bb_id,11,0,119,120,121,122,123,124,125,128,129,130,131,134,135,136,137,138,139,140,142,143,144,145,146,147,148,149,150,151,152,153,154,155,156,157,158,159,160,161,162,163,164,165,166,167,168,169,170,171,172,173,174,175,176,177,178,179,180,181,182
bbv,11,1,509729,509728,509728,509729,1,1,2,1,1,1,1024,1023,2046,1023,1023,1023,4092,3069,3069,1023,1023,1,1,1,2097153,2097152,2097152,2097152,1,1,1,1025,1024,3072,2048,2048,1024,1024,1,1,81,81,161,81,41553,41472,41472,81,81,81,677158,677078,677078,80,40960,40880,40880,80,80,80,80,80
csv,11,1,48880429,48880399,48880400,48880425,48880430,63812480,63812589,63812537,63812560,63812633,64373825,64373466,64373537,64373515,64373532,64373563,64373767,64373730,64373759,64373795,64373799,64373845,64373872,64373877,332798520,332798511,332798512,332798516,332798521,332798532,332798561,333098401,333098052,333098304,333098237,333098253,333098341,333098365,333098426,333098503,399635316,399635347,399635367,399635406,399694886,399694818,399694834,399694945,399694976,399695009,399999933,399999973,400000013,399569481,399635079,399634955,399635047,399635108,399635161,399635177,399635218,399635275
bb_id,11,1,119,120,121,122,123,124,125,126,127,128,129,130,131,132,133,134,135,136,137,138,139,140,142,143,144,145,146,147,148,149,150,151,152,153,154,155,156,157,158,159,160,161,162,163,164,165,166,167,168,170,171,172,173,174,175,176,177,178,179,180,181,182
bbv,11,2,715815,715814,715814,715814,1,1,3,2,2,1,1024,1023,3069,2046,2046,1023,3069,2046,2046,1023,1023,1,1,1,2097153,2097152,2097152,2097152,1,1,1,1025,1024,2048,1024,1024,1024,1024,1,1,34,34,67,34,17442,17408,17408,34,34,34,732570,732537,732537,33,16896,16863,16863,33,33,33,33,33
csv,11,2,59747338,59747308,59747309,59747317,59747422,63812423,63812521,63812509,63812513,63812556,64389003,64388277,64388557,64388465,64388496,64388615,64388880,64388827,64388844,64388937,64388972,64389054,64389091,64389152,332195630,332195566,332195567,332195599,332195631,332798572,332798593,333031728,333031592,333031686,333031617,333031670,333031687,333031724,333031749,333032104,398351174,398351215,398351243,398351274,398401849,398401789,398401823,398401872,398401909,398401936,399999957,399999989,400000001,398296585,398350973,398350909,398350949,398351012,398351033,398351041,398351092,398351137
bb_id,11,2,119,120,121,122,123,124,125,126,127,128,129,130,131,132,133,134,135,136,137,138,139,140,142,143,144,145,146,147,148,149,150,151,152,153,154,155,156,157,158,159,160,161,162,163,164,165,166,167,168,170,171,172,173,174,175,176,177,178,179,180,181,182
bbv,11,3,476578,476578,476578,476578,1,1,4,3,3,1,1024,1023,4092,3069,3069,1023,2046,1023,1023,1023,1023,1,1,1,2097153,2097152,2097152,2097152,1,1,1,264,264,527,264,135432,135168,135168,264,264,264,464958,464694,464694,263,134656,134393,134393,263,263,263,263,263
csv,11,3,47592515,47592453,47592476,47592502,47592541,63812469,63812768,63812756,63812760,63812803,64368615,64368116,64368392,64368322,64368356,64368425,64368530,64368497,64368510,64368544,64368597,64368815,64368919,64368951,331062638,331062561,331062598,331062625,331062667,332798559,332798822,398464188,398464211,398464263,398464290,398525362,398525258,398525290,398525405,398525448,398525481,400000009,399999925,399999961,398424427,398463979,398463939,398463971,398464004,398464033,398464049,398464118,398464151
bb_id,11,3,119,120,121,122,123,124,125,126,127,128,129,130,131,132,133,134,135,136,137,138,139,140,142,143,144,145,146,147,148,149,159,160,161,162,163,164,165,166,167,168,170,171,172,173,174,175,176,177,178,179,180,181,182
bbv,12,0,1,6,5,5,1,6,5,5,5,3,2,5,5,5,5,5,5,1,1,1,1025,1024,1024,1,1,1,2097153,2097152,2097152,2097152,1,1,1,1,1024,1023,1023,1023,5115,4092,4092,1023,1023,1,1,1,225164,225163,225163,225163,106,105,211,105,53865,53760,53760,105,105,105,1589364,1589258,1589259,106,54272,54166,54166,106,106,106,106,106,1,1,1,1
csv,12,0,153264092,153264190,153264183,153264187,153263777,153264045,153264000,153264003,153264019,153263919,153264025,153264029,153264033,153264036,153264037,153264038,153264042,153264048,153264049,153264249,153317269,153317247,153317251,153317335,153317349,153317361,371421581,371421572,371421573,371421577,371421582,371421593,371421597,371421599,371945030,371944470,371944482,371944504,371944910,371944818,371944856,371944980,371945009,371945141,371945203,371945208,400000004,399999929,399999938,399999973,153166854,151475370,153166559,151475449,151529817,151529761,151529809,151529836,151529875,151529892,153103643,153103611,153103619,153103683,153166433,153166349,153166389,153166486,153166495,153166535,153166568,153166577,153263760,153264061,153264054,153264058
bb_id,12,0,89,90,91,92,93,94,95,96,97,98,99,100,102,103,105,106,107,108,110,111,112,113,114,115,117,118,119,120,121,122,123,124,125,128,129,130,131,134,135,136,137,138,139,140,142,143,144,145,146,147,160,161,162,163,164,165,166,167,168,170,171,172,173,174,175,176,177,178,179,180,181,182,183,197,198,199
bbv,12,1,1,1025,1024,1024,1,1,1,2097153,2097152,2097152,2097152,1,1,2,1,1,1,1024,1023,2046,1023,1023,1023,4092,3069,3069,1023,1023,1,1,1,217657,217656,217656,217656,114,113,227,113,57969,57856,57856,113,113,113,1544105,1543991,1543991,114,58368,58254,58254,114,114,114,114,114,1
csv,12,1,153264504,153318235,153318228,153318232,153318283,153318291,153318296,355001041,355001024,355001033,355001037,355001063,371421626,371421740,371421673,371421690,371421775,371977477,371976902,371977055,371976990,371977029,371977073,371977409,371977319,371977374,371977448,371977456,371977536,371977628,371977662,400000000,399999895,399999906,399999942,153067111,151363544,153066964,151363605,151419060,151419008,151419048,151419093,151419104,151419149,153013160,153013084,153013116,153013220,153066826,153066758,153066786,153066863,153066892,153066924,153066993,153067030,153263768
bb_id,12,1,111,112,113,114,115,117,118,119,120,121,122,123,124,125,126,127,128,129,130,131,132,133,134,135,136,137,138,139,140,142,143,144,145,146,147,160,161,162,163,164,165,166,167,168,170,171,172,173,174,175,176,177,178,179,180,181,182,183
bbv,12,2,1,1025,1024,1024,1,1,1,2097153,2097152,2097152,2097152,1,1,3,2,2,1,1024,1023,3069,2046,2046,1023,3069,2046,2046,1023,1023,1,1,1,216424,216424,216424,216423,72,71,143,71,36423,36352,36352,71,71,71,1398544,1398472,1398472,72,36864,36792,36792,72,72,72,72,72,1
csv,12,2,153264311,153317238,153317210,153317228,153317313,153317347,153317366,369441364,369441333,369441351,369441356,369441447,371421652,371421825,371421765,371421797,371421861,371983781,371983274,371983447,371983389,371983434,371983462,371983667,371983599,371983616,371983684,371983777,371983795,371983809,371983886,399999937,399999969,400000005,399999933,153263756,151409079,153263749,151409148,151462983,151462885,151462941,151463006,151463053,151463100,153241874,153241848,153241852,153241886,153263739,153263731,153263735,153263740,153263741,153263745,153263750,153263751,153263772
bb_id,12,2,111,112,113,114,115,117,118,119,120,121,122,123,124,125,126,127,128,129,130,131,132,133,134,135,136,137,138,139,140,142,143,144,145,146,147,160,161,162,163,164,165,166,167,168,170,171,172,173,174,175,176,177,178,179,180,181,182,183
bbv,12,3,1,1025,1024,1024,1,1,1,2097153,2097152,2097152,2097152,1,1,4,3,3,1,1024,1023,4092,3069,3069,1023,2046,1023,1023,1023,1023,1,1,1,216625,216625,216625,216624,99,98,197,98,50274,50176,50176,98,98,98,1554303,1554205,1554205,99,50688,50589,50589,99,99,99,99,99,1
csv,12,3,153264445,153317977,153317940,153317970,153318167,153318180,153318189,353183103,353183020,353183069,353183077,353183113,371421637,371421907,371421855,371421886,371421959,371986476,371985966,371986212,371986175,371986179,371986254,371986380,371986327,371986341,371986405,371986418,371986495,371986556,371986589,399999946,399999996,400000006,399999905,153259573,151777970,153259482,151778065,151832457,151832377,151832433,151832504,151832531,151832576,153240670,153240654,153240662,153240682,153259446,153259438,153259442,153259455,153259456,153259460,153259483,153259502,153263764
bb_id,12,3,111,112,113,114,115,117,118,119,120,121,122,123,124,125,126,127,128,129,130,131,132,133,134,135,136,137,138,139,140,142,143,144,145,146,147,160,161,162,163,164,165,166,167,168,170,171,172,173,174,175,176,177,178,179,180,181,182,183
bbv,13,0,1871989,1871989,1871989,1871989,1,1,1,1025,1024,4096,3072,3072,1024,1024,1,1,305,305,609,305,156465,156160,156160,305,304,1,305,1386522,1386218,1386217,304,155648,155344,155344,304,304,304,304,304
csv,13,0,235684615,235684559,235684576,235684607,235684639,240407711,240407713,240770791,240770396,240770695,240770639,240770659,240770740,240770768,240770828,240770852,398739047,398739070,398739118,398739161,398799481,398799421,398799465,398799488,398799515,240835569,398799556,399999976,400000016,399999960,398678881,398738838,398738790,398738818,398738859,398738896,398738936,398738985,398738990
bb_id,13,0,144,145,146,147,148,149,150,151,152,153,154,155,156,157,158,159,160,161,162,163,164,165,166,167,168,169,170,171,172,173,174,175,176,177,178,179,180,181,182
bbv,13,1,1879496,1879496,1879496,1879496,1,1,1,1025,1024,3072,2048,2048,1024,1024,1,1,144,144,287,144,73872,73728,73728,144,144,144,1591110,1590967,1590966,143,73216,73073,73073,143,143,143,143,143
csv,13,1,240407699,240407690,240407691,240407695,240407700,240407759,240407761,240703928,240703656,240703827,240703778,240703807,240703889,240703901,240703965,240704038,398645779,398645826,398645878,398645917,398701775,398701711,398701735,398701816,398701855,398701884,399999984,400000028,399999956,398593484,398645518,398645462,398645506,398645567,398645604,398645644,398645689,398645698
bb_id,13,1,144,145,146,147,148,149,150,151,152,153,154,155,156,157,158,159,160,161,162,163,164,165,166,167,168,170,171,172,173,174,175,176,177,178,179,180,181,182
bbv,13,2,1880729,1880728,1880728,1880729,1,1,1,1025,1024,2048,1024,1024,1024,1024,1,1,78,78,155,78,40014,39936,39936,78,78,78,1620373,1620296,1620295,77,39424,39347,39347,77,77,77,77,77
csv,13,2,239299726,239299685,239299686,239299718,239299727,240407727,240407729,240635800,240635636,240635718,240635677,240635685,240635756,240635764,240635826,240636177,399451591,399451642,399451654,399451709,399513361,399513293,399513321,399513380,399513415,399513452,399999968,400000004,399999948,399396768,399451318,399451274,399451310,399451343,399451420,399451424,399451497,399451526
bb_id,13,2,144,145,146,147,148,149,150,151,152,153,154,155,156,157,158,159,160,161,162,163,164,165,166,167,168,170,171,172,173,174,175,176,177,178,179,180,181,182
bbv,13,3,1880528,1880527,1880527,1880528,1,1,1,310,310,619,310,159030,158720,158720,310,310,310,1401029,1400720,1400719,309,158208,157899,157899,309,309,309,309,309
csv,13,3,239077609,239077508,239077541,239077597,239077614,240407783,240408193,398243047,398243098,398243134,398243181,398304801,398304721,398304761,398304824,398304891,398304924,399999992,400000040,399999952,398189984,398242790,398242706,398242738,398242827,398242832,398242888,398242981,398243006
bb_id,13,3,144,145,146,147,148,149,159,160,161,162,163,164,165,166,167,168,170,171,172,173,174,175,176,177,178,179,180,181,182
bbv,14,0,1,6,5,5,1,6,5,5,5,3,2,5,5,5,5,5,5,1,1,1,1025,1024,1024,1,1,1,2097153,2097152,2097152,2097152,1,1,1,1,1024,1023,1023,1023,5115,4092,4092,1023,1023,1,1,1,964583,964583,964582,964582,52,51,103,51,26163,26112,26112,51,51,51,636243,636191,636192,52,26624,26572,26572,52,52,52,52,52,1,1,1,1
csv,14,0,60873256,60873354,60873347,60873351,60872941,60873209,60873164,60873167,60873183,60873083,60873189,60873193,60873197,60873200,60873201,60873202,60873206,60873212,60873213,60873413,60924340,60924307,60924331,60924504,60924531,60924547,279030745,279030736,279030737,279030741,279030746,279030757,279030761,279030763,279551846,279551358,279551400,279551415,279551752,279551714,279551744,279551776,279551822,279552006,279552053,279552088,399999980,400000007,399999910,399999926,60704654,59059426,60704351,59059465,59103869,59103849,59103865,59103896,59103903,59103932,60645575,60645499,60645543,60645599,60704245,60704177,60704201,60704290,60704303,60704327,60704384,60704425,60872924,60873225,60873218,60873222
bb_id,14,0,89,90,91,92,93,94,95,96,97,98,99,100,102,103,105,106,107,108,110,111,112,113,114,115,117,118,119,120,121,122,123,124,125,128,129,130,131,134,135,136,137,138,139,140,142,143,144,145,146,147,160,161,162,163,164,165,166,167,168,170,171,172,173,174,175,176,177,178,179,180,181,182,183,197,198,199
bbv,14,1,1,1025,1024,1024,1,1,1,2097153,2097152,2097152,2097152,1,1,2,1,1,1,1024,1023,2046,1023,1023,1023,4092,3069,3069,1023,1023,1,1,1,932334,932334,932334,932333,48,47,95,47,24111,24064,24064,47,47,47,646010,645962,645963,48,24576,24528,24528,48,48,48,48,48,1
csv,14,1,60873817,60928985,60928957,60928961,60929187,60929189,60929199,262678577,262678563,262678564,262678568,262678578,279030788,279030886,279030809,279030843,279030909,279586928,279586538,279586576,279586563,279586567,279586626,279586895,279586874,279586883,279586913,279586925,279587270,279587395,279587400,399999918,399999976,400000031,399999862,60559295,58947678,60558796,58947753,59003329,59003251,59003287,59003348,59003379,59003406,60510468,60510412,60510440,60510500,60558714,60558674,60558702,60558747,60558760,60558764,60558837,60558850,60872936
bb_id,14,1,111,112,113,114,115,117,118,119,120,121,122,123,124,125,126,127,128,129,130,131,132,133,134,135,136,137,138,139,140,142,143,144,145,146,147,160,161,162,163,164,165,166,167,168,170,171,172,173,174,175,176,177,178,179,180,181,182,183
bbv,14,2,1,1025,1024,1024,1,1,1,2097153,2097152,2097152,2097152,1,1,3,2,2,1,1024,1023,3069,2046,2046,1023,3069,2046,2046,1023,1023,1,1,1,935973,935973,935972,935972,26,25,51,25,12825,12800,12800,25,25,25,475610,475584,475585,26,13312,13286,13286,26,26,26,26,26,1
csv,14,2,60873472,60926319,60926268,60926289,60926364,60926366,60926398,277405189,277405159,277405160,277405168,277405191,279030862,279031057,279030984,279031021,279031102,279584067,279583558,279583742,279583695,279583703,279583759,279584003,279583905,279583921,279584027,279584060,279584086,279584088,279584125,399999984,400000030,399999909,399999930,60792877,58557394,60792746,58557489,58619865,58619789,58619829,58619924,58619955,58619984,60762234,60762198,60762226,60762246,60792712,60792660,60792688,60792713,60792718,60792722,60792747,60792752,60872932
bb_id,14,2,111,112,113,114,115,117,118,119,120,121,122,123,124,125,126,127,128,129,130,131,132,133,134,135,136,137,138,139,140,142,143,144,145,146,147,160,161,162,163,164,165,166,167,168,170,171,172,173,174,175,176,177,178,179,180,181,182,183
bbv,14,3,1,1025,1024,1024,1,1,1,2097153,2097152,2097152,2097152,1,1,4,3,3,1,1024,1023,4092,3069,3069,1023,2046,1023,1023,1023,1023,1,1,1,930193,930193,930193,930192,65,64,129,64,32832,32768,32768,64,64,64,632735,632670,632671,65,33280,33215,33215,65,65,65,65,65,1
csv,14,3,60873758,60928909,60928888,60928900,60929177,60929201,60929231,260459367,260459302,260459312,260459342,260459394,279030777,279030967,279030951,279030963,279031004,279590253,279590133,279590212,279590204,279590208,279590215,279590245,279590237,279590241,279590246,279590250,279590263,279590265,279590270,399999922,399999953,400000032,399999914,60872920,59694574,60872913,59694657,59749373,59749285,59749321,59749400,59749475,59749508,60861645,60861633,60861637,60861657,60872903,60872895,60872899,60872904,60872905,60872909,60872914,60872915,60872928
bb_id,14,3,111,112,113,114,115,117,118,119,120,121,122,123,124,125,126,127,128,129,130,131,132,133,134,135,136,137,138,139,140,142,143,144,145,146,147,160,161,162,163,164,165,166,167,168,170,171,172,173,174,175,176,177,178,179,180,181,182,183
bbv,15,0,1,6,5,5,1,6,5,5,5,3,2,5,5,5,5,5,5,1,1,1,1025,1024,1024,1,1,1,265646,265646,265646,265645,1132570,1132569,1132570,1132570,1,1,1,1025,1024,4096,3072,3072,1024,1024,1,1,356,355,710,355,182115,181760,181760,355,354,1,355,1989382,1989027,1989027,355,181760,181405,181405,355,355,355,355,355,1,1,1,1
csv,15,0,368482434,368482532,368482525,368482529,368482119,368482387,368482342,368482345,368482361,368482261,368482367,368482371,368482375,368482378,368482379,368482380,368482384,368482390,368482391,368482650,368536144,368536133,368536137,368536202,368536208,368536225,399999934,399999982,400000009,399999896,142434809,142434756,142434758,142434801,142434810,148016849,148016851,148377221,148376786,148377093,148377021,148377073,148377146,148377190,148377250,148377298,368094128,366459340,368093905,366459443,366521803,366521699,366521751,366521870,366521885,148440561,366521918,368029005,368028961,368028973,368029053,368093747,368093667,368093719,368093784,368093813,368093841,368093942,368094003,368482102,368482403,368482396,368482400
bb_id,15,0,89,90,91,92,93,94,95,96,97,98,99,100,102,103,105,106,107,108,110,111,112,113,114,115,117,118,119,120,121,122,144,145,146,147,148,149,150,151,152,153,154,155,156,157,158,159,160,161,162,163,164,165,166,167,168,169,170,171,172,173,174,175,176,177,178,179,180,181,182,183,197,198,199
bbv,15,1,1,1025,1024,1024,1,1,1,318760,318760,318759,318759,1164819,1164818,1164818,1164819,1,1,1,1025,1024,3072,2048,2048,1024,1024,1,1,189,188,376,188,96444,96256,96256,188,188,188,2183758,2183570,2183570,188,96256,96068,96068,188,188,188,188,188,1
csv,15,1,368482852,368536024,368535989,368536010,368536051,368536071,368536102,399999986,400000007,399999943,399999948,148016837,148016828,148016829,148016833,148016838,148016865,148016886,148316601,148316171,148316505,148316440,148316468,148316530,148316553,148316634,148316763,368446767,367268524,368446640,367268591,367328531,367328459,367328507,367328578,367328629,367328662,368427568,368427556,368427560,368427604,368446614,368446606,368446610,368446615,368446616,368446636,368446661,368446662,368482114
bb_id,15,1,111,112,113,114,115,117,118,119,120,121,122,144,145,146,147,148,149,150,151,152,153,154,155,156,157,158,159,160,161,162,163,164,165,166,167,168,170,171,172,173,174,175,176,177,178,179,180,181,182,183
bbv,15,2,1,1025,1024,1024,1,1,1,310468,310468,310468,310467,1161180,1161179,1161180,1161180,1,1,1,1025,1024,2048,1024,1024,1024,1024,1,1,113,112,224,112,57456,57344,57344,112,112,112,2252012,2251900,2251900,112,57344,57232,57232,112,112,112,112,112,1
csv,15,2,368482591,368536021,368535983,368536014,368536192,368536206,368536230,399999942,399999965,400000008,399999938,146511090,146511022,146511058,146511062,146511091,148016900,148016902,148249663,148249492,148249615,148249549,148249587,148249628,148249635,148249763,148250073,368482098,367148016,368482091,367148087,367209283,367209227,367209275,367209318,367209349,367209354,368470823,368470811,368470815,368470835,368482081,368482073,368482077,368482082,368482083,368482087,368482092,368482093,368482106
bb_id,15,2,111,112,113,114,115,117,118,119,120,121,122,144,145,146,147,148,149,150,151,152,153,154,155,156,157,158,159,160,161,162,163,164,165,166,167,168,170,171,172,173,174,175,176,177,178,179,180,181,182,183
bbv,15,3,1,1025,1024,1024,1,1,1,315278,315277,315277,315277,1166960,1166959,1166959,1166960,1,1,1,370,369,738,369,189297,188928,188928,369,369,369,1964480,1964111,1964111,369,188928,188559,188559,369,369,369,369,369,1
csv,15,3,368482793,368535716,368535693,368535709,368535833,368535848,368535869,400000013,399999930,399999944,399999990,147443072,147443031,147443059,147443064,147443077,148016876,148017097,367974193,366300036,367974054,366300131,366360223,366360155,366360191,366360262,366360313,366360358,367923838,367923738,367923798,367923882,367973916,367973840,367973876,367973945,367973946,367974006,367974075,367974100,368482110
bb_id,15,3,111,112,113,114,115,117,118,119,120,121,122,144,145,146,147,148,149,159,160,161,162,163,164,165,166,167,168,170,171,172,173,174,175,176,177,178,179,180,181,182,183
bbv,16,0,1831507,1831506,1831506,1831507,1,1,1,1,1024,1023,1023,1023,5115,4092,4092,1023,1023,1,1,1,1706822,1706822,1706821,1706821
csv,16,0,186639910,186639901,186639902,186639906,186639911,186639922,186639926,186639928,187161883,187161419,187161444,187161456,187161831,187161743,187161780,187161835,187161854,187162004,187162060,187162094,399999998,400000030,399999926,399999963
bb_id,16,0,119,120,121,122,123,124,125,128,129,130,131,134,135,136,137,138,139,140,142,143,144,145,146,147
bbv,16,1,1778393,1778392,1778393,1778393,1,1,2,1,1,1,1024,1023,2046,1023,1023,1023,4092,3069,3069,1023,1023,1,1,1,1648325,1648324,1648324,1648324
csv,16,1,171055500,171055481,171055484,171055488,171055501,186639966,186640030,186639987,186640006,186640057,187198808,187198282,187198365,187198313,187198330,187198393,187198685,187198656,187198669,187198758,187198771,187198881,187198899,187198925,400000002,399999921,399999954,399999990
bb_id,16,1,119,120,121,122,123,124,125,126,127,128,129,130,131,132,133,134,135,136,137,138,139,140,142,143,144,145,146,147
bbv,16,2,1786685,1786684,1786684,1786685,1,1,3,2,2,1,1024,1023,3069,2046,2046,1023,3069,2046,2046,1023,1023,1,1,1,1649905,1649905,1649905,1649904
csv,16,2,183985071,183985057,183985059,183985063,183985172,186639998,186640209,186640141,186640180,186640241,187196218,187195559,187195858,187195732,187195807,187195873,187196125,187196065,187196084,187196158,187196192,187196258,187196294,187196348,399999959,399999986,400000007,399999930
bb_id,16,2,119,120,121,122,123,124,125,126,127,128,129,130,131,132,133,134,135,136,137,138,139,140,142,143,144,145,146,147
bbv,16,3,1781875,1781875,1781875,1781875,1,1,4,3,3,1,1024,1023,4092,3069,3069,1023,2046,1023,1023,1023,1023,1,1,1,1645246,1645245,1645245,1645245
csv,16,3,169740484,169740428,169740454,169740476,169740494,186639955,186640221,186640176,186640188,186640251,187208625,187208122,187208381,187208368,187208376,187208474,187208549,187208502,187208541,187208574,187208610,187208663,187208693,187208726,400000006,399999953,399999955,399999994
bb_id,16,3,119,120,121,122,123,124,125,126,127,128,129,130,131,132,133,134,135,136,137,138,139,140,142,143,144,145,146,147
bbv,17,0,1,6,5,5,5,3,2,5,5,5,5,5,5,1,1,1,390331,390330,390331,390331,1,1,1,1025,1024,4096,3072,3072,1024,1024,1,1,369,368,736,368,188784,188416,188416,368,367,1,368,1980624,1980256,1980256,368,188416,188048,188048,368,368,368,368,368,1,1,1,1
csv,17,0,276091286,276091554,276091509,276091512,276091528,276091428,276091534,276091538,276091542,276091545,276091546,276091547,276091551,276091557,276091560,276091561,49067964,49067853,49067861,49067927,49068006,55626038,55626045,55987336,55986961,55987248,55987184,55987224,55987277,55987321,55987373,55987429,276091265,275054247,276091258,275054398,275116938,275116826,275116894,275116965,275117052,56049532,275117093,276079990,276079978,276079982,276080002,276091248,276091240,276091244,276091249,276091250,276091254,276091259,276091260,276091269,276091573,276091566,276091570
bb_id,17,0,93,94,95,96,97,98,99,100,102,103,105,106,107,108,109,110,144,145,146,147,148,149,150,151,152,153,154,155,156,157,158,159,160,161,162,163,164,165,166,167,168,169,170,171,172,173,174,175,176,177,178,179,180,181,182,183,197,198,199
bbv,17,1,448828,448828,448828,448828,1,1,1,1025,1024,3072,2048,2048,1024,1024,1,1,190,189,378,189,96957,96768,96768,189,189,189,2190385,2190196,2190196,189,96768,96579,96579,189,189,189,189,189,1
csv,17,1,55626004,55625995,55625996,55626000,55626005,55626016,55626040,55918662,55918321,55918512,55918457,55918489,55918594,55918639,55918691,55918740,275961250,274720179,275960983,274720266,274781394,274781326,274781374,274781453,274781512,274781549,275941203,275941191,275941195,275941231,275960957,275960925,275960941,275960958,275960959,275960979,275960984,275960985,276091281
bb_id,17,1,144,145,146,147,148,149,150,151,152,153,154,155,156,157,158,159,160,161,162,163,164,165,166,167,168,170,171,172,173,174,175,176,177,178,179,180,181,182,183
bbv,17,2,447248,447247,447247,447248,1,1,1,1025,1024,2048,1024,1024,1024,1024,1,1,112,111,222,111,56943,56832,56832,111,111,111,2234974,2234863,2234863,111,56832,56721,56721,111,111,111,111,111,1
csv,17,2,53636550,53636536,53636537,53636546,53636551,55626067,55626073,55863440,55863205,55863360,55863278,55863336,55863394,55863421,55863479,55863785,275576435,273809591,275576172,273809674,273870726,273870656,273870680,273870775,273870806,273870853,275526327,275526253,275526295,275526359,275576058,275575958,275576046,275576091,275576104,275576144,275576217,275576230,276091273
bb_id,17,2,144,145,146,147,148,149,150,151,152,153,154,155,156,157,158,159,160,161,162,163,164,165,166,167,168,170,171,172,173,174,175,176,177,178,179,180,181,182,183
bbv,17,3,451907,451907,451907,451907,1,1,1,357,356,712,356,182628,182272,182272,356,356,356,1983649,1983293,1983293,356,182272,181916,181916,356,356,356,356,356,1
csv,17,3,55530387,55530346,55530371,55530379,55530411,55626027,55626378,275532720,273882683,275532579,273882754,273945102,273944966,273945038,273945161,273945216,273945241,275482817,275482745,275482797,275482833,275532459,275532415,275532451,275532510,275532523,275532547,275532626,275532647,276091277
bb_id,17,3,144,145,146,147,148,149,159,160,161,162,163,164,165,166,167,168,170,171,172,173,174,175,176,177,178,179,180,181,182,183
region_inst,N/A,N/A,400000064,400000036,400000020,400000042,400000041,400000048,400000034,400000033,400000022,400000032,400000022,400000025,400000006,400000040,400000032,400000013,400000030,276091573
