type,region,thread,data1,data2,data3,data4,data5,data6,data7,data8,data9,data10,data11,data12,data13,data14,data15,data16,data17,data18,data19,data20,data21,data22,data23,data24,data25,data26,data27,data28,data29,data30,data31,data32,data33,data34,data35,data36,data37,data38
bbv,0,0,1,1,26,26,26,3407872,26,26,25,25,1686316,1686315,1324814,100,100,74,57,,,,,,,,,,,,,,,,,,,,,
csv,0,0,36,40,96780900,96780901,96781009,98222801,98222804,98222805,96780887,96780890,99999982,99999968,100000005,96780997,96781007,96780989,96781003,,,,,,,,,,,,,,,,,,,,,
bb_id,0,0,23,24,47,48,49,50,51,53,54,55,57,58,59,61,62,63,64,,,,,,,,,,,,,,,,,,,,,
bbv,1,0,26,26,26,3407872,26,26,26,26,1686888,1686888,1324295,150,150,124,83,,,,,,,,,,,,,,,,,,,,,,,
csv,1,0,97415686,97415687,97415820,98857612,98857615,98857616,97415673,97415676,100000013,99999999,99999994,97415808,97415818,97415800,97415814,,,,,,,,,,,,,,,,,,,,,,,
bb_id,1,0,47,48,49,50,51,53,54,55,57,58,59,61,62,63,64,,,,,,,,,,,,,,,,,,,,,,,
bbv,2,0,26,26,26,3407872,26,26,26,26,1686931,1686931,1324241,170,170,144,91,,,,,,,,,,,,,,,,,,,,,,,
csv,2,0,98042388,98042389,98042541,99484333,99484336,99484337,98042375,98042378,99999993,99999979,100000016,98042529,98042539,98042521,98042535,,,,,,,,,,,,,,,,,,,,,,,
bb_id,2,0,47,48,49,50,51,53,54,55,57,58,59,61,62,63,64,,,,,,,,,,,,,,,,,,,,,,,
bbv,3,0,26,26,26,3396151,25,25,26,26,1690073,1690074,1327238,182,182,156,101,,,,,,,,,,,,,,,,,,,,,,,
csv,3,0,98686983,98686984,98687142,100000003,96258363,96258364,98686970,98686973,98686939,98686967,98686962,98687130,98687140,98687122,98687136,,,,,,,,,,,,,,,,,,,,,,,
bb_id,3,0,47,48,49,50,51,53,54,55,57,58,59,61,62,63,64,,,,,,,,,,,,,,,,,,,,,,,
bbv,4,0,26,26,26,3348986,26,26,26,26,1703936,1703936,1338337,184,184,158,119,,,,,,,,,,,,,,,,,,,,,,,
csv,4,0,99334732,99334733,99334892,100000007,96908619,96908620,99334719,99334722,99334688,99334716,99334711,99334880,99334890,99334872,99334886,,,,,,,,,,,,,,,,,,,,,,,
bb_id,4,0,47,48,49,50,51,53,54,55,57,58,59,61,62,63,64,,,,,,,,,,,,,,,,,,,,,,,
bbv,5,0,26,26,26,3349805,26,26,26,26,1703936,1703936,1337933,208,208,182,89,,,,,,,,,,,,,,,,,,,,,,,
csv,5,0,99973444,99973445,99973622,100000000,97545905,97545906,99973431,99973434,99973400,99973428,99973423,99973610,99973620,99973602,99973616,,,,,,,,,,,,,,,,,,,,,,,
bb_id,5,0,47,48,49,50,51,53,54,55,57,58,59,61,62,63,64,,,,,,,,,,,,,,,,,,,,,,,
bbv,6,0,25,25,25,3405474,26,26,25,25,1686655,1686654,1325588,200,200,175,104,,,,,,,,,,,,,,,,,,,,,,,
csv,6,0,96768463,96768464,96768635,98210427,98210430,98210431,96768450,96768453,99999983,99999969,100000006,96768623,96768633,96768615,96768629,,,,,,,,,,,,,,,,,,,,,,,
bb_id,6,0,47,48,49,50,51,53,54,55,57,58,59,61,62,63,64,,,,,,,,,,,,,,,,,,,,,,,
bbv,7,0,26,26,26,3407872,26,26,26,26,1686601,1686601,1324475,208,208,182,118,,,,,,,,,,,,,,,,,,,,,,,
csv,7,0,97410812,97410813,97410990,98852782,98852785,98852786,97410799,97410802,99999989,99999975,100000012,97410978,97410988,97410970,97410984,,,,,,,,,,,,,,,,,,,,,,,
bb_id,7,0,47,48,49,50,51,53,54,55,57,58,59,61,62,63,64,,,,,,,,,,,,,,,,,,,,,,,
bbv,8,0,26,26,26,3407872,26,26,26,26,1686441,1686441,1324605,208,208,182,126,,,,,,,,,,,,,,,,,,,,,,,
csv,8,0,98060345,98060346,98060517,99502309,99502312,99502313,98060332,98060335,99999987,99999973,100000010,98060505,98060515,98060497,98060511,,,,,,,,,,,,,,,,,,,,,,,
bb_id,8,0,47,48,49,50,51,53,54,55,57,58,59,61,62,63,64,,,,,,,,,,,,,,,,,,,,,,,
bbv,9,0,26,26,26,3393738,25,25,26,26,1690511,1690512,1327996,211,211,185,141,,,,,,,,,,,,,,,,,,,,,,,
csv,9,0,98713510,98713511,98713689,100000007,96285396,96285397,98713497,98713500,98713489,98713494,98713470,98713677,98713687,98713669,98713683,,,,,,,,,,,,,,,,,,,,,,,
bb_id,9,0,47,48,49,50,51,53,54,55,57,58,59,61,62,63,64,,,,,,,,,,,,,,,,,,,,,,,
bbv,10,0,26,26,26,3347765,26,26,26,26,1703936,1703936,1338887,234,234,208,91,,,,,,,,,,,,,,,,,,,,,,,
csv,10,0,99374676,99374677,99374867,100000008,96944400,96944401,99374663,99374666,99374632,99374660,99374655,99374855,99374865,99374847,99374861,,,,,,,,,,,,,,,,,,,,,,,
bb_id,10,0,47,48,49,50,51,53,54,55,57,58,59,61,62,63,64,,,,,,,,,,,,,,,,,,,,,,,
bbv,11,0,25,25,25,3351041,26,26,25,25,1703006,1703005,1338093,225,225,200,105,,,,,,,,,,,,,,,,,,,,,,,
csv,11,0,96165234,96165235,96165431,97607223,97607226,97607227,96165221,96165224,99999985,99999971,100000008,96165419,96165429,96165411,96165425,,,,,,,,,,,,,,,,,,,,,,,
bb_id,11,0,47,48,49,50,51,53,54,55,57,58,59,61,62,63,64,,,,,,,,,,,,,,,,,,,,,,,
bbv,12,0,26,26,26,3407872,26,26,26,26,1686561,1686561,1324486,234,234,208,119,,,,,,,,,,,,,,,,,,,,,,,
csv,12,0,96807529,96807530,96807732,98249524,98249527,98249528,96807516,96807519,99999982,99999968,100000005,96807720,96807730,96807712,96807726,,,,,,,,,,,,,,,,,,,,,,,
bb_id,12,0,47,48,49,50,51,53,54,55,57,58,59,61,62,63,64,,,,,,,,,,,,,,,,,,,,,,,
bbv,13,0,26,26,26,3407872,26,26,26,26,1686852,1686852,1324244,234,234,208,125,,,,,,,,,,,,,,,,,,,,,,,
csv,13,0,97441112,97441113,97441309,98883101,98883104,98883105,97441099,97441102,100000004,99999990,99999985,97441297,97441307,97441289,97441303,,,,,,,,,,,,,,,,,,,,,,,
bb_id,13,0,47,48,49,50,51,53,54,55,57,58,59,61,62,63,64,,,,,,,,,,,,,,,,,,,,,,,
bbv,14,0,26,26,26,3407872,26,26,26,26,1686694,1686694,1324370,234,234,208,143,,,,,,,,,,,,,,,,,,,,,,,
csv,14,0,98078277,98078278,98078468,99520260,99520263,99520264,98078264,98078267,100000008,99999994,99999951,98078456,98078466,98078448,98078462,,,,,,,,,,,,,,,,,,,,,,,
bb_id,14,0,47,48,49,50,51,53,54,55,57,58,59,61,62,63,64,,,,,,,,,,,,,,,,,,,,,,,
bbv,15,0,26,26,26,3392149,25,25,26,26,1691031,1691032,1328313,234,234,208,119,,,,,,,,,,,,,,,,,,,,,,,
csv,15,0,98730962,98730963,98731165,100000004,96297719,96297720,98730949,98730952,98730918,98730946,98730941,98731153,98731163,98731145,98731159,,,,,,,,,,,,,,,,,,,,,,,
bb_id,15,0,47,48,49,50,51,53,54,55,57,58,59,61,62,63,64,,,,,,,,,,,,,,,,,,,,,,,
bbv,16,0,26,26,26,3348515,26,26,26,26,1703936,1703936,1338516,234,234,208,137,,,,,,,,,,,,,,,,,,,,,,,
csv,16,0,99383880,99383881,99384089,100000001,96953351,96953352,99383867,99383870,99383836,99383864,99383859,99384077,99384087,99384069,99384083,,,,,,,,,,,,,,,,,,,,,,,
bb_id,16,0,47,48,49,50,51,53,54,55,57,58,59,61,62,63,64,,,,,,,,,,,,,,,,,,,,,,,
bbv,17,0,25,25,25,3351880,26,26,25,25,1703373,1703372,1337381,225,225,200,136,,,,,,,,,,,,,,,,,,,,,,,
csv,17,0,96151724,96151725,96151915,97593707,97593710,97593711,96151711,96151714,99999997,99999983,100000020,96151903,96151913,96151895,96151909,,,,,,,,,,,,,,,,,,,,,,,
bb_id,17,0,47,48,49,50,51,53,54,55,57,58,59,61,62,63,64,,,,,,,,,,,,,,,,,,,,,,,
bbv,18,0,26,26,26,3407872,26,26,26,26,1685759,1685759,1325140,234,234,208,153,,,,,,,,,,,,,,,,,,,,,,,
csv,18,0,96821207,96821208,96821410,98263202,98263205,98263206,96821194,96821197,99999990,99999976,100000013,96821398,96821408,96821390,96821404,,,,,,,,,,,,,,,,,,,,,,,
bb_id,18,0,47,48,49,50,51,53,54,55,57,58,59,61,62,63,64,,,,,,,,,,,,,,,,,,,,,,,
bbv,19,0,26,26,26,3407872,26,26,26,26,1686348,1686348,1324648,239,239,213,157,,,,,,,,,,,,,,,,,,,,,,,
csv,19,0,97477148,97477149,97477346,98919138,98919141,98919142,97477135,97477138,100000007,99999993,99999988,97477334,97477344,97477326,97477340,,,,,,,,,,,,,,,,,,,,,,,
bb_id,19,0,47,48,49,50,51,53,54,55,57,58,59,61,62,63,64,,,,,,,,,,,,,,,,,,,,,,,
bbv,20,0,26,26,26,3407872,26,26,26,26,1685985,1685986,1324946,260,260,234,96,,,,,,,,,,,,,,,,,,,,,,,
csv,20,0,98141155,98141156,98141371,99583163,99583166,99583167,98141142,98141145,99999974,100000002,99999997,98141359,98141369,98141351,98141365,,,,,,,,,,,,,,,,,,,,,,,
bb_id,20,0,47,48,49,50,51,53,54,55,57,58,59,61,62,63,64,,,,,,,,,,,,,,,,,,,,,,,
bbv,21,0,26,26,26,3386863,25,25,26,26,1692679,1692679,1329461,260,260,234,110,,,,,,,,,,,,,,,,,,,,,,,
csv,21,0,98789106,98789107,98789316,100000009,96356369,96356370,98789093,98789096,98789085,98789090,98789066,98789304,98789314,98789296,98789310,,,,,,,,,,,,,,,,,,,,,,,
bb_id,21,0,47,48,49,50,51,53,54,55,57,58,59,61,62,63,64,,,,,,,,,,,,,,,,,,,,,,,
bbv,22,0,26,26,26,3349402,26,26,26,26,1703936,1703936,1338076,260,260,234,115,,,,,,,,,,,,,,,,,,,,,,,
csv,22,0,99432267,99432268,99432477,100000000,97004107,97004108,99432254,99432257,99432246,99432251,99432227,99432465,99432475,99432457,99432471,,,,,,,,,,,,,,,,,,,,,,,
bb_id,22,0,47,48,49,50,51,53,54,55,57,58,59,61,62,63,64,,,,,,,,,,,,,,,,,,,,,,,
bbv,23,0,25,25,25,3356279,26,26,25,25,1701619,1701618,1336708,250,250,225,125,,,,,,,,,,,,,,,,,,,,,,,
csv,23,0,96215165,96215166,96215387,97657179,97657182,97657183,96215152,96215155,100000013,99999999,99999975,96215375,96215385,96215367,96215381,,,,,,,,,,,,,,,,,,,,,,,
bb_id,23,0,47,48,49,50,51,53,54,55,57,58,59,61,62,63,64,,,,,,,,,,,,,,,,,,,,,,,
bbv,24,0,26,26,26,3407872,26,26,26,26,1686198,1686198,1324759,260,260,234,139,,,,,,,,,,,,,,,,,,,,,,,
csv,24,0,96868966,96868967,96869176,98310968,98310971,98310972,96868953,96868956,99999978,99999964,100000001,96869164,96869174,96869156,96869170,,,,,,,,,,,,,,,,,,,,,,,
bb_id,24,0,47,48,49,50,51,53,54,55,57,58,59,61,62,63,64,,,,,,,,,,,,,,,,,,,,,,,
bbv,25,0,26,26,26,3407872,26,26,26,26,1686461,1686461,1324546,260,260,234,125,,,,,,,,,,,,,,,,,,,,,,,
csv,25,0,97518433,97518434,97518661,98960453,98960456,98960457,97518420,97518423,99999992,99999978,100000015,97518649,97518659,97518641,97518655,,,,,,,,,,,,,,,,,,,,,,,
bb_id,25,0,47,48,49,50,51,53,54,55,57,58,59,61,62,63,64,,,,,,,,,,,,,,,,,,,,,,,
bbv,26,0,26,26,26,3407872,26,26,26,26,1686473,1686473,1324533,260,260,234,135,,,,,,,,,,,,,,,,,,,,,,,
csv,26,0,98164566,98164567,98164788,99606580,99606583,99606584,98164553,98164556,99999981,99999967,100000004,98164776,98164786,98164768,98164782,,,,,,,,,,,,,,,,,,,,,,,
bb_id,26,0,47,48,49,50,51,53,54,55,57,58,59,61,62,63,64,,,,,,,,,,,,,,,,,,,,,,,
bbv,27,0,26,26,26,3384830,25,25,26,26,1693393,1693394,1329835,260,260,234,141,,,,,,,,,,,,,,,,,,,,,,,
csv,27,0,98811453,98811454,98811675,100000005,96384558,96384559,98811440,98811443,98811409,98811437,98811432,98811663,98811673,98811655,98811669,,,,,,,,,,,,,,,,,,,,,,,
bb_id,27,0,47,48,49,50,51,53,54,55,57,58,59,61,62,63,64,,,,,,,,,,,,,,,,,,,,,,,
bbv,28,0,26,26,26,3349996,26,26,26,26,1703936,1703936,1337781,260,260,234,157,,,,,,,,,,,,,,,,,,,,,,,
csv,28,0,99448079,99448080,99448307,100000001,97017642,97017643,99448066,99448069,99448035,99448063,99448058,99448295,99448305,99448287,99448301,,,,,,,,,,,,,,,,,,,,,,,
bb_id,28,0,47,48,49,50,51,53,54,55,57,58,59,61,62,63,64,,,,,,,,,,,,,,,,,,,,,,,
bbv,29,0,25,25,25,3357718,26,26,25,25,1700920,1700920,1336590,250,250,225,150,,,,,,,,,,,,,,,,,,,,,,,
csv,29,0,96239137,96239138,96239347,97681139,97681142,97681143,96239124,96239127,99999997,100000002,99999978,96239335,96239345,96239327,96239341,,,,,,,,,,,,,,,,,,,,,,,
bb_id,29,0,47,48,49,50,51,53,54,55,57,58,59,61,62,63,64,,,,,,,,,,,,,,,,,,,,,,,
bbv,30,0,26,26,26,3407872,26,26,26,26,1686471,1686470,1324538,260,260,234,124,,,,,,,,,,,,,,,,,,,,,,,
csv,30,0,96886505,96886506,96886709,98328501,98328504,98328505,96886492,96886495,99999987,99999973,100000010,96886697,96886707,96886689,96886703,,,,,,,,,,,,,,,,,,,,,,,
bb_id,30,0,47,48,49,50,51,53,54,55,57,58,59,61,62,63,64,,,,,,,,,,,,,,,,,,,,,,,
bbv,31,0,26,26,26,3407872,26,26,26,26,1686867,1686867,1324207,260,260,234,138,,,,,,,,,,,,,,,,,,,,,,,
csv,31,0,97518883,97518884,97519105,98960897,98960900,98960901,97518870,97518873,100000010,99999996,99999972,97519093,97519103,97519085,97519099,,,,,,,,,,,,,,,,,,,,,,,
bb_id,31,0,47,48,49,50,51,53,54,55,57,58,59,61,62,63,64,,,,,,,,,,,,,,,,,,,,,,,
bbv,32,0,26,26,26,3407872,26,26,26,26,1686197,1686197,1324760,260,260,234,140,,,,,,,,,,,,,,,,,,,,,,,
csv,32,0,98177011,98177012,98177227,99619019,99619022,99619023,98176998,98177001,99999988,99999974,100000011,98177215,98177225,98177207,98177221,,,,,,,,,,,,,,,,,,,,,,,
bb_id,32,0,47,48,49,50,51,53,54,55,57,58,59,61,62,63,64,,,,,,,,,,,,,,,,,,,,,,,
bbv,33,0,26,26,26,3383510,25,25,26,26,1693689,1693690,1330217,260,260,234,159,,,,,,,,,,,,,,,,,,,,,,,
csv,33,0,98825965,98825966,98826193,100000003,96398219,96398220,98825952,98825955,98825921,98825949,98825944,98826181,98826191,98826173,98826187,,,,,,,,,,,,,,,,,,,,,,,
bb_id,33,0,47,48,49,50,51,53,54,55,57,58,59,61,62,63,64,,,,,,,,,,,,,,,,,,,,,,,
bbv,34,0,26,26,26,3348744,26,26,26,26,1703936,1703936,1338379,260,260,234,160,,,,,,,,,,,,,,,,,,,,,,,
csv,34,0,99476389,99476390,99476599,100000001,97044296,97044297,99476376,99476379,99476345,99476373,99476368,99476587,99476597,99476579,99476593,,,,,,,,,,,,,,,,,,,,,,,
bb_id,34,0,47,48,49,50,51,53,54,55,57,58,59,61,62,63,64,,,,,,,,,,,,,,,,,,,,,,,
bbv,35,0,25,25,25,3360290,26,26,25,25,1700737,1700736,1335513,250,250,225,145,,,,,,,,,,,,,,,,,,,,,,,
csv,35,0,96248395,96248396,96248611,97690403,97690406,97690407,96248382,96248385,99999988,99999974,100000011,96248599,96248609,96248591,96248605,,,,,,,,,,,,,,,,,,,,,,,
bb_id,35,0,47,48,49,50,51,53,54,55,57,58,59,61,62,63,64,,,,,,,,,,,,,,,,,,,,,,,
bbv,36,0,26,26,26,3407872,26,26,26,26,1686652,1686652,1324377,260,260,234,167,,,,,,,,,,,,,,,,,,,,,,,
csv,36,0,96894079,96894080,96894313,98336105,98336108,98336109,96894066,96894069,100000009,99999995,99999971,96894301,96894311,96894293,96894307,,,,,,,,,,,,,,,,,,,,,,,
bb_id,36,0,47,48,49,50,51,53,54,55,57,58,59,61,62,63,64,,,,,,,,,,,,,,,,,,,,,,,
bbv,37,0,26,26,26,3407872,26,26,26,26,1685705,1685705,1325160,260,260,234,165,,,,,,,,,,,,,,,,,,,,,,,
csv,37,0,97564387,97564388,97564615,99006407,99006410,99006411,97564374,97564377,100000013,99999999,99999994,97564603,97564613,97564595,97564609,,,,,,,,,,,,,,,,,,,,,,,
bb_id,37,0,47,48,49,50,51,53,54,55,57,58,59,61,62,63,64,,,,,,,,,,,,,,,,,,,,,,,
bbv,38,0,26,26,26,3407872,26,26,26,26,1686606,1686606,1324410,260,260,234,187,,,,,,,,,,,,,,,,,,,,,,,
csv,38,0,98206791,98206792,98207031,99648823,99648826,99648827,98206778,98206781,99999991,99999977,100000014,98207019,98207029,98207011,98207025,,,,,,,,,,,,,,,,,,,,,,,
bb_id,38,0,47,48,49,50,51,53,54,55,57,58,59,61,62,63,64,,,,,,,,,,,,,,,,,,,,,,,
bbv,39,0,26,26,26,3378374,25,25,26,26,1694444,1694445,1332043,270,270,244,153,,,,,,,,,,,,,,,,,,,,,,,
csv,39,0,98882467,98882468,98882690,100000004,96451524,96451525,98882454,98882457,98882423,98882451,98882446,98882678,98882688,98882670,98882684,,,,,,,,,,,,,,,,,,,,,,,
bb_id,39,0,47,48,49,50,51,53,54,55,57,58,59,61,62,63,64,,,,,,,,,,,,,,,,,,,,,,,
bbv,40,0,26,26,26,3349523,26,26,26,26,1703936,1703936,1338001,286,286,260,99,,,,,,,,,,,,,,,,,,,,,,,
csv,40,0,99524300,99524301,99524529,100000004,97095772,97095773,99524287,99524290,99524279,99524284,99524260,99524517,99524527,99524509,99524523,,,,,,,,,,,,,,,,,,,,,,,
bb_id,40,0,47,48,49,50,51,53,54,55,57,58,59,61,62,63,64,,,,,,,,,,,,,,,,,,,,,,,
bbv,41,0,25,25,25,3364647,26,26,25,25,1698677,1698676,1335119,275,275,250,113,,,,,,,,,,,,,,,,,,,,,,,
csv,41,0,96321725,96321726,96321960,97763752,97763755,97763756,96321712,96321715,99999996,99999982,100000019,96321948,96321958,96321940,96321954,,,,,,,,,,,,,,,,,,,,,,,
bb_id,41,0,47,48,49,50,51,53,54,55,57,58,59,61,62,63,64,,,,,,,,,,,,,,,,,,,,,,,
bbv,42,0,26,26,26,3407872,26,26,26,26,1685590,1685590,1325247,286,286,260,113,,,,,,,,,,,,,,,,,,,,,,,
csv,42,0,97001928,97001929,97002163,98443955,98443958,98443959,97001915,97001918,99999988,99999974,100000011,97002151,97002161,97002143,97002157,,,,,,,,,,,,,,,,,,,,,,,
bb_id,42,0,47,48,49,50,51,53,54,55,57,58,59,61,62,63,64,,,,,,,,,,,,,,,,,,,,,,,
bbv,43,0,26,26,26,3407872,26,26,26,26,1686029,1686029,1324879,286,286,260,134,,,,,,,,,,,,,,,,,,,,,,,
csv,43,0,97668770,97668771,97668999,99110791,99110794,99110795,97668757,97668760,99999991,99999977,100000014,97668987,97668997,97668979,97668993,,,,,,,,,,,,,,,,,,,,,,,
bb_id,43,0,47,48,49,50,51,53,54,55,57,58,59,61,62,63,64,,,,,,,,,,,,,,,,,,,,,,,
bbv,44,0,26,26,26,3407872,26,26,26,26,1686486,1686486,1324502,286,286,260,131,,,,,,,,,,,,,,,,,,,,,,,
csv,44,0,98315506,98315507,98315735,99757527,99757530,99757531,98315493,98315496,99999985,99999971,100000008,98315723,98315733,98315715,98315729,,,,,,,,,,,,,,,,,,,,,,,
bb_id,44,0,47,48,49,50,51,53,54,55,57,58,59,61,62,63,64,,,,,,,,,,,,,,,,,,,,,,,
bbv,45,0,26,26,26,3372843,25,25,26,26,1697362,1697363,1332272,286,286,260,125,,,,,,,,,,,,,,,,,,,,,,,
csv,45,0,98943306,98943307,98943535,100000008,96512708,96512709,98943293,98943296,98943262,98943290,98943285,98943523,98943533,98943515,98943529,,,,,,,,,,,,,,,,,,,,,,,
bb_id,45,0,47,48,49,50,51,53,54,55,57,58,59,61,62,63,64,,,,,,,,,,,,,,,,,,,,,,,
bbv,46,0,26,26,26,3349854,26,26,26,26,1703936,1703936,1337830,286,286,260,148,,,,,,,,,,,,,,,,,,,,,,,
csv,46,0,99581484,99581485,99581731,100000006,97156452,97156453,99581471,99581474,99581440,99581468,99581463,99581719,99581729,99581711,99581725,,,,,,,,,,,,,,,,,,,,,,,
bb_id,46,0,47,48,49,50,51,53,54,55,57,58,59,61,62,63,64,,,,,,,,,,,,,,,,,,,,,,,
bbv,47,0,25,25,25,3369847,26,26,25,25,1698164,1698163,1333051,275,275,250,132,,,,,,,,,,,,,,,,,,,,,,,
csv,47,0,96343446,96343447,96343693,97785485,97785488,97785489,96343433,96343436,99999999,99999985,100000022,96343681,96343691,96343673,96343687,,,,,,,,,,,,,,,,,,,,,,,
bb_id,47,0,47,48,49,50,51,53,54,55,57,58,59,61,62,63,64,,,,,,,,,,,,,,,,,,,,,,,
bbv,48,0,26,26,26,3407872,26,26,26,26,1686764,1686764,1324265,286,286,260,159,,,,,,,,,,,,,,,,,,,,,,,
csv,48,0,96980366,96980367,96980607,98422399,98422402,98422403,96980353,96980356,99999984,99999970,100000007,96980595,96980605,96980587,96980601,,,,,,,,,,,,,,,,,,,,,,,
bb_id,48,0,47,48,49,50,51,53,54,55,57,58,59,61,62,63,64,,,,,,,,,,,,,,,,,,,,,,,
bbv,49,0,26,26,26,3407872,26,26,26,26,1686869,1686869,1324182,286,286,260,145,,,,,,,,,,,,,,,,,,,,,,,
csv,49,0,97611122,97611123,97611357,99053149,99053152,99053153,97611109,97611112,99999986,99999972,100000009,97611345,97611355,97611337,97611351,,,,,,,,,,,,,,,,,,,,,,,
bb_id,49,0,47,48,49,50,51,53,54,55,57,58,59,61,62,63,64,,,,,,,,,,,,,,,,,,,,,,,
bbv,50,0,26,26,26,3407872,26,26,26,26,1686370,1686370,1324600,286,286,260,125,,,,,,,,,,,,,,,,,,,,,,,
csv,50,0,98263531,98263532,98263766,99705558,99705561,99705562,98263518,98263521,99999999,99999985,100000022,98263754,98263764,98263746,98263760,,,,,,,,,,,,,,,,,,,,,,,
bb_id,50,0,47,48,49,50,51,53,54,55,57,58,59,61,62,63,64,,,,,,,,,,,,,,,,,,,,,,,
bbv,51,0,26,26,26,3375844,25,25,26,26,1695977,1695978,1331974,286,286,260,151,,,,,,,,,,,,,,,,,,,,,,,
csv,51,0,98910269,98910270,98910522,100000006,96483742,96483743,98910256,98910259,98910225,98910253,98910248,98910510,98910520,98910502,98910516,,,,,,,,,,,,,,,,,,,,,,,
bb_id,51,0,47,48,49,50,51,53,54,55,57,58,59,61,62,63,64,,,,,,,,,,,,,,,,,,,,,,,
bbv,52,0,26,26,26,3348517,26,26,26,26,1703936,1703936,1338473,286,286,260,135,,,,,,,,,,,,,,,,,,,,,,,
csv,52,0,99563190,99563191,99563431,100000010,97137813,97137814,99563177,99563180,99563146,99563174,99563169,99563419,99563429,99563411,99563425,,,,,,,,,,,,,,,,,,,,,,,
bb_id,52,0,47,48,49,50,51,53,54,55,57,58,59,61,62,63,64,,,,,,,,,,,,,,,,,,,,,,,
bbv,53,0,25,25,25,3368183,26,26,25,25,1697899,1697898,1334060,275,275,250,154,,,,,,,,,,,,,,,,,,,,,,,
csv,53,0,96350074,96350075,96350315,97792107,97792110,97792111,96350061,96350064,99999999,99999985,100000022,96350303,96350313,96350295,96350309,,,,,,,,,,,,,,,,,,,,,,,
bb_id,53,0,47,48,49,50,51,53,54,55,57,58,59,61,62,63,64,,,,,,,,,,,,,,,,,,,,,,,
bbv,54,0,26,26,26,3407872,26,26,26,26,1686299,1686299,1324650,286,286,260,156,,,,,,,,,,,,,,,,,,,,,,,
csv,54,0,97007653,97007654,97007888,98449680,98449683,98449684,97007640,97007643,99999986,99999972,100000009,97007876,97007886,97007868,97007882,,,,,,,,,,,,,,,,,,,,,,,
bb_id,54,0,47,48,49,50,51,53,54,55,57,58,59,61,62,63,64,,,,,,,,,,,,,,,,,,,,,,,
bbv,55,0,26,26,26,3407872,26,26,26,26,1686114,1686114,1324804,286,286,260,152,,,,,,,,,,,,,,,,,,,,,,,
csv,55,0,97667992,97667993,97668233,99110025,99110028,99110029,97667979,97667982,99999989,99999975,100000012,97668221,97668231,97668213,97668227,,,,,,,,,,,,,,,,,,,,,,,
bb_id,55,0,47,48,49,50,51,53,54,55,57,58,59,61,62,63,64,,,,,,,,,,,,,,,,,,,,,,,
bbv,56,0,26,26,26,3407872,26,26,26,26,1686188,1686188,1324737,286,286,260,175,,,,,,,,,,,,,,,,,,,,,,,
csv,56,0,98325609,98325610,98325838,99767630,99767633,99767634,98325596,98325599,99999992,99999978,100000015,98325826,98325836,98325818,98325832,,,,,,,,,,,,,,,,,,,,,,,
bb_id,56,0,47,48,49,50,51,53,54,55,57,58,59,61,62,63,64,,,,,,,,,,,,,,,,,,,,,,,
bbv,57,0,26,26,26,3369871,25,25,26,26,1697644,1697645,1333450,286,286,260,164,,,,,,,,,,,,,,,,,,,,,,,
csv,57,0,98975974,98975975,98976221,100000002,96546549,96546550,98975961,98975964,98975930,98975958,98975953,98976209,98976219,98976201,98976215,,,,,,,,,,,,,,,,,,,,,,,
bb_id,57,0,47,48,49,50,51,53,54,55,57,58,59,61,62,63,64,,,,,,,,,,,,,,,,,,,,,,,
bbv,58,0,26,26,26,3348745,26,26,26,26,1703936,1703936,1338350,286,286,260,187,,,,,,,,,,,,,,,,,,,,,,,
csv,58,0,99626370,99626371,99626617,100000001,97196048,97196049,99626357,99626360,99626326,99626354,99626349,99626605,99626615,99626597,99626611,,,,,,,,,,,,,,,,,,,,,,,
bb_id,58,0,47,48,49,50,51,53,54,55,57,58,59,61,62,63,64,,,,,,,,,,,,,,,,,,,,,,,
bbv,59,0,25,25,25,3373928,26,26,25,25,1696482,1696482,1332484,275,275,250,146,,,,,,,,,,,,,,,,,,,,,,,
csv,59,0,96401888,96401889,96402123,97843915,97843918,97843919,96401875,96401878,99999975,100000003,99999998,96402111,96402121,96402103,96402117,,,,,,,,,,,,,,,,,,,,,,,
bb_id,59,0,47,48,49,50,51,53,54,55,57,58,59,61,62,63,64,,,,,,,,,,,,,,,,,,,,,,,
bbv,60,0,26,26,26,3407872,26,26,26,26,1686678,1686677,1324345,286,286,260,127,,,,,,,,,,,,,,,,,,,,,,,
csv,60,0,97043706,97043707,97043947,98485739,98485742,98485743,97043693,97043696,99999993,99999979,100000016,97043935,97043945,97043927,97043941,,,,,,,,,,,,,,,,,,,,,,,
bb_id,60,0,47,48,49,50,51,53,54,55,57,58,59,61,62,63,64,,,,,,,,,,,,,,,,,,,,,,,
bbv,61,0,26,26,26,3407872,26,26,26,26,1686131,1686131,1324791,286,286,260,147,,,,,,,,,,,,,,,,,,,,,,,
csv,61,0,97702186,97702187,97702415,99144207,99144210,99144211,97702173,97702176,99999983,99999969,100000006,97702403,97702413,97702395,97702409,,,,,,,,,,,,,,,,,,,,,,,
bb_id,61,0,47,48,49,50,51,53,54,55,57,58,59,61,62,63,64,,,,,,,,,,,,,,,,,,,,,,,
bbv,62,0,26,26,26,3407872,26,26,26,26,1686473,1686473,1324510,286,286,260,141,,,,,,,,,,,,,,,,,,,,,,,
csv,62,0,98351962,98351963,98352209,99794001,99794004,99794005,98351949,98351952,100000005,99999991,99999929,98352197,98352207,98352189,98352203,,,,,,,,,,,,,,,,,,,,,,,
bb_id,62,0,47,48,49,50,51,53,54,55,57,58,59,61,62,63,64,,,,,,,,,,,,,,,,,,,,,,,
bbv,63,0,26,26,26,3365595,25,25,26,26,1698380,1698381,1334888,286,286,260,161,,,,,,,,,,,,,,,,,,,,,,,
csv,63,0,99023014,99023015,99023261,100000006,96591013,96591014,99023001,99023004,99022970,99022998,99022993,99023249,99023259,99023241,99023255,,,,,,,,,,,,,,,,,,,,,,,
bb_id,63,0,47,48,49,50,51,53,54,55,57,58,59,61,62,63,64,,,,,,,,,,,,,,,,,,,,,,,
bbv,64,0,26,26,26,3349620,26,26,26,26,1703936,1703936,1337940,286,286,260,155,,,,,,,,,,,,,,,,,,,,,,,
csv,64,0,99663784,99663785,99664031,100000004,97236130,97236131,99663771,99663774,99663740,99663768,99663763,99664019,99664029,99664011,99664025,,,,,,,,,,,,,,,,,,,,,,,
bb_id,64,0,47,48,49,50,51,53,54,55,57,58,59,61,62,63,64,,,,,,,,,,,,,,,,,,,,,,,
bbv,65,0,25,25,25,3377329,26,26,25,25,1695446,1695445,1331714,275,275,250,145,,,,,,,,,,,,,,,,,,,,,,,
csv,65,0,96442444,96442445,96442679,97884471,97884474,97884475,96442431,96442434,99999986,99999972,100000009,96442667,96442677,96442659,96442673,,,,,,,,,,,,,,,,,,,,,,,
bb_id,65,0,47,48,49,50,51,53,54,55,57,58,59,61,62,63,64,,,,,,,,,,,,,,,,,,,,,,,
bbv,66,0,26,26,26,3407872,26,26,26,26,1686219,1686219,1324712,286,286,260,173,,,,,,,,,,,,,,,,,,,,,,,
csv,66,0,97102110,97102111,97102345,98544137,98544140,98544141,97102097,97102100,99999994,99999980,100000017,97102333,97102343,97102325,97102339,,,,,,,,,,,,,,,,,,,,,,,
bb_id,66,0,47,48,49,50,51,53,54,55,57,58,59,61,62,63,64,,,,,,,,,,,,,,,,,,,,,,,
bbv,67,0,26,26,26,3407872,26,26,26,26,1686421,1686421,1324546,286,286,260,169,,,,,,,,,,,,,,,,,,,,,,,
csv,67,0,97751957,97751958,97752204,99193996,99193999,99194000,97751944,97751947,100000013,99999999,99999994,97752192,97752202,97752184,97752198,,,,,,,,,,,,,,,,,,,,,,,
bb_id,67,0,47,48,49,50,51,53,54,55,57,58,59,61,62,63,64,,,,,,,,,,,,,,,,,,,,,,,
bbv,68,0,26,26,26,3407872,26,26,26,26,1686518,1686518,1324461,286,286,260,188,,,,,,,,,,,,,,,,,,,,,,,
csv,68,0,98395074,98395075,98395327,99837119,99837122,99837123,98395061,98395064,99999992,99999978,100000015,98395315,98395325,98395307,98395321,,,,,,,,,,,,,,,,,,,,,,,
bb_id,68,0,47,48,49,50,51,53,54,55,57,58,59,61,62,63,64,,,,,,,,,,,,,,,,,,,,,,,
bbv,69,0,26,26,26,3364576,25,25,26,26,1699540,1699541,1334417,286,286,260,161,,,,,,,,,,,,,,,,,,,,,,,
csv,69,0,99034239,99034240,99034468,100000004,96605366,96605367,99034226,99034229,99034218,99034223,99034199,99034456,99034466,99034448,99034462,,,,,,,,,,,,,,,,,,,,,,,
bb_id,69,0,47,48,49,50,51,53,54,55,57,58,59,61,62,63,64,,,,,,,,,,,,,,,,,,,,,,,
bbv,70,0,26,26,26,3348647,26,26,26,26,1703936,1703936,1338406,286,286,260,153,,,,,,,,,,,,,,,,,,,,,,,
csv,70,0,99685705,99685706,99685946,100000007,97256027,97256028,99685692,99685695,99685661,99685689,99685684,99685934,99685944,99685926,99685940,,,,,,,,,,,,,,,,,,,,,,,
bb_id,70,0,47,48,49,50,51,53,54,55,57,58,59,61,62,63,64,,,,,,,,,,,,,,,,,,,,,,,
bbv,71,0,25,25,25,3379321,26,26,25,25,1695565,1695564,1330657,275,275,250,167,,,,,,,,,,,,,,,,,,,,,,,
csv,71,0,96444311,96444312,96444552,97886344,97886347,97886348,96444298,96444301,100000003,99999989,99999965,96444540,96444550,96444532,96444546,,,,,,,,,,,,,,,,,,,,,,,
bb_id,71,0,47,48,49,50,51,53,54,55,57,58,59,61,62,63,64,,,,,,,,,,,,,,,,,,,,,,,
bbv,72,0,26,26,26,3407872,26,26,26,26,1686127,1686127,1324788,286,286,260,171,,,,,,,,,,,,,,,,,,,,,,,
csv,72,0,97102418,97102419,97102671,98544463,98544466,98544467,97102405,97102408,100000005,99999991,99999986,97102659,97102669,97102651,97102665,,,,,,,,,,,,,,,,,,,,,,,
bb_id,72,0,47,48,49,50,51,53,54,55,57,58,59,61,62,63,64,,,,,,,,,,,,,,,,,,,,,,,
bbv,73,0,26,26,26,3407872,26,26,26,26,1686643,1686643,1324357,286,286,260,189,,,,,,,,,,,,,,,,,,,,,,,
csv,73,0,97740236,97740237,97740495,99182287,99182290,99182291,97740223,97740226,100000004,99999990,99999985,97740483,97740493,97740475,97740489,,,,,,,,,,,,,,,,,,,,,,,
bb_id,73,0,47,48,49,50,51,53,54,55,57,58,59,61,62,63,64,,,,,,,,,,,,,,,,,,,,,,,
bbv,74,0,26,26,26,3407872,26,26,26,26,1686599,1686599,1324397,286,286,260,175,,,,,,,,,,,,,,,,,,,,,,,
csv,74,0,98383032,98383033,98383273,99825065,99825068,99825069,98383019,98383022,100000004,99999990,99999985,98383261,98383271,98383253,98383267,,,,,,,,,,,,,,,,,,,,,,,
bb_id,74,0,47,48,49,50,51,53,54,55,57,58,59,61,62,63,64,,,,,,,,,,,,,,,,,,,,,,,
bbv,75,0,26,26,26,3364531,25,25,26,26,1699210,1699211,1334706,286,286,260,181,,,,,,,,,,,,,,,,,,,,,,,
csv,75,0,99034712,99034713,99034965,100000006,96603562,96603563,99034699,99034702,99034668,99034696,99034691,99034953,99034963,99034945,99034959,,,,,,,,,,,,,,,,,,,,,,,
bb_id,75,0,47,48,49,50,51,53,54,55,57,58,59,61,62,63,64,,,,,,,,,,,,,,,,,,,,,,,
bbv,76,0,26,26,26,3348150,26,26,26,26,1703936,1703936,1338632,286,286,260,197,,,,,,,,,,,,,,,,,,,,,,,
csv,76,0,99691656,99691657,99691903,100000002,97262139,97262140,99691643,99691646,99691612,99691640,99691635,99691891,99691901,99691883,99691897,,,,,,,,,,,,,,,,,,,,,,,
bb_id,76,0,47,48,49,50,51,53,54,55,57,58,59,61,62,63,64,,,,,,,,,,,,,,,,,,,,,,,
bbv,77,0,25,25,25,3379863,26,26,25,25,1694436,1694435,1331324,275,275,250,193,,,,,,,,,,,,,,,,,,,,,,,
csv,77,0,96482335,96482336,96482594,97924386,97924389,97924390,96482322,96482325,99999988,99999974,100000011,96482582,96482592,96482574,96482588,,,,,,,,,,,,,,,,,,,,,,,
bb_id,77,0,47,48,49,50,51,53,54,55,57,58,59,61,62,63,64,,,,,,,,,,,,,,,,,,,,,,,
bbv,78,0,26,26,26,3407872,26,26,26,26,1686991,1686991,1324063,286,286,260,214,,,,,,,,,,,,,,,,,,,,,,,
csv,78,0,97104945,97104946,97105198,98546990,98546993,98546994,97104932,97104935,100000004,99999990,99999985,97105186,97105196,97105178,97105192,,,,,,,,,,,,,,,,,,,,,,,
bb_id,78,0,47,48,49,50,51,53,54,55,57,58,59,61,62,63,64,,,,,,,,,,,,,,,,,,,,,,,
bbv,79,0,26,26,26,3407872,26,26,26,26,1686245,1686245,1324687,305,305,279,124,,,,,,,,,,,,,,,,,,,,,,,
csv,79,0,97765775,97765776,97766017,99207809,99207812,99207813,97765762,97765765,100000003,99999989,99999984,97766005,97766015,97765997,97766011,,,,,,,,,,,,,,,,,,,,,,,
bb_id,79,0,47,48,49,50,51,53,54,55,57,58,59,61,62,63,64,,,,,,,,,,,,,,,,,,,,,,,
bbv,80,0,26,26,26,3407872,26,26,26,26,1686526,1686527,1324454,312,312,286,104,,,,,,,,,,,,,,,,,,,,,,,
csv,80,0,98409306,98409307,98409554,99851346,99851349,99851350,98409293,98409296,99999973,100000001,99999996,98409542,98409552,98409534,98409548,,,,,,,,,,,,,,,,,,,,,,,
bb_id,80,0,47,48,49,50,51,53,54,55,57,58,59,61,62,63,64,,,,,,,,,,,,,,,,,,,,,,,
bbv,81,0,26,26,26,3362672,25,25,26,26,1699946,1699946,1334982,312,312,286,119,,,,,,,,,,,,,,,,,,,,,,,
csv,81,0,99055166,99055167,99055414,100000006,96630111,96630112,99055153,99055156,99055122,99055150,99055145,99055402,99055412,99055394,99055408,,,,,,,,,,,,,,,,,,,,,,,
bb_id,81,0,47,48,49,50,51,53,54,55,57,58,59,61,62,63,64,,,,,,,,,,,,,,,,,,,,,,,
bbv,82,0,26,26,26,3349983,26,26,26,26,1703936,1703936,1337753,312,312,286,124,,,,,,,,,,,,,,,,,,,,,,,
csv,82,0,99691949,99691950,99692191,100000004,97258959,97258960,99691936,99691939,99691905,99691933,99691928,99692179,99692189,99692171,99692185,,,,,,,,,,,,,,,,,,,,,,,
bb_id,82,0,47,48,49,50,51,53,54,55,57,58,59,61,62,63,64,,,,,,,,,,,,,,,,,,,,,,,
bbv,83,0,25,25,25,3379889,26,26,25,25,1694625,1694624,1331151,300,300,275,132,,,,,,,,,,,,,,,,,,,,,,,
csv,83,0,96474748,96474749,96475008,97916800,97916803,97916804,96474735,96474738,99999995,99999981,100000018,96474996,96475006,96474988,96475002,,,,,,,,,,,,,,,,,,,,,,,
bb_id,83,0,47,48,49,50,51,53,54,55,57,58,59,61,62,63,64,,,,,,,,,,,,,,,,,,,,,,,
bbv,84,0,26,26,26,3407872,26,26,26,26,1686954,1686955,1324096,312,312,286,121,,,,,,,,,,,,,,,,,,,,,,,
csv,84,0,97104279,97104280,97104533,98546325,98546328,98546329,97104266,97104269,99999973,100000001,99999996,97104521,97104531,97104513,97104527,,,,,,,,,,,,,,,,,,,,,,,
bb_id,84,0,47,48,49,50,51,53,54,55,57,58,59,61,62,63,64,,,,,,,,,,,,,,,,,,,,,,,
bbv,85,0,26,26,26,3407872,26,26,26,26,1686922,1686921,1324121,312,312,286,131,,,,,,,,,,,,,,,,,,,,,,,
csv,85,0,97735853,97735854,97736113,99177905,99177908,99177909,97735840,97735843,99999995,99999981,100000018,97736101,97736111,97736093,97736107,,,,,,,,,,,,,,,,,,,,,,,
bb_id,85,0,47,48,49,50,51,53,54,55,57,58,59,61,62,63,64,,,,,,,,,,,,,,,,,,,,,,,
bbv,86,0,26,26,26,3407872,26,26,26,26,1686944,1686945,1324098,312,312,286,145,,,,,,,,,,,,,,,,,,,,,,,
csv,86,0,98363636,98363637,98363896,99805688,99805691,99805692,98363623,98363626,99999996,100000001,99999977,98363884,98363894,98363876,98363890,,,,,,,,,,,,,,,,,,,,,,,
bb_id,86,0,47,48,49,50,51,53,54,55,57,58,59,61,62,63,64,,,,,,,,,,,,,,,,,,,,,,,
bbv,87,0,26,26,26,3366769,25,25,26,26,1698699,1698699,1334045,312,312,286,149,,,,,,,,,,,,,,,,,,,,,,,
csv,87,0,99010096,99010097,99010350,100000009,96583776,96583777,99010083,99010086,99010052,99010080,99010075,99010338,99010348,99010330,99010344,,,,,,,,,,,,,,,,,,,,,,,
bb_id,87,0,47,48,49,50,51,53,54,55,57,58,59,61,62,63,64,,,,,,,,,,,,,,,,,,,,,,,
bbv,88,0,26,26,26,3351427,26,26,26,26,1703936,1703936,1337051,312,312,286,167,,,,,,,,,,,,,,,,,,,,,,,
csv,88,0,99630964,99630965,99631236,100000000,97201654,97201655,99630951,99630954,99630943,99630948,99630924,99631224,99631234,99631216,99631230,,,,,,,,,,,,,,,,,,,,,,,
bb_id,88,0,47,48,49,50,51,53,54,55,57,58,59,61,62,63,64,,,,,,,,,,,,,,,,,,,,,,,
bbv,89,0,25,25,25,3374348,26,26,25,25,1696443,1696442,1332303,300,300,275,116,,,,,,,,,,,,,,,,,,,,,,,
csv,89,0,96406215,96406216,96406463,97848255,97848258,97848259,96406202,96406205,100000009,99999995,99999971,96406451,96406461,96406443,96406457,,,,,,,,,,,,,,,,,,,,,,,
bb_id,89,0,47,48,49,50,51,53,54,55,57,58,59,61,62,63,64,,,,,,,,,,,,,,,,,,,,,,,
bbv,90,0,26,26,26,3407872,26,26,26,26,1686413,1686413,1324540,312,312,286,133,,,,,,,,,,,,,,,,,,,,,,,
csv,90,0,97055704,97055705,97055964,98497756,98497759,98497760,97055691,97055694,99999978,99999964,100000001,97055952,97055962,97055944,97055958,,,,,,,,,,,,,,,,,,,,,,,
bb_id,90,0,47,48,49,50,51,53,54,55,57,58,59,61,62,63,64,,,,,,,,,,,,,,,,,,,,,,,
bbv,91,0,26,26,26,3407872,26,26,26,26,1686193,1686193,1324720,312,312,286,143,,,,,,,,,,,,,,,,,,,,,,,
csv,91,0,97714071,97714072,97714319,99156111,99156114,99156115,97714058,97714061,99999998,99999984,100000021,97714307,97714317,97714299,97714313,,,,,,,,,,,,,,,,,,,,,,,
bb_id,91,0,47,48,49,50,51,53,54,55,57,58,59,61,62,63,64,,,,,,,,,,,,,,,,,,,,,,,
bbv,92,0,26,26,26,3407872,26,26,26,26,1686046,1686046,1324839,312,312,286,150,,,,,,,,,,,,,,,,,,,,,,,
csv,92,0,98377203,98377204,98377457,99819249,99819252,99819253,98377190,98377193,99999984,99999970,100000007,98377445,98377455,98377437,98377451,,,,,,,,,,,,,,,,,,,,,,,
bb_id,92,0,47,48,49,50,51,53,54,55,57,58,59,61,62,63,64,,,,,,,,,,,,,,,,,,,,,,,
bbv,93,0,26,26,26,3364309,25,25,26,26,1699049,1699050,1334927,312,312,286,169,,,,,,,,,,,,,,,,,,,,,,,
csv,93,0,99037145,99037146,99037411,100000010,96606501,96606502,99037132,99037135,99037101,99037129,99037124,99037399,99037409,99037391,99037405,,,,,,,,,,,,,,,,,,,,,,,
bb_id,93,0,47,48,49,50,51,53,54,55,57,58,59,61,62,63,64,,,,,,,,,,,,,,,,,,,,,,,
bbv,94,0,26,26,26,3347498,26,26,26,26,1703936,1703936,1338937,312,312,286,142,,,,,,,,,,,,,,,,,,,,,,,
csv,94,0,99701264,99701265,99701524,100000009,97271908,97271909,99701251,99701254,99701220,99701248,99701243,99701512,99701522,99701504,99701518,,,,,,,,,,,,,,,,,,,,,,,
bb_id,94,0,47,48,49,50,51,53,54,55,57,58,59,61,62,63,64,,,,,,,,,,,,,,,,,,,,,,,
bbv,95,0,25,25,25,3380737,26,26,25,25,1694611,1694610,1330751,300,300,275,155,,,,,,,,,,,,,,,,,,,,,,,
csv,95,0,96476198,96476199,96476470,97918262,97918265,97918266,96476185,96476188,99999995,99999981,100000018,96476458,96476468,96476450,96476464,,,,,,,,,,,,,,,,,,,,,,,
bb_id,95,0,47,48,49,50,51,53,54,55,57,58,59,61,62,63,64,,,,,,,,,,,,,,,,,,,,,,,
bbv,96,0,26,26,26,3407872,26,26,26,26,1686336,1686336,1324595,312,312,286,167,,,,,,,,,,,,,,,,,,,,,,,
csv,96,0,97124434,97124435,97124694,98566486,98566489,98566490,97124421,97124424,99999984,99999970,100000007,97124682,97124692,97124674,97124688,,,,,,,,,,,,,,,,,,,,,,,
bb_id,96,0,47,48,49,50,51,53,54,55,57,58,59,61,62,63,64,,,,,,,,,,,,,,,,,,,,,,,
bbv,97,0,26,26,26,3407872,26,26,26,26,1686454,1686454,1324495,312,312,286,177,,,,,,,,,,,,,,,,,,,,,,,
csv,97,0,97773620,97773621,97773886,99215678,99215681,99215682,97773607,97773610,100000009,99999995,99999990,97773874,97773884,97773866,97773880,,,,,,,,,,,,,,,,,,,,,,,
bb_id,97,0,47,48,49,50,51,53,54,55,57,58,59,61,62,63,64,,,,,,,,,,,,,,,,,,,,,,,
bbv,98,0,26,26,26,3407872,26,26,26,26,1686559,1686559,1324403,312,312,286,197,,,,,,,,,,,,,,,,,,,,,,,
csv,98,0,98418916,98418917,98419194,99860986,99860989,99860990,98418903,98418906,99999985,99999971,100000008,98419182,98419192,98419174,98419188,,,,,,,,,,,,,,,,,,,,,,,
bb_id,98,0,47,48,49,50,51,53,54,55,57,58,59,61,62,63,64,,,,,,,,,,,,,,,,,,,,,,,
bbv,99,0,26,26,26,3360701,25,25,26,26,1700184,1700185,1335728,312,312,286,119,,,,,,,,,,,,,,,,,,,,,,,
csv,99,0,99076839,99076840,99077099,100000010,96647437,96647438,99076826,99076829,99076795,99076823,99076818,99077087,99077097,99077079,99077093,,,,,,,,,,,,,,,,,,,,,,,
bb_id,99,0,47,48,49,50,51,53,54,55,57,58,59,61,62,63,64,,,,,,,,,,,,,,,,,,,,,,,
bbv,100,0,26,26,26,3348569,26,26,26,26,1703936,1703936,1338427,312,312,286,133,,,,,,,,,,,,,,,,,,,,,,,
csv,100,0,99729174,99729175,99729428,100000006,97302624,97302625,99729161,99729164,99729130,99729158,99729153,99729416,99729426,99729408,99729422,,,,,,,,,,,,,,,,,,,,,,,
bb_id,100,0,47,48,49,50,51,53,54,55,57,58,59,61,62,63,64,,,,,,,,,,,,,,,,,,,,,,,
bbv,101,0,25,25,25,3383274,26,26,25,25,1693681,1693680,1330310,300,300,275,137,,,,,,,,,,,,,,,,,,,,,,,
csv,101,0,96510731,96510732,96510985,97952777,97952780,97952781,96510718,96510721,99999981,99999967,100000004,96510973,96510983,96510965,96510979,,,,,,,,,,,,,,,,,,,,,,,
bb_id,101,0,47,48,49,50,51,53,54,55,57,58,59,61,62,63,64,,,,,,,,,,,,,,,,,,,,,,,
bbv,102,0,26,26,26,3407872,26,26,26,26,1686775,1686775,1324237,312,312,286,151,,,,,,,,,,,,,,,,,,,,,,,
csv,102,0,97145418,97145419,97145672,98587464,98587467,98587468,97145405,97145408,99999995,99999981,100000018,97145660,97145670,97145652,97145666,,,,,,,,,,,,,,,,,,,,,,,
bb_id,102,0,47,48,49,50,51,53,54,55,57,58,59,61,62,63,64,,,,,,,,,,,,,,,,,,,,,,,
bbv,103,0,26,26,26,3407872,26,26,26,26,1685849,1685850,1324995,312,312,286,174,,,,,,,,,,,,,,,,,,,,,,,
csv,103,0,97816275,97816276,97816547,99258339,99258342,99258343,97816262,97816265,99999973,100000001,99999996,97816535,97816545,97816527,97816541,,,,,,,,,,,,,,,,,,,,,,,
bb_id,103,0,47,48,49,50,51,53,54,55,57,58,59,61,62,63,64,,,,,,,,,,,,,,,,,,,,,,,
bbv,104,0,26,26,26,3407872,26,26,26,26,1686474,1686473,1324489,312,312,286,138,,,,,,,,,,,,,,,,,,,,,,,
csv,104,0,98463072,98463073,98463326,99905118,99905121,99905122,98463059,98463062,99999989,99999975,100000012,98463314,98463324,98463306,98463320,,,,,,,,,,,,,,,,,,,,,,,
bb_id,104,0,47,48,49,50,51,53,54,55,57,58,59,61,62,63,64,,,,,,,,,,,,,,,,,,,,,,,
bbv,105,0,26,26,26,3356460,25,25,26,26,1701365,1701366,1336770,312,312,286,160,,,,,,,,,,,,,,,,,,,,,,,
csv,105,0,99123490,99123491,99123750,100000010,96694548,96694549,99123477,99123480,99123446,99123474,99123469,99123738,99123748,99123730,99123744,,,,,,,,,,,,,,,,,,,,,,,
bb_id,105,0,47,48,49,50,51,53,54,55,57,58,59,61,62,63,64,,,,,,,,,,,,,,,,,,,,,,,
bbv,106,0,26,26,26,3348581,26,26,26,26,1703936,1703936,1338412,312,312,286,169,,,,,,,,,,,,,,,,,,,,,,,
csv,106,0,99775690,99775691,99775950,100000009,97349002,97349003,99775677,99775680,99775669,99775674,99775631,99775938,99775948,99775930,99775944,,,,,,,,,,,,,,,,,,,,,,,
bb_id,106,0,47,48,49,50,51,53,54,55,57,58,59,61,62,63,64,,,,,,,,,,,,,,,,,,,,,,,
bbv,107,0,25,25,25,3387503,26,26,25,25,1691924,1691923,1329730,300,300,275,171,,,,,,,,,,,,,,,,,,,,,,,
csv,107,0,96574255,96574256,96574521,98016313,98016316,98016317,96574242,96574245,99999981,99999967,100000004,96574509,96574519,96574501,96574515,,,,,,,,,,,,,,,,,,,,,,,
bb_id,107,0,47,48,49,50,51,53,54,55,57,58,59,61,62,63,64,,,,,,,,,,,,,,,,,,,,,,,
bbv,108,0,26,26,26,3407872,26,26,26,26,1686406,1686406,1324528,312,312,286,203,,,,,,,,,,,,,,,,,,,,,,,
csv,108,0,97224186,97224187,97224470,98666262,98666265,98666266,97224173,97224176,99999989,99999975,100000012,97224458,97224468,97224450,97224464,,,,,,,,,,,,,,,,,,,,,,,
bb_id,108,0,47,48,49,50,51,53,54,55,57,58,59,61,62,63,64,,,,,,,,,,,,,,,,,,,,,,,
bbv,109,0,26,26,26,3407872,26,26,26,26,1686354,1686355,1324588,312,312,286,135,,,,,,,,,,,,,,,,,,,,,,,
csv,109,0,97874594,97874595,97874854,99316646,99316649,99316650,97874581,97874584,99999973,100000001,99999996,97874842,97874852,97874834,97874848,,,,,,,,,,,,,,,,,,,,,,,
bb_id,109,0,47,48,49,50,51,53,54,55,57,58,59,61,62,63,64,,,,,,,,,,,,,,,,,,,,,,,
bbv,110,0,26,26,26,3407872,26,26,26,26,1686776,1686775,1324233,312,312,286,161,,,,,,,,,,,,,,,,,,,,,,,
csv,110,0,98511477,98511478,98511743,99953535,99953538,99953539,98511464,98511467,100000000,99999986,99999981,98511731,98511741,98511723,98511737,,,,,,,,,,,,,,,,,,,,,,,
bb_id,110,0,47,48,49,50,51,53,54,55,57,58,59,61,62,63,64,,,,,,,,,,,,,,,,,,,,,,,
bbv,111,0,26,26,26,3352943,25,25,26,26,1702684,1702685,1337360,312,312,286,169,,,,,,,,,,,,,,,,,,,,,,,
csv,111,0,99162169,99162170,99162435,100000008,96731318,96731319,99162156,99162159,99162125,99162153,99162148,99162423,99162433,99162415,99162429,,,,,,,,,,,,,,,,,,,,,,,
bb_id,111,0,47,48,49,50,51,53,54,55,57,58,59,61,62,63,64,,,,,,,,,,,,,,,,,,,,,,,
bbv,112,0,26,26,26,3350242,26,26,26,26,1703936,1703936,1337615,312,312,286,179,,,,,,,,,,,,,,,,,,,,,,,
csv,112,0,99796094,99796095,99796366,100000009,97365082,97365083,99796081,99796084,99796073,99796078,99796035,99796354,99796364,99796346,99796360,,,,,,,,,,,,,,,,,,,,,,,
bb_id,112,0,47,48,49,50,51,53,54,55,57,58,59,61,62,63,64,,,,,,,,,,,,,,,,,,,,,,,
bbv,113,0,25,25,25,3389359,26,26,25,25,1691940,1691939,1328824,300,300,275,192,,,,,,,,,,,,,,,,,,,,,,,
csv,113,0,96579589,96579590,96579837,98021629,98021632,98021633,96579576,96579579,100000012,99999998,99999993,96579825,96579835,96579817,96579831,,,,,,,,,,,,,,,,,,,,,,,
bb_id,113,0,47,48,49,50,51,53,54,55,57,58,59,61,62,63,64,,,,,,,,,,,,,,,,,,,,,,,
bbv,114,0,26,26,26,3407872,26,26,26,26,1686562,1686562,1324409,312,312,286,164,,,,,,,,,,,,,,,,,,,,,,,
csv,114,0,97218330,97218331,97218596,98660388,98660391,98660392,97218317,97218320,100000005,99999991,99999967,97218584,97218594,97218576,97218590,,,,,,,,,,,,,,,,,,,,,,,
bb_id,114,0,47,48,49,50,51,53,54,55,57,58,59,61,62,63,64,,,,,,,,,,,,,,,,,,,,,,,
bbv,115,0,26,26,26,3407872,26,26,26,26,1686707,1686707,1324283,312,312,286,187,,,,,,,,,,,,,,,,,,,,,,,
csv,115,0,97858200,97858201,97858466,99300258,99300261,99300262,97858187,97858190,100000000,99999986,99999981,97858454,97858464,97858446,97858460,,,,,,,,,,,,,,,,,,,,,,,
bb_id,115,0,47,48,49,50,51,53,54,55,57,58,59,61,62,63,64,,,,,,,,,,,,,,,,,,,,,,,
bbv,116,0,26,26,26,3407872,26,26,26,26,1687225,1687225,1323853,312,312,286,196,,,,,,,,,,,,,,,,,,,,,,,
csv,116,0,98475767,98475768,98476039,99917831,99917834,99917835,98475754,98475757,100000006,99999992,99999987,98476027,98476037,98476019,98476033,,,,,,,,,,,,,,,,,,,,,,,
bb_id,116,0,47,48,49,50,51,53,54,55,57,58,59,61,62,63,64,,,,,,,,,,,,,,,,,,,,,,,
bbv,117,0,26,26,26,3355810,25,25,26,26,1701710,1701711,1336784,312,312,286,204,,,,,,,,,,,,,,,,,,,,,,,
csv,117,0,99130625,99130626,99130891,100000001,96703960,96703961,99130612,99130615,99130581,99130609,99130604,99130879,99130889,99130871,99130885,,,,,,,,,,,,,,,,,,,,,,,
bb_id,117,0,47,48,49,50,51,53,54,55,57,58,59,61,62,63,64,,,,,,,,,,,,,,,,,,,,,,,
bbv,118,0,26,26,26,3350773,26,26,26,26,1703936,1703936,1337352,312,312,286,213,,,,,,,,,,,,,,,,,,,,,,,
csv,118,0,99758742,99758743,99758984,100000005,97331617,97331618,99758729,99758732,99758698,99758726,99758721,99758972,99758982,99758964,99758978,,,,,,,,,,,,,,,,,,,,,,,
bb_id,118,0,47,48,49,50,51,53,54,55,57,58,59,61,62,63,64,,,,,,,,,,,,,,,,,,,,,,,
bbv,119,0,25,25,25,3385961,26,26,25,25,1692735,1692734,1329813,300,300,275,112,,,,,,,,,,,,,,,,,,,,,,,
csv,119,0,96544479,96544480,96544739,97986531,97986534,97986535,96544466,96544469,100000006,99999992,99999968,96544727,96544737,96544719,96544733,,,,,,,,,,,,,,,,,,,,,,,
bb_id,119,0,47,48,49,50,51,53,54,55,57,58,59,61,62,63,64,,,,,,,,,,,,,,,,,,,,,,,
bbv,120,0,26,26,26,3407872,26,26,26,26,1686346,1686346,1324595,312,312,286,135,,,,,,,,,,,,,,,,,,,,,,,
csv,120,0,97194570,97194571,97194830,98636622,98636625,98636626,97194557,97194560,99999982,99999968,100000005,97194818,97194828,97194810,97194824,,,,,,,,,,,,,,,,,,,,,,,
bb_id,120,0,47,48,49,50,51,53,54,55,57,58,59,61,62,63,64,,,,,,,,,,,,,,,,,,,,,,,
bbv,121,0,26,26,26,3407872,26,26,26,26,1686302,1686302,1324629,312,312,286,145,,,,,,,,,,,,,,,,,,,,,,,
csv,121,0,97847683,97847684,97847949,99289741,99289744,99289745,97847670,97847673,99999988,99999974,100000011,97847937,97847947,97847929,97847943,,,,,,,,,,,,,,,,,,,,,,,
bb_id,121,0,47,48,49,50,51,53,54,55,57,58,59,61,62,63,64,,,,,,,,,,,,,,,,,,,,,,,
bbv,122,0,26,26,26,3407872,26,26,26,26,1686499,1686499,1324465,312,312,286,151,,,,,,,,,,,,,,,,,,,,,,,
csv,122,0,98495962,98495963,98496222,99938014,99938017,99938018,98495949,98495952,99999995,99999981,100000018,98496210,98496220,98496202,98496216,,,,,,,,,,,,,,,,,,,,,,,
bb_id,122,0,47,48,49,50,51,53,54,55,57,58,59,61,62,63,64,,,,,,,,,,,,,,,,,,,,,,,
bbv,123,0,26,26,26,3355248,25,25,26,26,1702262,1702263,1336606,312,312,286,169,,,,,,,,,,,,,,,,,,,,,,,
csv,123,0,99136821,99136822,99137075,100000003,96706407,96706408,99136808,99136811,99136777,99136805,99136800,99137063,99137073,99137055,99137069,,,,,,,,,,,,,,,,,,,,,,,
bb_id,123,0,47,48,49,50,51,53,54,55,57,58,59,61,62,63,64,,,,,,,,,,,,,,,,,,,,,,,
bbv,124,0,26,26,26,3348483,26,26,26,26,1703936,1703936,1338465,312,312,286,145,,,,,,,,,,,,,,,,,,,,,,,
csv,124,0,99790091,99790092,99790357,100000006,97360183,97360184,99790078,99790081,99790047,99790075,99790070,99790345,99790355,99790337,99790351,,,,,,,,,,,,,,,,,,,,,,,
bb_id,124,0,47,48,49,50,51,53,54,55,57,58,59,61,62,63,64,,,,,,,,,,,,,,,,,,,,,,,
bbv,125,0,25,25,25,3388813,26,26,25,25,1691719,1691718,1329277,300,300,275,155,,,,,,,,,,,,,,,,,,,,,,,
csv,125,0,96578196,96578197,96578462,98020254,98020257,98020258,96578183,96578186,99999981,99999967,100000004,96578450,96578460,96578442,96578456,,,,,,,,,,,,,,,,,,,,,,,
bb_id,125,0,47,48,49,50,51,53,54,55,57,58,59,61,62,63,64,,,,,,,,,,,,,,,,,,,,,,,
bbv,126,0,26,26,26,3407872,26,26,26,26,1686845,1686845,1324174,312,312,286,169,,,,,,,,,,,,,,,,,,,,,,,
csv,126,0,97216982,97216983,97217236,98659028,98659031,98659032,97216969,97216972,99999984,99999970,100000007,97217224,97217234,97217216,97217230,,,,,,,,,,,,,,,,,,,,,,,
bb_id,126,0,47,48,49,50,51,53,54,55,57,58,59,61,62,63,64,,,,,,,,,,,,,,,,,,,,,,,
bbv,127,0,26,26,26,3407872,26,26,26,26,1685876,1685876,1324972,312,312,286,179,,,,,,,,,,,,,,,,,,,,,,,
csv,127,0,97882550,97882551,97882816,99324608,99324611,99324612,97882537,97882540,100000010,99999996,99999972,97882804,97882814,97882796,97882810,,,,,,,,,,,,,,,,,,,,,,,
bb_id,127,0,47,48,49,50,51,53,54,55,57,58,59,61,62,63,64,,,,,,,,,,,,,,,,,,,,,,,
bbv,128,0,26,26,26,3407872,26,26,26,26,1686730,1686730,1324264,312,312,286,188,,,,,,,,,,,,,,,,,,,,,,,
csv,128,0,98522232,98522233,98522480,99964272,99964275,99964276,98522219,98522222,99999983,99999969,100000006,98522468,98522478,98522460,98522474,,,,,,,,,,,,,,,,,,,,,,,
bb_id,128,0,47,48,49,50,51,53,54,55,57,58,59,61,62,63,64,,,,,,,,,,,,,,,,,,,,,,,
bbv,129,0,26,26,26,3353459,25,25,26,26,1702974,1702975,1336879,312,312,286,148,,,,,,,,,,,,,,,,,,,,,,,
csv,129,0,99156490,99156491,99156756,100000005,96730975,96730976,99156477,99156480,99156446,99156474,99156469,99156744,99156754,99156736,99156750,,,,,,,,,,,,,,,,,,,,,,,
bb_id,129,0,47,48,49,50,51,53,54,55,57,58,59,61,62,63,64,,,,,,,,,,,,,,,,,,,,,,,
bbv,130,0,26,26,26,3349504,26,26,26,26,1703936,1703936,1337972,312,312,286,162,,,,,,,,,,,,,,,,,,,,,,,
csv,130,0,99798539,99798540,99798799,100000000,97368102,97368103,99798526,99798529,99798495,99798523,99798518,99798787,99798797,99798779,99798793,,,,,,,,,,,,,,,,,,,,,,,
bb_id,130,0,47,48,49,50,51,53,54,55,57,58,59,61,62,63,64,,,,,,,,,,,,,,,,,,,,,,,
bbv,131,0,25,25,25,3389581,26,26,25,25,1691528,1691527,1329066,300,300,275,161,,,,,,,,,,,,,,,,,,,,,,,
csv,131,0,96590711,96590712,96590971,98032763,98032766,98032767,96590698,96590701,100000006,99999992,99999968,96590959,96590969,96590951,96590965,,,,,,,,,,,,,,,,,,,,,,,
bb_id,131,0,47,48,49,50,51,53,54,55,57,58,59,61,62,63,64,,,,,,,,,,,,,,,,,,,,,,,
bbv,132,0,26,26,26,3407872,26,26,26,26,1686450,1686450,1324497,312,312,286,181,,,,,,,,,,,,,,,,,,,,,,,
csv,132,0,97236627,97236628,97236899,98678691,98678694,98678695,97236614,97236617,99999980,99999966,100000003,97236887,97236897,97236879,97236893,,,,,,,,,,,,,,,,,,,,,,,
bb_id,132,0,47,48,49,50,51,53,54,55,57,58,59,61,62,63,64,,,,,,,,,,,,,,,,,,,,,,,
bbv,133,0,26,26,26,3407872,26,26,26,26,1685907,1685907,1324943,312,312,286,191,,,,,,,,,,,,,,,,,,,,,,,
csv,133,0,97908413,97908414,97908673,99350465,99350468,99350469,97908400,97908403,99999981,99999967,100000004,97908661,97908671,97908653,97908667,,,,,,,,,,,,,,,,,,,,,,,
bb_id,133,0,47,48,49,50,51,53,54,55,57,58,59,61,62,63,64,,,,,,,,,,,,,,,,,,,,,,,
bbv,134,0,26,26,26,3407757,25,25,26,26,1686323,1686324,1324658,312,312,286,177,,,,,,,,,,,,,,,,,,,,,,,
csv,134,0,98559200,98559201,98559478,100000005,96125865,96125866,98559187,98559190,98559156,98559184,98559179,98559466,98559476,98559458,98559472,,,,,,,,,,,,,,,,,,,,,,,
bb_id,134,0,47,48,49,50,51,53,54,55,57,58,59,61,62,63,64,,,,,,,,,,,,,,,,,,,,,,,
bbv,135,0,26,26,26,3349370,26,26,26,26,1703936,1703936,1338030,312,312,286,187,,,,,,,,,,,,,,,,,,,,,,,
csv,135,0,99202733,99202734,99203005,100000010,96773791,96773792,99202720,99202723,99202689,99202717,99202712,99202993,99203003,99202985,99202999,,,,,,,,,,,,,,,,,,,,,,,
bb_id,135,0,47,48,49,50,51,53,54,55,57,58,59,61,62,63,64,,,,,,,,,,,,,,,,,,,,,,,
bbv,136,0,26,26,26,3348697,26,26,26,26,1703936,1703936,1338350,312,312,286,193,,,,,,,,,,,,,,,,,,,,,,,
csv,136,0,99853651,99853652,99853923,100000003,97424663,97424664,99853638,99853641,99853630,99853635,99853611,99853911,99853921,99853903,99853917,,,,,,,,,,,,,,,,,,,,,,,
bb_id,136,0,47,48,49,50,51,53,54,55,57,58,59,61,62,63,64,,,,,,,,,,,,,,,,,,,,,,,
bbv,137,0,25,25,25,3394592,26,26,25,25,1690102,1690101,1327837,300,300,275,200,,,,,,,,,,,,,,,,,,,,,,,
csv,137,0,96640994,96640995,96641266,98083058,98083061,98083062,96640981,96640984,99999977,99999963,100000000,96641254,96641264,96641246,96641260,,,,,,,,,,,,,,,,,,,,,,,
bb_id,137,0,47,48,49,50,51,53,54,55,57,58,59,61,62,63,64,,,,,,,,,,,,,,,,,,,,,,,
bbv,138,0,26,26,26,3407872,26,26,26,26,1686614,1686614,1324356,312,312,286,202,,,,,,,,,,,,,,,,,,,,,,,
csv,138,0,97283346,97283347,97283600,98725392,98725395,98725396,97283333,97283336,99999979,99999965,100000002,97283588,97283598,97283580,97283594,,,,,,,,,,,,,,,,,,,,,,,
bb_id,138,0,47,48,49,50,51,53,54,55,57,58,59,61,62,63,64,,,,,,,,,,,,,,,,,,,,,,,
bbv,139,0,26,26,26,3407872,26,26,26,26,1686635,1686636,1324352,312,312,286,150,,,,,,,,,,,,,,,,,,,,,,,
csv,139,0,97925303,97925304,97925551,99367343,99367346,99367347,97925290,97925293,99999974,100000002,99999997,97925539,97925549,97925531,97925545,,,,,,,,,,,,,,,,,,,,,,,
bb_id,139,0,47,48,49,50,51,53,54,55,57,58,59,61,62,63,64,,,,,,,,,,,,,,,,,,,,,,,
bbv,140,0,26,26,26,3407641,25,25,26,26,1686857,1686857,1324276,312,312,286,164,,,,,,,,,,,,,,,,,,,,,,,
csv,140,0,98560489,98560490,98560755,100000006,96126142,96126143,98560476,98560479,98560445,98560473,98560468,98560743,98560753,98560735,98560749,,,,,,,,,,,,,,,,,,,,,,,
bb_id,140,0,47,48,49,50,51,53,54,55,57,58,59,61,62,63,64,,,,,,,,,,,,,,,,,,,,,,,
bbv,141,0,26,26,26,3349176,26,26,26,26,1703936,1703936,1338128,312,312,286,166,,,,,,,,,,,,,,,,,,,,,,,
csv,141,0,99206149,99206150,99206409,100000004,96779530,96779531,99206136,99206139,99206105,99206133,99206128,99206397,99206407,99206389,99206403,,,,,,,,,,,,,,,,,,,,,,,
bb_id,141,0,47,48,49,50,51,53,54,55,57,58,59,61,62,63,64,,,,,,,,,,,,,,,,,,,,,,,
bbv,142,0,26,26,26,3349126,26,26,26,26,1703936,1703936,1338147,312,312,286,185,,,,,,,,,,,,,,,,,,,,,,,
csv,142,0,99852344,99852345,99852616,100000005,97428600,97428601,99852331,99852334,99852323,99852328,99852304,99852604,99852614,99852596,99852610,,,,,,,,,,,,,,,,,,,,,,,
bb_id,142,0,47,48,49,50,51,53,54,55,57,58,59,61,62,63,64,,,,,,,,,,,,,,,,,,,,,,,
bbv,143,0,25,25,25,3394473,26,26,25,25,1690387,1690386,1327664,300,300,275,181,,,,,,,,,,,,,,,,,,,,,,,
csv,143,0,96631113,96631114,96631379,98073171,98073174,98073175,96631100,96631103,100000013,99999999,99999994,96631367,96631377,96631359,96631373,,,,,,,,,,,,,,,,,,,,,,,
bb_id,143,0,47,48,49,50,51,53,54,55,57,58,59,61,62,63,64,,,,,,,,,,,,,,,,,,,,,,,
bbv,144,0,26,26,26,3407872,26,26,26,26,1686544,1686544,1324421,312,312,286,175,,,,,,,,,,,,,,,,,,,,,,,
csv,144,0,97274865,97274866,97275125,98716917,98716920,98716921,97274852,97274855,100000005,99999991,99999986,97275113,97275123,97275105,97275119,,,,,,,,,,,,,,,,,,,,,,,
bb_id,144,0,47,48,49,50,51,53,54,55,57,58,59,61,62,63,64,,,,,,,,,,,,,,,,,,,,,,,
bbv,145,0,26,26,26,3407872,26,26,26,26,1686124,1686124,1324764,312,312,286,193,,,,,,,,,,,,,,,,,,,,,,,
csv,145,0,97936396,97936397,97936674,99378466,99378469,99378470,97936383,97936386,99999999,99999985,100000022,97936662,97936672,97936654,97936668,,,,,,,,,,,,,,,,,,,,,,,
bb_id,145,0,47,48,49,50,51,53,54,55,57,58,59,61,62,63,64,,,,,,,,,,,,,,,,,,,,,,,
bbv,146,0,26,26,26,3406920,25,25,26,26,1687153,1687154,1324369,312,312,286,191,,,,,,,,,,,,,,,,,,,,,,,
csv,146,0,98568413,98568414,98568685,100000005,96139954,96139955,98568400,98568403,98568369,98568397,98568392,98568673,98568683,98568665,98568679,,,,,,,,,,,,,,,,,,,,,,,
bb_id,146,0,47,48,49,50,51,53,54,55,57,58,59,61,62,63,64,,,,,,,,,,,,,,,,,,,,,,,
bbv,147,0,26,26,26,3348107,26,26,26,26,1703936,1703936,1338627,312,312,286,213,,,,,,,,,,,,,,,,,,,,,,,
csv,147,0,99225815,99225816,99226099,100000004,96795815,96795816,99225802,99225805,99225771,99225799,99225794,99226087,99226097,99226079,99226093,,,,,,,,,,,,,,,,,,,,,,,
bb_id,147,0,47,48,49,50,51,53,54,55,57,58,59,61,62,63,64,,,,,,,,,,,,,,,,,,,,,,,
bbv,148,0,26,26,26,3350122,26,26,26,26,1703936,1703936,1337667,312,312,286,199,,,,,,,,,,,,,,,,,,,,,,,
csv,148,0,99861090,99861091,99861350,100000005,97437277,97437278,99861077,99861080,99861069,99861074,99861031,99861338,99861348,99861330,99861344,,,,,,,,,,,,,,,,,,,,,,,
bb_id,148,0,47,48,49,50,51,53,54,55,57,58,59,61,62,63,64,,,,,,,,,,,,,,,,,,,,,,,
bbv,149,0,25,25,25,3395267,26,26,25,25,1690021,1690020,1327589,300,300,275,170,,,,,,,,,,,,,,,,,,,,,,,
csv,149,0,96643950,96643951,96644210,98086002,98086005,98086006,96643937,96643940,99999979,99999965,100000002,96644198,96644208,96644190,96644204,,,,,,,,,,,,,,,,,,,,,,,
bb_id,149,0,47,48,49,50,51,53,54,55,57,58,59,61,62,63,64,,,,,,,,,,,,,,,,,,,,,,,
bbv,150,0,26,26,26,3407872,26,26,26,26,1686442,1686442,1324500,312,312,286,195,,,,,,,,,,,,,,,,,,,,,,,
csv,150,0,97292898,97292899,97293170,98734962,98734965,98734966,97292885,97292888,100000004,99999990,99999966,97293158,97293168,97293150,97293164,,,,,,,,,,,,,,,,,,,,,,,
bb_id,150,0,47,48,49,50,51,53,54,55,57,58,59,61,62,63,64,,,,,,,,,,,,,,,,,,,,,,,
bbv,151,0,26,26,26,3407872,26,26,26,26,1686138,1686138,1324752,312,312,286,191,,,,,,,,,,,,,,,,,,,,,,,
csv,151,0,97951791,97951792,97952063,99393855,99393858,99393859,97951778,97951781,100000000,99999986,99999962,97952051,97952061,97952043,97952057,,,,,,,,,,,,,,,,,,,,,,,
bb_id,151,0,47,48,49,50,51,53,54,55,57,58,59,61,62,63,64,,,,,,,,,,,,,,,,,,,,,,,
bbv,152,0,26,26,26,3402771,25,25,26,26,1687607,1687608,1325973,312,312,286,212,,,,,,,,,,,,,,,,,,,,,,,
csv,152,0,98614063,98614064,98614329,100000010,96182039,96182040,98614050,98614053,98614019,98614047,98614042,98614317,98614327,98614309,98614323,,,,,,,,,,,,,,,,,,,,,,,
bb_id,152,0,47,48,49,50,51,53,54,55,57,58,59,61,62,63,64,,,,,,,,,,,,,,,,,,,,,,,
bbv,153,0,26,26,26,3347432,26,26,26,26,1703936,1703936,1338951,312,312,286,209,,,,,,,,,,,,,,,,,,,,,,,
csv,153,0,99278900,99278901,99279166,100000007,96847382,96847383,99278887,99278890,99278856,99278884,99278879,99279154,99279164,99279146,99279160,,,,,,,,,,,,,,,,,,,,,,,
bb_id,153,0,47,48,49,50,51,53,54,55,57,58,59,61,62,63,64,,,,,,,,,,,,,,,,,,,,,,,
bbv,154,0,26,26,26,3348006,26,26,26,26,1703936,1703936,1338678,312,312,286,203,,,,,,,,,,,,,,,,,,,,,,,
csv,154,0,99937425,99937426,99937691,100000006,97506068,97506069,99937412,99937415,99937381,99937409,99937404,99937679,99937689,99937671,99937685,,,,,,,,,,,,,,,,,,,,,,,
bb_id,154,0,47,48,49,50,51,53,54,55,57,58,59,61,62,63,64,,,,,,,,,,,,,,,,,,,,,,,
bbv,155,0,25,25,25,3402207,26,26,25,25,1688176,1688175,1325782,300,300,275,216,,,,,,,,,,,,,,,,,,,,,,,
csv,155,0,96711204,96711205,96711488,98153280,98153283,98153284,96711191,96711194,100000002,99999988,99999983,96711476,96711486,96711468,96711482,,,,,,,,,,,,,,,,,,,,,,,
bb_id,155,0,47,48,49,50,51,53,54,55,57,58,59,61,62,63,64,,,,,,,,,,,,,,,,,,,,,,,
bbv,156,0,26,26,26,3407872,26,26,26,26,1686366,1686366,1324557,312,312,286,217,,,,,,,,,,,,,,,,,,,,,,,
csv,156,0,97363125,97363126,97363409,98805201,98805204,98805205,97363112,97363115,100000003,99999989,99999965,97363397,97363407,97363389,97363403,,,,,,,,,,,,,,,,,,,,,,,
bb_id,156,0,47,48,49,50,51,53,54,55,57,58,59,61,62,63,64,,,,,,,,,,,,,,,,,,,,,,,
bbv,157,0,26,26,26,3407872,26,26,26,26,1686290,1686290,1324615,312,312,286,237,,,,,,,,,,,,,,,,,,,,,,,
csv,157,0,98018828,98018829,98019106,99460898,99460901,99460902,98018815,98018818,100000013,99999999,99999975,98019094,98019104,98019086,98019100,,,,,,,,,,,,,,,,,,,,,,,
bb_id,157,0,47,48,49,50,51,53,54,55,57,58,59,61,62,63,64,,,,,,,,,,,,,,,,,,,,,,,
bbv,158,0,1,1,1,1,1,1,1,1,1,1,1,1,1,1,1,1,1,1,1,1,1,1,14,14,14,1835008,14,14,15,15,968480,968481,760209,168,168,154,143,1
csv,158,0,56075304,56075436,56075312,56075316,56075324,56075328,56075336,56075340,56075348,56075352,56075360,56075364,56075372,56075376,56075384,56075388,56075396,56075400,56075408,56075412,56075420,56075426,52203357,52203358,52203653,53645445,53645448,53645449,56075297,56075300,56075266,56075294,56075289,52203641,52203651,52203633,52203647,56075437
bb_id,158,0,25,26,27,28,29,30,31,32,33,34,35,36,37,38,39,40,41,42,43,44,45,46,47,48,49,50,51,53,54,55,57,58,59,61,62,63,64,66
