machine,input_size,benchmark,rid,run_id,runtime(ns)
summer,A,ep_A,21,0,35048927
summer,A,ep_A,21,3,34618418
summer,A,ep_A,21,4,34557641
summer,A,ep_A,21,1,34133286
summer,A,ep_A,21,2,34803133
summer,A,ep_A,10,3,35115427
summer,A,ep_A,10,4,35097182
summer,A,ep_A,10,0,35037983
summer,A,ep_A,10,2,35122101
summer,A,ep_A,10,1,34611382
summer,A,ep_A,18,2,34278431
summer,A,ep_A,18,1,34267585
summer,A,ep_A,18,3,34065304
summer,A,ep_A,18,4,34129281
summer,A,ep_A,18,0,34378061
summer,A,ep_A,24,2,34991032
summer,A,ep_A,24,1,35094575
summer,A,ep_A,24,3,34637832
summer,A,ep_A,24,4,35199780
summer,A,ep_A,24,0,34272046
summer,A,sp_A,1368,4,6771467
summer,A,sp_A,1368,3,6843897
summer,A,sp_A,1368,0,6791184
summer,A,sp_A,1368,2,6746001
summer,A,sp_A,1368,1,6678385
summer,A,sp_A,954,1,7338219
summer,A,sp_A,954,2,7280046
summer,A,sp_A,954,0,7303538
summer,A,sp_A,954,4,7364587
summer,A,sp_A,954,3,7317742
summer,A,sp_A,149,3,7502130
summer,A,sp_A,149,4,7606387
summer,A,sp_A,149,0,7533171
summer,A,sp_A,149,2,7546979
summer,A,sp_A,149,1,7504536
summer,A,sp_A,302,2,7828025
summer,A,sp_A,302,1,7908986
summer,A,sp_A,302,4,7805295
summer,A,sp_A,302,3,7824394
summer,A,sp_A,302,0,8681063
summer,A,sp_A,44,1,7631617
summer,A,sp_A,44,2,7668118
summer,A,sp_A,44,0,7671054
summer,A,sp_A,44,4,7667774
summer,A,sp_A,44,3,7672802
summer,A,sp_A,1604,3,7647883
summer,A,sp_A,1604,4,7685175
summer,A,sp_A,1604,0,7648314
summer,A,sp_A,1604,2,7663380
summer,A,sp_A,1604,1,7619135
summer,A,sp_A,425,1,7557137
summer,A,sp_A,425,2,7612866
summer,A,sp_A,425,0,7589510
summer,A,sp_A,425,4,7614984
summer,A,sp_A,425,3,7584080
summer,A,sp_A,522,1,7686163
summer,A,sp_A,522,2,7591279
summer,A,sp_A,522,0,7664064
summer,A,sp_A,522,4,7693504
summer,A,sp_A,522,3,7700981
summer,A,sp_A,1385,0,8046709
summer,A,sp_A,1385,3,7932109
summer,A,sp_A,1385,4,8128596
summer,A,sp_A,1385,1,8130208
summer,A,sp_A,1385,2,8093802
summer,A,sp_A,1522,0,7722034
summer,A,sp_A,1522,4,7708654
summer,A,sp_A,1522,3,7755115
summer,A,sp_A,1522,1,7793193
summer,A,sp_A,1522,2,7771914
summer,A,sp_A,1735,1,7901583
summer,A,sp_A,1735,2,8066156
summer,A,sp_A,1735,0,8027553
summer,A,sp_A,1735,3,7978998
summer,A,sp_A,1735,4,8125107
summer,A,sp_A,1372,0,7007206
summer,A,sp_A,1372,4,7007915
summer,A,sp_A,1372,3,6954349
summer,A,sp_A,1372,1,7065267
summer,A,sp_A,1372,2,6989670
summer,A,sp_A,37,3,7296271
summer,A,sp_A,37,4,7334879
summer,A,sp_A,37,0,7309659
summer,A,sp_A,37,2,7274538
summer,A,sp_A,37,1,7266362
summer,A,sp_A,1237,2,7673397
summer,A,sp_A,1237,1,7667849
summer,A,sp_A,1237,3,8640902
summer,A,sp_A,1237,4,7703887
summer,A,sp_A,1237,0,7735992
summer,A,sp_A,1805,3,6531837
summer,A,sp_A,1805,4,6729362
summer,A,sp_A,1805,0,6738919
summer,A,sp_A,1805,2,6683041
summer,A,sp_A,1805,1,6691927
summer,A,sp_A,760,1,6627190
summer,A,sp_A,760,2,6468398
summer,A,sp_A,760,0,6629117
summer,A,sp_A,760,3,6585074
summer,A,sp_A,760,4,6457169
summer,A,sp_A,267,1,7720729
summer,A,sp_A,267,2,7734455
summer,A,sp_A,267,0,7778215
summer,A,sp_A,267,4,7750825
summer,A,sp_A,267,3,7729919
summer,A,sp_A,582,0,8098398
summer,A,sp_A,582,4,8015173
summer,A,sp_A,582,3,8054870
summer,A,sp_A,582,1,8006531
summer,A,sp_A,582,2,8026071
summer,A,sp_A,358,0,7642339
summer,A,sp_A,358,3,7685726
summer,A,sp_A,358,4,9614244
summer,A,sp_A,358,1,7655921
summer,A,sp_A,358,2,7651465
summer,A,sp_A,1200,2,7766561
summer,A,sp_A,1200,1,7694298
summer,A,sp_A,1200,3,7620196
summer,A,sp_A,1200,4,7661094
summer,A,sp_A,1200,0,7687904
summer,A,sp_A,825,0,6602705
summer,A,sp_A,825,3,6644971
summer,A,sp_A,825,4,6663678
summer,A,sp_A,825,1,6591790
summer,A,sp_A,825,2,6626903
summer,A,sp_A,1598,1,6693524
summer,A,sp_A,1598,2,6678384
summer,A,sp_A,1598,0,6697519
summer,A,sp_A,1598,4,6737861
summer,A,sp_A,1598,3,6703136
summer,A,sp_A,1058,3,8183373
summer,A,sp_A,1058,4,8110064
summer,A,sp_A,1058,0,8251127
summer,A,sp_A,1058,2,8138502
summer,A,sp_A,1058,1,8241650
summer,A,sp_A,1841,0,1089496
summer,A,sp_A,1841,3,1066542
summer,A,sp_A,1841,4,1079549
summer,A,sp_A,1841,1,1075298
summer,A,sp_A,1841,2,1070887
summer,A,sp_A,1328,4,7727233
summer,A,sp_A,1328,3,7814609
summer,A,sp_A,1328,0,7717059
summer,A,sp_A,1328,2,7696244
summer,A,sp_A,1328,1,7708887
summer,A,sp_A,1686,4,7359044
summer,A,sp_A,1686,3,7331421
summer,A,sp_A,1686,0,7312707
summer,A,sp_A,1686,2,7333776
summer,A,sp_A,1686,1,7354805
summer,A,sp_A,520,1,8005495
summer,A,sp_A,520,2,7951382
summer,A,sp_A,520,0,7914209
summer,A,sp_A,520,4,7800670
summer,A,sp_A,520,3,7966169
summer,A,sp_A,708,2,7755503
summer,A,sp_A,708,1,9132301
summer,A,sp_A,708,3,7852542
summer,A,sp_A,708,4,7773258
summer,A,sp_A,708,0,7817247
summer,A,cg_A,5,2,9398158
summer,A,cg_A,5,1,10443880
summer,A,cg_A,5,4,10281559
summer,A,cg_A,5,3,9548883
summer,A,cg_A,5,0,9716483
summer,A,cg_A,37,1,3527899
summer,A,cg_A,37,2,3502133
summer,A,cg_A,37,0,3679184
summer,A,cg_A,37,3,3506293
summer,A,cg_A,37,4,3532592
summer,A,cg_A,9,2,6961419
summer,A,cg_A,9,1,6859145
summer,A,cg_A,9,4,6959567
summer,A,cg_A,9,3,6898878
summer,A,cg_A,9,0,6841913
summer,A,lu_A,807,1,7264138
summer,A,lu_A,807,2,7255868
summer,A,lu_A,807,0,7247050
summer,A,lu_A,807,3,7244435
summer,A,lu_A,807,4,7232106
summer,A,lu_A,152,1,8319369
summer,A,lu_A,152,2,8326300
summer,A,lu_A,152,0,7677797
summer,A,lu_A,152,3,7549546
summer,A,lu_A,152,4,7864220
summer,A,lu_A,270,1,7788762
summer,A,lu_A,270,2,7687027
summer,A,lu_A,270,0,7730634
summer,A,lu_A,270,4,7729100
summer,A,lu_A,270,3,7728642
summer,A,lu_A,640,1,8832981
summer,A,lu_A,640,2,9020062
summer,A,lu_A,640,0,8192739
summer,A,lu_A,640,3,8747590
summer,A,lu_A,640,4,8573666
summer,A,lu_A,708,0,7770411
summer,A,lu_A,708,4,7640288
summer,A,lu_A,708,3,7798753
summer,A,lu_A,708,1,7815859
summer,A,lu_A,708,2,7703543
summer,A,lu_A,1438,1,7022001
summer,A,lu_A,1438,2,7139018
summer,A,lu_A,1438,0,7236624
summer,A,lu_A,1438,4,7294144
summer,A,lu_A,1438,3,6966201
summer,A,lu_A,1432,1,9189405
summer,A,lu_A,1432,2,9176826
summer,A,lu_A,1432,0,7968485
summer,A,lu_A,1432,4,7673369
summer,A,lu_A,1432,3,7821303
summer,A,lu_A,974,0,7806328
summer,A,lu_A,974,3,7822408
summer,A,lu_A,974,4,7882442
summer,A,lu_A,974,1,7681127
summer,A,lu_A,974,2,7808302
summer,A,lu_A,135,4,7185166
summer,A,lu_A,135,3,7170341
summer,A,lu_A,135,0,7211928
summer,A,lu_A,135,2,7172065
summer,A,lu_A,135,1,7099094
summer,A,lu_A,706,1,7158618
summer,A,lu_A,706,2,7132350
summer,A,lu_A,706,0,7027284
summer,A,lu_A,706,4,7139929
summer,A,lu_A,706,3,7159891
summer,A,lu_A,591,1,7236605
summer,A,lu_A,591,2,7251685
summer,A,lu_A,591,0,7262551
summer,A,lu_A,591,4,7215433
summer,A,lu_A,591,3,7235842
summer,A,lu_A,1261,0,8370617
summer,A,lu_A,1261,3,8465468
summer,A,lu_A,1261,4,8644190
summer,A,lu_A,1261,1,8839296
summer,A,lu_A,1261,2,7781116
summer,A,lu_A,317,0,7412198
summer,A,lu_A,317,3,7430836
summer,A,lu_A,317,4,7295804
summer,A,lu_A,317,1,7757362
summer,A,lu_A,317,2,7868840
summer,A,lu_A,1018,2,7537275
summer,A,lu_A,1018,1,7548746
summer,A,lu_A,1018,4,7673814
summer,A,lu_A,1018,3,7564842
summer,A,lu_A,1018,0,7472126
summer,A,lu_A,1481,1,8065686
summer,A,lu_A,1481,2,8058393
summer,A,lu_A,1481,0,8034291
summer,A,lu_A,1481,3,7961376
summer,A,lu_A,1481,4,8033879
summer,A,lu_A,839,1,7400222
summer,A,lu_A,839,2,7359012
summer,A,lu_A,839,0,7352955
summer,A,lu_A,839,4,7379012
summer,A,lu_A,839,3,7376282
summer,A,lu_A,426,0,6830321
summer,A,lu_A,426,3,7056891
summer,A,lu_A,426,4,7070570
summer,A,lu_A,426,1,7039695
summer,A,lu_A,426,2,7060522
summer,A,lu_A,49,3,7148319
summer,A,lu_A,49,4,6884782
summer,A,lu_A,49,0,7002962
summer,A,lu_A,49,2,7130606
summer,A,lu_A,49,1,6957411
summer,A,lu_A,545,4,8700974
summer,A,lu_A,545,3,7991834
summer,A,lu_A,545,0,8506409
summer,A,lu_A,545,2,8789555
summer,A,lu_A,545,1,7873327
summer,A,lu_A,442,2,7017773
summer,A,lu_A,442,1,6918165
summer,A,lu_A,442,4,6971681
summer,A,lu_A,442,3,6975725
summer,A,lu_A,442,0,6984072
summer,A,lu_A,1399,2,7823149
summer,A,lu_A,1399,1,7888221
summer,A,lu_A,1399,4,7813934
summer,A,lu_A,1399,3,7616915
summer,A,lu_A,1399,0,7777937
summer,A,lu_A,589,0,8258650
summer,A,lu_A,589,3,9012451
summer,A,lu_A,589,4,9261293
summer,A,lu_A,589,1,8150864
summer,A,lu_A,589,2,8245075
summer,A,lu_A,1013,4,7188074
summer,A,lu_A,1013,3,7039001
summer,A,lu_A,1013,0,7139409
summer,A,lu_A,1013,2,7434023
summer,A,lu_A,1013,1,7102089
summer,A,lu_A,1572,2,8415529
summer,A,lu_A,1572,1,8360766
summer,A,lu_A,1572,4,8721680
summer,A,lu_A,1572,3,8331495
summer,A,lu_A,1572,0,8696626
summer,A,lu_A,574,0,7218640
summer,A,lu_A,574,3,7099559
summer,A,lu_A,574,4,7217549
summer,A,lu_A,574,1,7106083
summer,A,lu_A,574,2,7237348
summer,A,lu_A,198,2,7240194
summer,A,lu_A,198,1,7057418
summer,A,lu_A,198,3,7259252
summer,A,lu_A,198,4,7255599
summer,A,lu_A,198,0,7242657
summer,A,lu_A,642,2,7300636
summer,A,lu_A,642,1,7198907
summer,A,lu_A,642,4,7242764
summer,A,lu_A,642,3,7004679
summer,A,lu_A,642,0,7166320
summer,A,lu_A,296,3,7041078
summer,A,lu_A,296,4,7159519
summer,A,lu_A,296,0,7042261
summer,A,lu_A,296,2,7085755
summer,A,lu_A,296,1,7018240
summer,A,lu_A,1026,1,7281922
summer,A,lu_A,1026,2,7499773
summer,A,lu_A,1026,0,7476731
summer,A,lu_A,1026,4,7156138
summer,A,lu_A,1026,3,7287260
summer,A,mg_A,2,0,9865293
summer,A,mg_A,2,4,9583599
summer,A,mg_A,2,3,9704606
summer,A,mg_A,2,1,9817270
summer,A,mg_A,2,2,9613439
summer,A,mg_A,7,1,11694563
summer,A,mg_A,7,2,11273738
summer,A,mg_A,7,0,11183878
summer,A,mg_A,7,3,11399172
summer,A,mg_A,7,4,12033553
summer,A,mg_A,23,4,10532437
summer,A,mg_A,23,3,9809429
summer,A,mg_A,23,0,9425480
summer,A,mg_A,23,2,10129258
summer,A,mg_A,23,1,9676984
summer,A,bt_A,656,1,6352172
summer,A,bt_A,656,2,6431631
summer,A,bt_A,656,0,6404604
summer,A,bt_A,656,3,6417711
summer,A,bt_A,656,4,6464623
summer,A,bt_A,1069,1,6705744
summer,A,bt_A,1069,2,6694394
summer,A,bt_A,1069,0,6706491
summer,A,bt_A,1069,4,6658895
summer,A,bt_A,1069,3,6665025
summer,A,bt_A,1529,2,6939707
summer,A,bt_A,1529,1,6965000
summer,A,bt_A,1529,4,6959310
summer,A,bt_A,1529,3,6964532
summer,A,bt_A,1529,0,6806183
summer,A,bt_A,1941,4,6400100
summer,A,bt_A,1941,3,6261056
summer,A,bt_A,1941,0,6373340
summer,A,bt_A,1941,2,6427749
summer,A,bt_A,1941,1,6425639
summer,A,bt_A,1070,1,6791361
summer,A,bt_A,1070,2,6794050
summer,A,bt_A,1070,0,6815555
summer,A,bt_A,1070,3,6818033
summer,A,bt_A,1070,4,6796885
summer,A,bt_A,748,2,6991188
summer,A,bt_A,748,1,6858503
summer,A,bt_A,748,3,6814878
summer,A,bt_A,748,4,6773832
summer,A,bt_A,748,0,6779446
summer,A,bt_A,1644,2,6248975
summer,A,bt_A,1644,1,6107779
summer,A,bt_A,1644,4,6269247
summer,A,bt_A,1644,3,6293165
summer,A,bt_A,1644,0,6247788
summer,A,bt_A,859,2,6487432
summer,A,bt_A,859,1,6529118
summer,A,bt_A,859,4,6564184
summer,A,bt_A,859,3,6559814
summer,A,bt_A,859,0,6520460
summer,A,bt_A,793,2,6401877
summer,A,bt_A,793,1,6244918
summer,A,bt_A,793,4,6369631
summer,A,bt_A,793,3,6380203
summer,A,bt_A,793,0,6370599
summer,A,bt_A,21,0,6636318
summer,A,bt_A,21,3,6568895
summer,A,bt_A,21,4,6604216
summer,A,bt_A,21,1,6611801
summer,A,bt_A,21,2,6663604
summer,A,bt_A,1537,1,6959790
summer,A,bt_A,1537,2,6964836
summer,A,bt_A,1537,0,7152632
summer,A,bt_A,1537,4,7078533
summer,A,bt_A,1537,3,7014954
summer,A,bt_A,669,2,6953440
summer,A,bt_A,669,1,6911721
summer,A,bt_A,669,4,7025009
summer,A,bt_A,669,3,6976222
summer,A,bt_A,669,0,6911181
summer,A,bt_A,1804,1,6348552
summer,A,bt_A,1804,2,6397240
summer,A,bt_A,1804,0,6269836
summer,A,bt_A,1804,3,6482509
summer,A,bt_A,1804,4,6322654
summer,A,bt_A,1899,3,6750711
summer,A,bt_A,1899,4,6736694
summer,A,bt_A,1899,0,6757506
summer,A,bt_A,1899,2,6741119
summer,A,bt_A,1899,1,6739892
summer,A,bt_A,500,1,6749355
summer,A,bt_A,500,2,6755106
summer,A,bt_A,500,0,6713918
summer,A,bt_A,500,3,6781307
summer,A,bt_A,500,4,6686231
summer,A,bt_A,339,1,7159169
summer,A,bt_A,339,2,7359790
summer,A,bt_A,339,0,7163507
summer,A,bt_A,339,3,7280726
summer,A,bt_A,339,4,7147591
summer,A,bt_A,320,0,6454313
summer,A,bt_A,320,4,6494903
summer,A,bt_A,320,3,6452518
summer,A,bt_A,320,1,6449719
summer,A,bt_A,320,2,6403317
summer,A,bt_A,569,2,7112105
summer,A,bt_A,569,1,7311872
summer,A,bt_A,569,4,7110802
summer,A,bt_A,569,3,7108558
summer,A,bt_A,569,0,7055978
summer,A,bt_A,9,1,6143748
summer,A,bt_A,9,2,6082792
summer,A,bt_A,9,0,6134633
summer,A,bt_A,9,4,6199125
summer,A,bt_A,9,3,6086941
summer,A,bt_A,1428,0,6903289
summer,A,bt_A,1428,3,6901955
summer,A,bt_A,1428,4,6900433
summer,A,bt_A,1428,1,7050533
summer,A,bt_A,1428,2,6937978
summer,A,bt_A,671,0,6813854
summer,A,bt_A,671,4,6751582
summer,A,bt_A,671,3,6768163
summer,A,bt_A,671,1,6780736
summer,A,bt_A,671,2,6778305
summer,A,bt_A,453,4,6437819
summer,A,bt_A,453,3,6402718
summer,A,bt_A,453,0,6393503
summer,A,bt_A,453,2,6445608
summer,A,bt_A,453,1,6395611
summer,A,bt_A,1484,3,6284061
summer,A,bt_A,1484,4,6170250
summer,A,bt_A,1484,0,6167362
summer,A,bt_A,1484,2,6224627
summer,A,bt_A,1484,1,6682942
summer,A,bt_A,121,3,7030617
summer,A,bt_A,121,4,7051357
summer,A,bt_A,121,0,7032165
summer,A,bt_A,121,2,7066092
summer,A,bt_A,121,1,7047297
summer,A,bt_A,1249,0,6873596
summer,A,bt_A,1249,3,6894029
summer,A,bt_A,1249,4,6801265
summer,A,bt_A,1249,1,6874782
summer,A,bt_A,1249,2,6895652
summer,A,bt_A,294,2,6213622
summer,A,bt_A,294,1,6324896
summer,A,bt_A,294,3,6344039
summer,A,bt_A,294,4,6248159
summer,A,bt_A,294,0,6418182
summer,A,bt_A,980,0,7020805
summer,A,bt_A,980,3,6963011
summer,A,bt_A,980,4,7001973
summer,A,bt_A,980,1,6999227
summer,A,bt_A,980,2,6989969
summer,A,bt_A,1108,4,7298440
summer,A,bt_A,1108,3,7358935
summer,A,bt_A,1108,0,7297202
summer,A,bt_A,1108,2,7196733
summer,A,bt_A,1108,1,7169997
summer,A,bt_A,501,3,6802792
summer,A,bt_A,501,4,6737354
summer,A,bt_A,501,0,6809584
summer,A,bt_A,501,2,6740620
summer,A,bt_A,501,1,6747585
summer,A,bt_A,167,4,6321461
summer,A,bt_A,167,3,6320825
summer,A,bt_A,167,0,6336095
summer,A,bt_A,167,2,6376733
summer,A,bt_A,167,1,6350247
summer,A,is_A,12,2,40850908
summer,A,is_A,12,1,39936525
summer,A,is_A,12,4,37803281
summer,A,is_A,12,3,40851647
summer,A,is_A,12,0,38721723
summer,A,is_A,15,0,48342658
summer,A,is_A,15,4,46808095
summer,A,is_A,15,3,48916020
summer,A,is_A,15,1,51243979
summer,A,is_A,15,2,46512894
summer,A,is_A,9,3,238789109
summer,A,is_A,9,4,242610455
summer,A,is_A,9,0,221931772
summer,A,is_A,9,2,209302875
summer,A,is_A,9,1,207968087
summer,A,ft_A,6,1,8486392
summer,A,ft_A,6,2,8641953
summer,A,ft_A,6,0,8511938
summer,A,ft_A,6,3,8832342
summer,A,ft_A,6,4,8345627
summer,A,ft_A,13,2,6408913
summer,A,ft_A,13,1,6465780
summer,A,ft_A,13,3,6374140
summer,A,ft_A,13,4,7772124
summer,A,ft_A,13,0,6465375
summer,A,ft_A,39,2,5392448
summer,A,ft_A,39,1,5383565
summer,A,ft_A,39,4,5260641
summer,A,ft_A,39,3,5449767
summer,A,ft_A,39,0,5342566
summer,A,ft_A,0,3,23075463
summer,A,ft_A,0,4,22433141
summer,A,ft_A,0,0,22778718
summer,A,ft_A,0,2,22952738
summer,A,ft_A,0,1,23002059
summer,A,ft_A,49,2,22720718
summer,A,ft_A,49,1,22065178
summer,A,ft_A,49,3,21923531
summer,A,ft_A,49,4,21229786
summer,A,ft_A,49,0,22547362
saphir,A,ft_A,0,0,33702341
saphir,A,ft_A,0,4,33884340
saphir,A,ft_A,0,3,33773781
saphir,A,ft_A,0,1,33623262
saphir,A,ft_A,0,2,33720462
saphir,A,ft_A,39,0,11421274
saphir,A,ft_A,39,4,11369033
saphir,A,ft_A,39,3,11469393
saphir,A,ft_A,39,1,11416034
saphir,A,ft_A,39,2,11443473
saphir,A,ft_A,49,0,19968669
saphir,A,ft_A,49,3,19599709
saphir,A,ft_A,49,4,19893349
saphir,A,ft_A,49,1,19243669
saphir,A,ft_A,49,2,18956109
saphir,A,ft_A,6,4,14390352
saphir,A,ft_A,6,3,14637911
saphir,A,ft_A,6,0,14373672
saphir,A,ft_A,6,2,14365992
saphir,A,ft_A,6,1,14463072
saphir,A,ft_A,13,0,12988673
saphir,A,ft_A,13,4,12961752
saphir,A,ft_A,13,3,12779313
saphir,A,ft_A,13,1,12863393
saphir,A,ft_A,13,2,12856873
saphir,A,is_A,9,0,427228401
saphir,A,is_A,9,3,434647917
saphir,A,is_A,9,4,502198890
saphir,A,is_A,9,1,450724787
saphir,A,is_A,9,2,490147757
saphir,A,is_A,12,0,153944429
saphir,A,is_A,12,3,66889284
saphir,A,is_A,12,4,75675717
saphir,A,is_A,12,1,67029523
saphir,A,is_A,12,2,145691038
saphir,A,is_A,15,4,92291909
saphir,A,is_A,15,3,91705149
saphir,A,is_A,15,0,87090311
saphir,A,is_A,15,2,92555427
saphir,A,is_A,15,1,89656789
saphir,A,mg_A,23,2,13100232
saphir,A,mg_A,23,1,12015353
saphir,A,mg_A,23,3,11823473
saphir,A,mg_A,23,4,12066393
saphir,A,mg_A,23,0,11871833
saphir,A,mg_A,7,2,12028913
saphir,A,mg_A,7,1,12384793
saphir,A,mg_A,7,4,11858153
saphir,A,mg_A,7,3,11817233
saphir,A,mg_A,7,0,11852233
saphir,A,mg_A,2,0,11831154
saphir,A,mg_A,2,3,12221793
saphir,A,mg_A,2,4,11744273
saphir,A,mg_A,2,1,11940473
saphir,A,mg_A,2,2,11467794
saphir,A,bt_A,980,4,22699146
saphir,A,bt_A,980,3,22786667
saphir,A,bt_A,980,0,22362348
saphir,A,bt_A,980,2,22701907
saphir,A,bt_A,980,1,22237387
saphir,A,bt_A,1070,1,19728189
saphir,A,bt_A,1070,2,19999828
saphir,A,bt_A,1070,0,19908029
saphir,A,bt_A,1070,4,19871148
saphir,A,bt_A,1070,3,19669669
saphir,A,bt_A,294,0,14266872
saphir,A,bt_A,294,3,14534672
saphir,A,bt_A,294,4,14397472
saphir,A,bt_A,294,1,14470311
saphir,A,bt_A,294,2,14405313
saphir,A,bt_A,1644,0,14841231
saphir,A,bt_A,1644,4,14692232
saphir,A,bt_A,1644,3,14940432
saphir,A,bt_A,1644,1,14734552
saphir,A,bt_A,1644,2,14577072
saphir,A,bt_A,1529,3,23600587
saphir,A,bt_A,1529,4,23399587
saphir,A,bt_A,1529,0,23428067
saphir,A,bt_A,1529,2,23807626
saphir,A,bt_A,1529,1,23995546
saphir,A,bt_A,1069,2,21103068
saphir,A,bt_A,1069,1,21071308
saphir,A,bt_A,1069,4,21111148
saphir,A,bt_A,1069,3,21021828
saphir,A,bt_A,1069,0,21071829
saphir,A,bt_A,1941,1,13329233
saphir,A,bt_A,1941,2,13372632
saphir,A,bt_A,1941,0,13449312
saphir,A,bt_A,1941,4,13453233
saphir,A,bt_A,1941,3,13301953
saphir,A,bt_A,167,2,14362592
saphir,A,bt_A,167,1,14329631
saphir,A,bt_A,167,3,14277472
saphir,A,bt_A,167,4,14358392
saphir,A,bt_A,167,0,14371672
saphir,A,bt_A,1804,2,14704632
saphir,A,bt_A,1804,1,14622192
saphir,A,bt_A,1804,3,14560952
saphir,A,bt_A,1804,4,14858552
saphir,A,bt_A,1804,0,14584432
saphir,A,bt_A,501,1,17654311
saphir,A,bt_A,501,2,17715950
saphir,A,bt_A,501,0,18014590
saphir,A,bt_A,501,3,17505590
saphir,A,bt_A,501,4,18132709
saphir,A,bt_A,1537,1,18350430
saphir,A,bt_A,1537,2,18435070
saphir,A,bt_A,1537,0,18726750
saphir,A,bt_A,1537,3,18332750
saphir,A,bt_A,1537,4,18268430
saphir,A,bt_A,671,4,14389152
saphir,A,bt_A,671,3,14457712
saphir,A,bt_A,671,0,14308432
saphir,A,bt_A,671,2,14568592
saphir,A,bt_A,671,1,14245392
saphir,A,bt_A,1899,2,16019591
saphir,A,bt_A,1899,1,15798191
saphir,A,bt_A,1899,3,15886871
saphir,A,bt_A,1899,4,15972431
saphir,A,bt_A,1899,0,15608712
saphir,A,bt_A,121,0,24794346
saphir,A,bt_A,121,3,24098946
saphir,A,bt_A,121,4,24523826
saphir,A,bt_A,121,1,24699625
saphir,A,bt_A,121,2,24152587
saphir,A,bt_A,453,3,12755233
saphir,A,bt_A,453,4,12871872
saphir,A,bt_A,453,0,12812352
saphir,A,bt_A,453,2,12768713
saphir,A,bt_A,453,1,12933753
saphir,A,bt_A,21,2,24981507
saphir,A,bt_A,21,1,24903026
saphir,A,bt_A,21,4,24583106
saphir,A,bt_A,21,3,24619866
saphir,A,bt_A,21,0,24302306
saphir,A,bt_A,500,1,22288548
saphir,A,bt_A,500,2,22749348
saphir,A,bt_A,500,0,22584428
saphir,A,bt_A,500,4,22262187
saphir,A,bt_A,500,3,22537827
saphir,A,bt_A,9,1,15917590
saphir,A,bt_A,9,2,15762511
saphir,A,bt_A,9,0,15770351
saphir,A,bt_A,9,3,15773471
saphir,A,bt_A,9,4,15719352
saphir,A,bt_A,1428,3,19204629
saphir,A,bt_A,1428,4,19344869
saphir,A,bt_A,1428,0,19153509
saphir,A,bt_A,1428,2,19299109
saphir,A,bt_A,1428,1,19226589
saphir,A,bt_A,1484,2,14666351
saphir,A,bt_A,1484,1,14569752
saphir,A,bt_A,1484,4,14687792
saphir,A,bt_A,1484,3,14634272
saphir,A,bt_A,1484,0,14726191
saphir,A,bt_A,569,1,19271949
saphir,A,bt_A,569,2,19321029
saphir,A,bt_A,569,0,19304429
saphir,A,bt_A,569,4,19342590
saphir,A,bt_A,569,3,19227989
saphir,A,bt_A,320,0,19062149
saphir,A,bt_A,320,4,19027389
saphir,A,bt_A,320,3,19011909
saphir,A,bt_A,320,1,18959669
saphir,A,bt_A,320,2,18986829
saphir,A,bt_A,339,2,18815909
saphir,A,bt_A,339,1,22521308
saphir,A,bt_A,339,3,19965429
saphir,A,bt_A,339,4,18716390
saphir,A,bt_A,339,0,22645227
saphir,A,bt_A,1249,4,23511107
saphir,A,bt_A,1249,3,23853027
saphir,A,bt_A,1249,0,24052707
saphir,A,bt_A,1249,2,24253867
saphir,A,bt_A,1249,1,23660147
saphir,A,bt_A,748,3,16791630
saphir,A,bt_A,748,4,16893110
saphir,A,bt_A,748,0,16872511
saphir,A,bt_A,748,2,16854391
saphir,A,bt_A,748,1,16783030
saphir,A,bt_A,656,0,14647112
saphir,A,bt_A,656,3,14463591
saphir,A,bt_A,656,4,14655232
saphir,A,bt_A,656,1,14528792
saphir,A,bt_A,656,2,14505312
saphir,A,bt_A,669,1,18773550
saphir,A,bt_A,669,2,18801669
saphir,A,bt_A,669,0,18792069
saphir,A,bt_A,669,4,18762309
saphir,A,bt_A,669,3,18800389
saphir,A,bt_A,1108,1,19414869
saphir,A,bt_A,1108,2,19576670
saphir,A,bt_A,1108,0,19366309
saphir,A,bt_A,1108,3,19460829
saphir,A,bt_A,1108,4,19274389
saphir,A,bt_A,793,4,13840912
saphir,A,bt_A,793,3,13840393
saphir,A,bt_A,793,0,13985552
saphir,A,bt_A,793,2,14034273
saphir,A,bt_A,793,1,13804472
saphir,A,bt_A,859,4,18558110
saphir,A,bt_A,859,3,18645830
saphir,A,bt_A,859,0,18603629
saphir,A,bt_A,859,2,18682549
saphir,A,bt_A,859,1,18449190
saphir,A,sp_A,1604,4,17142431
saphir,A,sp_A,1604,3,16962271
saphir,A,sp_A,1604,0,17331111
saphir,A,sp_A,1604,2,17293871
saphir,A,sp_A,1604,1,17260151
saphir,A,sp_A,1368,3,23684626
saphir,A,sp_A,1368,4,23855907
saphir,A,sp_A,1368,0,23722267
saphir,A,sp_A,1368,2,24004666
saphir,A,sp_A,1368,1,23879746
saphir,A,sp_A,760,2,18679950
saphir,A,sp_A,760,1,18749989
saphir,A,sp_A,760,4,17975351
saphir,A,sp_A,760,3,18820389
saphir,A,sp_A,760,0,18788829
saphir,A,sp_A,954,0,25365506
saphir,A,sp_A,954,4,25344465
saphir,A,sp_A,954,3,25284586
saphir,A,sp_A,954,1,25446626
saphir,A,sp_A,954,2,25350505
saphir,A,sp_A,149,2,21141188
saphir,A,sp_A,149,1,21206348
saphir,A,sp_A,149,4,21105468
saphir,A,sp_A,149,3,21122948
saphir,A,sp_A,149,0,20974388
saphir,A,sp_A,302,0,19915789
saphir,A,sp_A,302,4,20049549
saphir,A,sp_A,302,3,20006308
saphir,A,sp_A,302,1,19780588
saphir,A,sp_A,302,2,20028629
saphir,A,sp_A,1237,0,20798308
saphir,A,sp_A,1237,3,20863948
saphir,A,sp_A,1237,4,20910468
saphir,A,sp_A,1237,1,21411787
saphir,A,sp_A,1237,2,20888028
saphir,A,sp_A,1805,1,20865228
saphir,A,sp_A,1805,2,20521068
saphir,A,sp_A,1805,0,20543389
saphir,A,sp_A,1805,3,20790549
saphir,A,sp_A,1805,4,20321749
saphir,A,sp_A,522,2,19498908
saphir,A,sp_A,522,1,19129028
saphir,A,sp_A,522,4,19168389
saphir,A,sp_A,522,3,19192549
saphir,A,sp_A,522,0,19236749
saphir,A,sp_A,425,0,25025986
saphir,A,sp_A,425,3,24026226
saphir,A,sp_A,425,4,24065947
saphir,A,sp_A,425,1,24700626
saphir,A,sp_A,425,2,24113747
saphir,A,sp_A,1385,2,20726908
saphir,A,sp_A,1385,1,20736988
saphir,A,sp_A,1385,3,20814107
saphir,A,sp_A,1385,4,20789348
saphir,A,sp_A,1385,0,20766148
saphir,A,sp_A,1522,1,20272429
saphir,A,sp_A,1522,2,19999189
saphir,A,sp_A,1522,0,19843110
saphir,A,sp_A,1522,4,20624388
saphir,A,sp_A,1522,3,20718268
saphir,A,sp_A,1735,3,19738990
saphir,A,sp_A,1735,4,19679469
saphir,A,sp_A,1735,0,19688510
saphir,A,sp_A,1735,2,19680709
saphir,A,sp_A,1735,1,19742268
saphir,A,sp_A,1372,3,18841829
saphir,A,sp_A,1372,4,18798870
saphir,A,sp_A,1372,0,18859630
saphir,A,sp_A,1372,2,18856669
saphir,A,sp_A,1372,1,18843390
saphir,A,sp_A,1598,4,21818148
saphir,A,sp_A,1598,3,21997307
saphir,A,sp_A,1598,0,22192388
saphir,A,sp_A,1598,2,22071667
saphir,A,sp_A,1598,1,21898107
saphir,A,sp_A,37,1,18958868
saphir,A,sp_A,37,2,19012909
saphir,A,sp_A,37,0,19034750
saphir,A,sp_A,37,3,18893590
saphir,A,sp_A,37,4,19107190
saphir,A,sp_A,1200,2,20325029
saphir,A,sp_A,1200,1,20598068
saphir,A,sp_A,1200,4,20625908
saphir,A,sp_A,1200,3,21038108
saphir,A,sp_A,1200,0,20973188
saphir,A,sp_A,520,0,19371150
saphir,A,sp_A,520,4,19327909
saphir,A,sp_A,520,3,19392590
saphir,A,sp_A,520,1,19334550
saphir,A,sp_A,520,2,19353470
saphir,A,sp_A,1058,0,20562429
saphir,A,sp_A,1058,4,21195588
saphir,A,sp_A,1058,3,21157547
saphir,A,sp_A,1058,1,21321947
saphir,A,sp_A,1058,2,21051109
saphir,A,sp_A,708,0,20622669
saphir,A,sp_A,708,3,20779509
saphir,A,sp_A,708,4,20598068
saphir,A,sp_A,708,1,20561868
saphir,A,sp_A,708,2,20722188
saphir,A,sp_A,267,1,19478470
saphir,A,sp_A,267,2,18753430
saphir,A,sp_A,267,0,18895310
saphir,A,sp_A,267,4,18955110
saphir,A,sp_A,267,3,18887509
saphir,A,sp_A,358,2,20924748
saphir,A,sp_A,358,1,20343549
saphir,A,sp_A,358,4,20890908
saphir,A,sp_A,358,3,20811909
saphir,A,sp_A,358,0,20967108
saphir,A,sp_A,582,4,17811710
saphir,A,sp_A,582,3,17822310
saphir,A,sp_A,582,0,17650031
saphir,A,sp_A,582,2,17924790
saphir,A,sp_A,582,1,17650790
saphir,A,sp_A,1841,1,3242678
saphir,A,sp_A,1841,2,3238558
saphir,A,sp_A,1841,0,3234839
saphir,A,sp_A,1841,3,3241439
saphir,A,sp_A,1841,4,3246199
saphir,A,sp_A,1686,2,24718426
saphir,A,sp_A,1686,1,24810306
saphir,A,sp_A,1686,4,26002585
saphir,A,sp_A,1686,3,26012866
saphir,A,sp_A,1686,0,25779386
saphir,A,sp_A,1328,2,17580230
saphir,A,sp_A,1328,1,17702470
saphir,A,sp_A,1328,4,17569590
saphir,A,sp_A,1328,3,17595110
saphir,A,sp_A,1328,0,17499950
saphir,A,sp_A,825,2,23871226
saphir,A,sp_A,825,1,24289786
saphir,A,sp_A,825,4,24139787
saphir,A,sp_A,825,3,23284507
saphir,A,sp_A,825,0,23823866
saphir,A,sp_A,44,2,18614470
saphir,A,sp_A,44,1,19044069
saphir,A,sp_A,44,4,18710390
saphir,A,sp_A,44,3,18581989
saphir,A,sp_A,44,0,18574870
saphir,A,ep_A,21,2,37042019
saphir,A,ep_A,21,1,36919939
saphir,A,ep_A,21,4,37020138
saphir,A,ep_A,21,3,36323579
saphir,A,ep_A,21,0,37118100
saphir,A,ep_A,10,2,37178219
saphir,A,ep_A,10,1,37036619
saphir,A,ep_A,10,3,37018979
saphir,A,ep_A,10,4,37292939
saphir,A,ep_A,10,0,37153100
saphir,A,ep_A,18,3,36625259
saphir,A,ep_A,18,4,36366580
saphir,A,ep_A,18,0,36397739
saphir,A,ep_A,18,2,36635980
saphir,A,ep_A,18,1,36318580
saphir,A,ep_A,24,1,37175019
saphir,A,ep_A,24,2,37220418
saphir,A,ep_A,24,0,37019859
saphir,A,ep_A,24,4,37141019
saphir,A,ep_A,24,3,37298618
saphir,A,cg_A,5,1,16741591
saphir,A,cg_A,5,2,14981552
saphir,A,cg_A,5,0,14012032
saphir,A,cg_A,5,3,15479272
saphir,A,cg_A,5,4,14854872
saphir,A,cg_A,37,1,4654757
saphir,A,cg_A,37,2,4020798
saphir,A,cg_A,37,0,4088558
saphir,A,cg_A,37,4,4053037
saphir,A,cg_A,37,3,4053118
saphir,A,cg_A,9,4,7880636
saphir,A,cg_A,9,3,7973755
saphir,A,cg_A,9,0,7988316
saphir,A,cg_A,9,2,8139636
saphir,A,cg_A,9,1,8059915
saphir,A,lu_A,198,4,14733392
saphir,A,lu_A,198,3,14772952
saphir,A,lu_A,198,0,14848671
saphir,A,lu_A,198,2,14767832
saphir,A,lu_A,198,1,14845112
saphir,A,lu_A,574,3,14807352
saphir,A,lu_A,574,4,14805192
saphir,A,lu_A,574,0,14772551
saphir,A,lu_A,574,2,14792392
saphir,A,lu_A,574,1,14803511
saphir,A,lu_A,49,2,20967469
saphir,A,lu_A,49,1,21585468
saphir,A,lu_A,49,4,21235347
saphir,A,lu_A,49,3,21219827
saphir,A,lu_A,49,0,21070509
saphir,A,lu_A,589,1,21135947
saphir,A,lu_A,589,2,21320788
saphir,A,lu_A,589,0,20723668
saphir,A,lu_A,589,3,20842148
saphir,A,lu_A,589,4,20894428
saphir,A,lu_A,1432,2,24146346
saphir,A,lu_A,1432,1,23909987
saphir,A,lu_A,1432,3,24474106
saphir,A,lu_A,1432,4,24188066
saphir,A,lu_A,1432,0,24341186
saphir,A,lu_A,1438,3,23746986
saphir,A,lu_A,1438,4,23698267
saphir,A,lu_A,1438,0,24373866
saphir,A,lu_A,1438,2,23352947
saphir,A,lu_A,1438,1,23674626
saphir,A,lu_A,296,1,20926908
saphir,A,lu_A,296,2,18406550
saphir,A,lu_A,296,0,18587869
saphir,A,lu_A,296,3,18497989
saphir,A,lu_A,296,4,18512789
saphir,A,lu_A,642,1,14878791
saphir,A,lu_A,642,2,14829712
saphir,A,lu_A,642,0,14853672
saphir,A,lu_A,642,3,14778152
saphir,A,lu_A,642,4,14798312
saphir,A,lu_A,442,3,19764789
saphir,A,lu_A,442,4,19799269
saphir,A,lu_A,442,0,19867789
saphir,A,lu_A,442,2,19643629
saphir,A,lu_A,442,1,20021468
saphir,A,lu_A,545,1,17601071
saphir,A,lu_A,545,2,16785630
saphir,A,lu_A,545,0,16903390
saphir,A,lu_A,545,3,16651870
saphir,A,lu_A,545,4,16583351
saphir,A,lu_A,1018,3,16609390
saphir,A,lu_A,1018,4,16404391
saphir,A,lu_A,1018,0,16466591
saphir,A,lu_A,1018,2,16462631
saphir,A,lu_A,1018,1,16407271
saphir,A,lu_A,1261,1,22508907
saphir,A,lu_A,1261,2,22251068
saphir,A,lu_A,1261,0,22485507
saphir,A,lu_A,1261,4,22542186
saphir,A,lu_A,1261,3,22024388
saphir,A,lu_A,426,2,14405672
saphir,A,lu_A,426,1,14414032
saphir,A,lu_A,426,4,14427232
saphir,A,lu_A,426,3,14375312
saphir,A,lu_A,426,0,14382632
saphir,A,lu_A,839,0,14994271
saphir,A,lu_A,839,4,14949392
saphir,A,lu_A,839,3,14819991
saphir,A,lu_A,839,1,14822152
saphir,A,lu_A,839,2,14984992
saphir,A,lu_A,135,4,14601832
saphir,A,lu_A,135,3,14659232
saphir,A,lu_A,135,0,14667312
saphir,A,lu_A,135,2,14591632
saphir,A,lu_A,135,1,14629592
saphir,A,lu_A,974,1,18682109
saphir,A,lu_A,974,2,18566110
saphir,A,lu_A,974,0,18631830
saphir,A,lu_A,974,4,18679870
saphir,A,lu_A,974,3,18569790
saphir,A,lu_A,317,0,15088072
saphir,A,lu_A,317,3,16703830
saphir,A,lu_A,317,4,17750990
saphir,A,lu_A,317,1,14997432
saphir,A,lu_A,317,2,15315511
saphir,A,lu_A,1399,2,19132349
saphir,A,lu_A,1399,1,19168509
saphir,A,lu_A,1399,3,19122070
saphir,A,lu_A,1399,4,19154829
saphir,A,lu_A,1399,0,19172470
saphir,A,lu_A,1481,1,18042790
saphir,A,lu_A,1481,2,17586230
saphir,A,lu_A,1481,0,17549070
saphir,A,lu_A,1481,3,17601590
saphir,A,lu_A,1481,4,17553430
saphir,A,lu_A,591,0,14887911
saphir,A,lu_A,591,4,14799912
saphir,A,lu_A,591,3,14841992
saphir,A,lu_A,591,1,14916152
saphir,A,lu_A,591,2,14891632
saphir,A,lu_A,706,3,14537551
saphir,A,lu_A,706,4,14576952
saphir,A,lu_A,706,0,14435512
saphir,A,lu_A,706,2,14535552
saphir,A,lu_A,706,1,14441472
saphir,A,lu_A,708,0,19826468
saphir,A,lu_A,708,3,19876669
saphir,A,lu_A,708,4,19811949
saphir,A,lu_A,708,1,19927189
saphir,A,lu_A,708,2,19971989
saphir,A,lu_A,640,2,17429791
saphir,A,lu_A,640,1,17601471
saphir,A,lu_A,640,3,17276790
saphir,A,lu_A,640,4,17283070
saphir,A,lu_A,640,0,17450990
saphir,A,lu_A,270,4,17900950
saphir,A,lu_A,270,3,17841351
saphir,A,lu_A,270,0,17694790
saphir,A,lu_A,270,2,17780909
saphir,A,lu_A,270,1,17917550
saphir,A,lu_A,1026,0,24190747
saphir,A,lu_A,1026,3,23910187
saphir,A,lu_A,1026,4,23772427
saphir,A,lu_A,1026,1,23839067
saphir,A,lu_A,1026,2,24049347
saphir,A,lu_A,152,0,15859231
saphir,A,lu_A,152,3,15726231
saphir,A,lu_A,152,4,15669871
saphir,A,lu_A,152,1,15462752
saphir,A,lu_A,152,2,15814230
saphir,A,lu_A,807,1,14816232
saphir,A,lu_A,807,2,14582552
saphir,A,lu_A,807,0,14918832
saphir,A,lu_A,807,3,14702032
saphir,A,lu_A,807,4,14811552
saphir,A,lu_A,1572,0,18452550
saphir,A,lu_A,1572,3,18188509
saphir,A,lu_A,1572,4,18504909
saphir,A,lu_A,1572,1,18390150
saphir,A,lu_A,1572,2,18393109
saphir,A,lu_A,1013,3,23311266
saphir,A,lu_A,1013,4,23147107
saphir,A,lu_A,1013,0,23788747
saphir,A,lu_A,1013,2,26206585
saphir,A,lu_A,1013,1,23080307
