machine,input_size,benchmark,rid,run_id,runtime(ns),total_inst,total_branch_inst,total_cycles,total_branch_mistpred
saphir,A,mg_A,8,0,11226130,66282040,3460565,31429389,666
saphir,A,mg_A,8,4,11251091,66289360,3462507,31497964,817
saphir,A,mg_A,8,3,11387880,66331023,3473139,31881789,754
saphir,A,mg_A,8,1,11076400,66275986,3461210,31013299,734
saphir,A,mg_A,8,2,11147760,66287927,3465306,31206580,642
saphir,A,mg_A,5,3,11335037,69348043,4054400,31733503,581
saphir,A,mg_A,5,4,11859039,69359184,4056964,33207089,624
saphir,A,mg_A,5,0,11805720,69358640,4057044,33049752,608
saphir,A,mg_A,5,2,11268045,69347155,4054181,31549221,547
saphir,A,mg_A,5,1,11273157,69357638,4056054,31565408,648
saphir,A,mg_A,62,1,10064860,56384683,3646540,28164194,435
saphir,A,mg_A,62,2,10416097,56407381,3652428,29102037,740
saphir,A,mg_A,62,0,9885420,56385502,3647086,27673374,430
saphir,A,mg_A,62,4,11212023,56378040,3645733,31386076,411
saphir,A,mg_A,62,3,10548839,56390313,3648695,29536938,465
saphir,A,mg_A,34,3,11626799,68900873,2033351,32556331,548
saphir,A,mg_A,34,4,11721589,68945197,2042251,32744812,983
saphir,A,mg_A,34,0,11712778,68904697,2033831,32792503,556
saphir,A,mg_A,34,2,11629851,68907355,2034277,32559207,569
saphir,A,mg_A,34,1,11767050,68908992,2036015,32933884,538
saphir,A,mg_A,11,1,7880858,69651736,3791909,22057104,669
saphir,A,mg_A,11,2,7993066,69650049,3791771,22371284,608
saphir,A,mg_A,11,0,8164062,69672685,3797609,22854556,679
saphir,A,mg_A,11,3,7919646,69649125,3791177,22165378,688
saphir,A,mg_A,11,4,7837729,69636714,3789632,21946515,557
saphir,A,mg_A,23,3,9981776,73628970,3123806,27943796,413
saphir,A,mg_A,23,4,10131001,73626403,3123045,28371433,442
saphir,A,mg_A,23,0,10147456,73625456,3122229,28403395,392
saphir,A,mg_A,23,2,10286129,73654287,3127610,28796957,473
saphir,A,mg_A,23,1,10265462,73626051,3123338,28739204,421
saphir,A,mg_A,59,4,9249919,67910112,3599417,25903172,962
saphir,A,mg_A,59,3,9239055,67889852,3596201,25862857,997
saphir,A,mg_A,59,0,9146065,67883793,3594795,25603041,1047
saphir,A,mg_A,59,2,9234719,67884093,3594981,25860987,1009
saphir,A,mg_A,59,1,9191065,67909588,3599693,25725848,1071
saphir,A,mg_A,37,0,9806960,66563007,3346090,27454887,523
saphir,A,mg_A,37,3,10064319,66573470,3347951,28171073,549
saphir,A,mg_A,37,4,9205379,66555294,3344849,25769121,423
saphir,A,mg_A,37,1,10106936,66572977,3347614,28289826,532
saphir,A,mg_A,37,2,9934519,66572045,3347482,27810167,518
saphir,A,mg_A,63,1,11137452,65171756,3378342,31180881,526
saphir,A,mg_A,63,2,10851292,65155905,3380161,30373814,473
saphir,A,mg_A,63,0,10075872,65139447,3372818,28210731,526
saphir,A,mg_A,63,3,10377853,65145703,3373977,29051192,542
saphir,A,mg_A,63,4,10397652,65159519,3378087,29097466,547
saphir,A,mg_A,69,1,11287136,72485371,3140676,31594871,600
saphir,A,mg_A,69,2,11063147,72480742,3139077,30969627,557
saphir,A,mg_A,69,0,11285362,72485570,3139772,31596819,577
saphir,A,mg_A,69,3,10916990,72480624,3139088,30561806,561
saphir,A,mg_A,69,4,10902694,72480721,3139026,30522643,568
saphir,A,mg_A,56,0,11312919,70898885,2892469,31676338,625
saphir,A,mg_A,56,3,11473291,70906536,2894306,32107964,533
saphir,A,mg_A,56,4,11389108,70896823,2892374,31889044,538
saphir,A,mg_A,56,1,11440479,70901437,2892802,32028863,543
saphir,A,mg_A,56,2,11445245,70892184,2891221,32038078,521
saphir,A,mg_A,93,1,11413643,72353563,3167142,31959056,553
saphir,A,mg_A,93,2,11167960,72347408,3165928,31266365,562
saphir,A,mg_A,93,0,11417811,72336194,3164003,32000736,580
saphir,A,mg_A,93,4,11087399,72325230,3162495,31043576,610
saphir,A,mg_A,93,3,11052974,72321920,3161795,30936936,580
saphir,A,mg_A,84,2,7552044,70187157,3202189,21146078,405
saphir,A,mg_A,84,1,7726240,70191803,3202017,21630939,440
saphir,A,mg_A,84,3,7584262,70192573,3202173,21229996,480
saphir,A,mg_A,84,4,7793319,70201454,3203582,21823465,503
saphir,A,mg_A,84,0,7569439,70202072,3204025,21196918,501
saphir,A,mg_A,107,2,7342880,41790514,4727075,20576741,391
saphir,A,mg_A,107,1,7305189,41785805,4725978,20456737,366
saphir,A,mg_A,107,4,7354760,41780110,4725381,20600748,328
saphir,A,mg_A,107,3,7341624,41803764,4731312,20513400,518
saphir,A,mg_A,107,0,7345039,41792382,4727084,20573478,438
saphir,A,mg_A,0,1,10236018,72636337,3152678,28652014,604
saphir,A,mg_A,0,2,10255415,72661302,3157959,28708783,804
saphir,A,mg_A,0,0,10140337,72657044,3156593,28381900,597
saphir,A,mg_A,0,3,10054244,72635817,3152702,28155486,637
saphir,A,mg_A,0,4,10328460,72637840,3152579,28913678,534
saphir,A,bt_A,1986,1,14453336,71101465,381967,40471548,2425
saphir,A,bt_A,1986,2,14450814,71094131,379919,40463958,1702
saphir,A,bt_A,1986,0,14501422,71100716,381886,40606499,2155
saphir,A,bt_A,1986,4,14623006,71132271,386008,40936507,2090
saphir,A,bt_A,1986,3,14419487,71103723,384307,40363230,1687
saphir,A,bt_A,5195,0,18398678,88913340,761247,51507900,2229
saphir,A,bt_A,5195,4,18316762,88907621,760432,51277323,2211
saphir,A,bt_A,5195,3,18394394,88918520,762431,51508203,2354
saphir,A,bt_A,5195,1,18540632,88913605,760777,51908445,2210
saphir,A,bt_A,5195,2,18340927,88914468,761362,51356732,2308
saphir,A,bt_A,3514,4,20961262,90364646,1652412,58682412,4629
saphir,A,bt_A,3514,3,21036280,90366325,1653905,58897610,4548
saphir,A,bt_A,3514,0,20927446,90352715,1653680,58599654,4526
saphir,A,bt_A,3514,2,21025816,90362918,1652929,58867957,4543
saphir,A,bt_A,3514,1,20904273,90343201,1649653,58524375,4555
saphir,A,bt_A,1683,0,24173052,87783736,780583,67678601,2289
saphir,A,bt_A,1683,3,24361972,87770044,776326,68210357,2238
saphir,A,bt_A,1683,4,24760168,87818923,791439,69314443,2286
saphir,A,bt_A,1683,1,24274758,87783055,779376,67969503,2282
saphir,A,bt_A,1683,2,23998762,87788791,777802,67185507,2228
saphir,A,bt_A,5359,4,26067879,86136181,773061,72982882,2157
saphir,A,bt_A,5359,3,26320527,86186036,780413,73697189,2212
saphir,A,bt_A,5359,0,25941982,86173875,781715,72631231,2245
saphir,A,bt_A,5359,2,25290037,86140100,774387,70801017,2222
saphir,A,bt_A,5359,1,26209445,86154318,778077,73387516,2205
saphir,A,bt_A,6713,2,19302059,86775544,753734,54040817,2234
saphir,A,bt_A,6713,1,18968112,86750704,749666,53112064,2311
saphir,A,bt_A,6713,3,19241547,86761584,749602,53871190,2306
saphir,A,bt_A,6713,4,19125777,86751003,750246,53547390,2178
saphir,A,bt_A,6713,0,19184199,86758468,752266,53676503,2369
saphir,A,bt_A,7667,2,16568977,77936761,1009583,46398530,3792
saphir,A,bt_A,7667,1,16637800,77926338,1007500,46582838,3539
saphir,A,bt_A,7667,4,16610093,77952152,1011212,46506551,3898
saphir,A,bt_A,7667,3,16505494,77902152,1004088,46210100,3907
saphir,A,bt_A,7667,0,16624168,77925487,1006230,46538858,3568
saphir,A,bt_A,5871,4,20995656,89172472,1197127,58786812,2894
saphir,A,bt_A,5871,3,21356104,89195450,1203877,59785416,2899
saphir,A,bt_A,5871,0,21207325,89155494,1195797,59371887,2894
saphir,A,bt_A,5871,2,21228838,89204266,1211102,59437919,2953
saphir,A,bt_A,5871,1,21223239,89172492,1201385,59419796,2870
saphir,A,bt_A,497,1,12806119,71028294,384100,35862933,1875
saphir,A,bt_A,497,2,12838640,71026099,383934,35959130,1729
saphir,A,bt_A,497,0,12824599,71019081,383195,35913775,1911
saphir,A,bt_A,497,4,12965653,71051933,388701,36301401,2050
saphir,A,bt_A,497,3,12829454,71032026,385683,35929887,2422
saphir,A,bt_A,3043,0,23073704,84745053,755537,64602495,1842
saphir,A,bt_A,3043,4,22944686,84741171,754389,64239571,1792
saphir,A,bt_A,3043,3,22759387,84754951,760405,63712538,1727
saphir,A,bt_A,3043,1,22957750,84762376,761085,64271903,1828
saphir,A,bt_A,3043,2,23907307,84787308,764172,66934980,1803
saphir,A,bt_A,7709,0,19779558,90281935,1680130,55379157,4722
saphir,A,bt_A,7709,3,19820979,90301375,1682210,55495965,4842
saphir,A,bt_A,7709,4,19744653,90292918,1680389,55292821,4657
saphir,A,bt_A,7709,1,19771315,90276673,1678608,55357706,4703
saphir,A,bt_A,7709,2,19800934,90293878,1681432,55447037,4633
saphir,A,bt_A,4941,0,14638079,71420686,385972,40988953,2081
saphir,A,bt_A,4941,4,14617347,71414579,384557,40966597,2062
saphir,A,bt_A,4941,3,14543198,71414038,384312,40718066,1734
saphir,A,bt_A,4941,1,14593800,71407266,382575,40865763,1882
saphir,A,bt_A,4941,2,14668631,71411127,383247,41068153,2285
saphir,A,bt_A,3314,0,18959233,85298931,1615815,53075789,4882
saphir,A,bt_A,3314,4,18973234,85303925,1617244,53113680,5126
saphir,A,bt_A,3314,3,18954606,85299517,1615745,53062022,4941
saphir,A,bt_A,3314,1,18980805,85304434,1618464,53141158,5085
saphir,A,bt_A,3314,2,18968518,85301812,1616555,53107328,4983
saphir,A,bt_A,6274,2,20277007,87190112,751967,56778863,2338
saphir,A,bt_A,6274,1,20288865,87194794,752923,56801167,2222
saphir,A,bt_A,6274,4,20313839,87205462,753282,56891021,2317
saphir,A,bt_A,6274,3,20380753,87191813,751975,57063041,2242
saphir,A,bt_A,6274,0,20235238,87186519,750875,56657695,2297
saphir,A,bt_A,2637,1,18586799,89710031,1227789,52049206,3475
saphir,A,bt_A,2637,2,18574549,89710024,1222687,52004999,3482
saphir,A,bt_A,2637,0,18526001,89694750,1221259,51863643,3473
saphir,A,bt_A,2637,3,18501448,89699055,1222090,51849370,3460
saphir,A,bt_A,2637,4,18528046,89707617,1224682,51872768,3534
saphir,A,bt_A,5634,1,17046064,87663839,756109,47725488,2101
saphir,A,bt_A,5634,2,17043198,87670301,757984,47713247,2223
saphir,A,bt_A,5634,0,17021958,87674748,759018,47656860,2226
saphir,A,bt_A,5634,4,17037843,87663537,756966,47698911,2171
saphir,A,bt_A,5634,3,17032119,87663769,756049,47683763,2150
saphir,A,bt_A,6715,1,22933859,88835120,775164,64209105,2249
saphir,A,bt_A,6715,2,22826024,88854017,776503,63907633,2337
saphir,A,bt_A,6715,0,22904758,88852073,775952,64131248,2334
saphir,A,bt_A,6715,4,22987398,88829948,773673,64367008,2288
saphir,A,bt_A,6715,3,22792558,88839268,776672,63819598,2388
saphir,A,bt_A,2117,1,21508238,89988717,1675461,60214336,4325
saphir,A,bt_A,2117,2,21467541,89992236,1677158,60108239,4344
saphir,A,bt_A,2117,0,21452229,89988992,1676318,60059615,4266
saphir,A,bt_A,2117,3,21623441,90036121,1682532,60539537,4340
saphir,A,bt_A,2117,4,21544923,90009427,1678859,60320782,4326
saphir,A,bt_A,1757,2,21028239,89414777,1171190,58881544,2936
saphir,A,bt_A,1757,1,21039530,89432208,1176925,58905212,2880
saphir,A,bt_A,1757,4,21149963,89453317,1180670,59223287,2867
saphir,A,bt_A,1757,3,21018600,89414362,1171159,58848490,2912
saphir,A,bt_A,1757,0,21054845,89410847,1170795,58949424,2916
saphir,A,bt_A,4913,4,20919888,90248408,1833760,58567836,5029
saphir,A,bt_A,4913,3,20847839,90237932,1834533,58375667,5085
saphir,A,bt_A,4913,0,20973108,90253095,1834827,58717137,5105
saphir,A,bt_A,4913,2,20830834,90226951,1830740,58318536,5060
saphir,A,bt_A,4913,1,20793998,90216661,1828135,58220063,4894
saphir,A,bt_A,817,2,13947134,71327175,388783,39045397,2610
saphir,A,bt_A,817,1,13700000,71299903,383970,38368254,2365
saphir,A,bt_A,817,3,13787678,71302793,384651,38608409,1997
saphir,A,bt_A,817,4,13779091,71321498,390251,38568617,2885
saphir,A,bt_A,817,0,13723330,71312711,389172,38423498,2118
saphir,A,bt_A,3303,3,14635688,71257843,383863,40978244,2398
saphir,A,bt_A,3303,4,14576210,71256926,383090,40814267,1309
saphir,A,bt_A,3303,0,14478996,71250815,381593,40532074,1979
saphir,A,bt_A,3303,2,14607097,71250903,381785,40895374,2068
saphir,A,bt_A,3303,1,14563282,71246021,381007,40772376,1984
saphir,A,bt_A,7277,2,17137767,77921090,576004,47983931,1765
saphir,A,bt_A,7277,1,17236002,77922758,577075,48256089,1847
saphir,A,bt_A,7277,4,17094304,77917585,575269,47862713,1603
saphir,A,bt_A,7277,3,17093783,77921397,576532,47870838,1462
saphir,A,bt_A,7277,0,17120473,77924209,576972,47931716,1718
saphir,A,ft_A,132,1,23961926,85924352,5355899,67093061,3380
saphir,A,ft_A,132,2,24239079,85932300,5357871,67864557,27283
saphir,A,ft_A,132,0,23903525,85921346,5354689,66926162,3444
saphir,A,ft_A,132,3,24011823,85928588,5357173,67223112,3372
saphir,A,ft_A,132,4,24042078,85929103,5358260,67324804,3515
saphir,A,ft_A,100,1,14935408,79843106,5517702,41806534,7036
saphir,A,ft_A,100,2,14916974,79843521,5517634,41762872,7168
saphir,A,ft_A,100,0,15043370,79825495,5511155,42113726,7171
saphir,A,ft_A,100,4,15058487,79839327,5515684,42156988,7266
saphir,A,ft_A,100,3,15076132,79825701,5511448,42213838,7225
saphir,A,ft_A,2,2,16909623,71375982,7977426,47345184,13707
saphir,A,ft_A,2,1,16841791,71382486,7983158,47150868,13799
saphir,A,ft_A,2,3,16828517,71361945,7974986,47109004,13842
saphir,A,ft_A,2,4,16938449,71374986,7977163,47429692,13675
saphir,A,ft_A,2,0,16822494,71361659,7974958,47098578,13815
saphir,A,ft_A,99,0,26442838,89587352,5582516,74046823,2333
saphir,A,ft_A,99,3,25962420,89575325,5579650,72690287,2259
saphir,A,ft_A,99,4,25790238,89583745,5581914,72217433,2445
saphir,A,ft_A,99,1,25959537,89571142,5577848,72680900,2277
saphir,A,ft_A,99,2,25969233,89573922,5579054,72712313,2136
saphir,A,ft_A,131,2,16341206,84254330,5938597,45752157,4557
saphir,A,ft_A,131,1,16299578,84257865,5939590,45631597,4579
saphir,A,ft_A,131,4,16461756,84257203,5939609,46082915,4675
saphir,A,ft_A,131,3,16346134,84260183,5940017,45763599,4725
saphir,A,ft_A,131,0,16248330,84255366,5938956,45488734,4664
saphir,A,ft_A,128,2,11440446,79277293,5927630,32027580,5272
saphir,A,ft_A,128,1,11258346,79228550,5916039,31525956,5443
saphir,A,ft_A,128,3,11280017,79227375,5915106,31582461,5245
saphir,A,ft_A,128,4,11419640,79228531,5915341,31971214,5285
saphir,A,ft_A,128,0,11286937,79236286,5916797,31596999,5368
saphir,A,ft_A,207,3,13004694,79185683,5464392,36411187,6727
saphir,A,ft_A,207,4,12810140,79196093,5466689,35867040,6836
saphir,A,ft_A,207,0,12886848,79188540,5464404,36078856,6832
saphir,A,ft_A,207,2,12745275,79194540,5466041,35688256,6970
saphir,A,ft_A,207,1,13050519,79202136,5470745,36539885,6927
saphir,A,ft_A,1,2,19562238,62687764,8962289,54774565,17979
saphir,A,ft_A,1,1,19551951,62672419,8958210,54738682,18010
saphir,A,ft_A,1,4,19566079,62681254,8960428,54791366,17956
saphir,A,ft_A,1,3,19703684,62688773,8960805,55170093,17953
saphir,A,ft_A,1,0,19673399,62703228,8963929,55081296,17985
saphir,A,ft_A,120,2,12143539,80929754,5744842,33996464,5673
saphir,A,ft_A,120,1,12126969,80936799,5744998,33945691,5641
saphir,A,ft_A,120,4,12066040,80936202,5746083,33786720,5766
saphir,A,ft_A,120,3,12124799,80938174,5746703,33947632,5660
saphir,A,ft_A,120,0,12309887,80938757,5746270,34460282,5715
saphir,A,ft_A,0,0,85461100,468187802,48856080,239272424,39005
saphir,A,ft_A,0,4,85480631,468083487,48829669,239341103,38693
saphir,A,ft_A,0,3,85909994,468110945,48833231,240551625,38743
saphir,A,ft_A,0,1,85605751,468109968,48834990,239695648,38584
saphir,A,ft_A,0,2,85465393,468112192,48834319,239293056,38540
saphir,A,ft_A,166,2,12646640,78093416,5533110,35416610,7949
saphir,A,ft_A,166,1,12657786,78048876,5520027,35433967,7908
saphir,A,ft_A,166,3,12716479,78062952,5524590,35606573,7824
saphir,A,ft_A,166,4,12680974,78052252,5521125,35503947,7753
saphir,A,ft_A,166,0,12629859,78061984,5523151,35364783,7817
saphir,A,ft_A,53,2,12555239,78624311,5311448,35152617,5590
saphir,A,ft_A,53,1,12477290,78620378,5312426,34932126,5411
saphir,A,ft_A,53,3,12637010,78624806,5311944,35375455,5514
saphir,A,ft_A,53,4,12500611,78626564,5313398,34992379,5624
saphir,A,ft_A,53,0,12507934,78645491,5319255,35028634,5507
saphir,A,is_A,16,0,47345798,188364614,26887674,132567431,862
saphir,A,is_A,16,4,47542757,188363843,26887348,133051875,947
saphir,A,is_A,16,3,47631157,188402050,26896715,133372915,910
saphir,A,is_A,16,1,47471912,188352336,26884845,132916296,833
saphir,A,is_A,16,2,47462212,188352076,26885054,132890921,757
saphir,A,is_A,54,1,28776334,128252314,15445816,80564702,1951
saphir,A,is_A,54,2,28259254,128223133,15438513,79121467,1889
saphir,A,is_A,54,0,37281064,128314392,15460828,104322786,2212
saphir,A,is_A,54,3,31006627,128272455,15452740,86805939,2145
saphir,A,is_A,54,4,28753698,128264781,15449814,80498485,1932
saphir,A,is_A,49,3,35943869,154019252,20265084,100636645,1855
saphir,A,is_A,49,4,35743955,154056688,20278678,100086850,1865
saphir,A,is_A,49,0,27866220,153989457,20265390,78023101,1855
saphir,A,is_A,49,2,35843516,154019781,20265854,100363075,1830
saphir,A,is_A,49,1,27736907,153972149,20257779,77671537,1790
saphir,A,is_A,12,1,15019324,103665515,8501299,42050740,1448
saphir,A,is_A,12,2,15187239,103659971,8500368,42534031,1347
saphir,A,is_A,12,0,15182934,103662712,8500748,42514216,1559
saphir,A,is_A,12,3,15195559,103671926,8502188,42563617,1455
saphir,A,is_A,12,4,15192378,103663612,8500813,42533615,1357
saphir,A,is_A,3,0,42592997,225332328,34432536,119254619,817
saphir,A,is_A,3,4,42568059,225325042,34430633,119174137,777
saphir,A,is_A,3,3,42703295,225331529,34431929,119565946,828
saphir,A,is_A,3,1,42259638,225337758,34435640,118326960,837
saphir,A,is_A,3,2,43921076,225347501,34436418,122981776,829
saphir,A,is_A,0,1,38289317,196420318,26968917,107216801,895
saphir,A,is_A,0,2,38392478,196444679,26973571,107503080,972
saphir,A,is_A,0,0,38088418,196414514,26968120,106651897,932
saphir,A,is_A,0,4,38261493,196436268,26972034,107133492,801
saphir,A,is_A,0,3,38188055,196441674,26973468,106924659,753
saphir,A,is_A,51,0,44385004,181398284,31405693,124278139,804
saphir,A,is_A,51,4,44427323,181421835,31413870,124381225,676
saphir,A,is_A,51,3,44255521,181391298,31403492,123908050,781
saphir,A,is_A,51,1,44342643,181396358,31405407,124156653,841
saphir,A,is_A,51,2,44423575,181407763,31407461,124380754,847
saphir,A,sp_A,6744,1,22639288,87654963,775683,63388625,2310
saphir,A,sp_A,6744,2,22553001,87637563,773262,63147337,2291
saphir,A,sp_A,6744,0,22994834,87641503,773850,64410392,2377
saphir,A,sp_A,6744,4,21749013,87675678,778135,60895094,2351
saphir,A,sp_A,6744,3,22665520,87630534,771927,63459047,2273
saphir,A,sp_A,2724,0,20750450,90186837,1641384,58099899,4509
saphir,A,sp_A,2724,4,20619918,90149230,1633763,57741927,4510
saphir,A,sp_A,2724,3,20647743,90145699,1632236,57808321,4420
saphir,A,sp_A,2724,1,20632603,90151709,1633507,57766596,4481
saphir,A,sp_A,2724,2,20761511,90174051,1637319,58119454,4418
saphir,A,sp_A,1235,1,17325606,89992763,781416,48505520,2216
saphir,A,sp_A,1235,2,17336355,89992886,781769,48534538,2293
saphir,A,sp_A,1235,0,17271322,89983360,779191,48359222,2236
saphir,A,sp_A,1235,4,17467159,89989032,780591,48422928,2540
saphir,A,sp_A,1235,3,17263439,89985244,780347,48336191,2231
saphir,A,sp_A,5145,0,21009982,87534152,644924,58824096,855
saphir,A,sp_A,5145,4,21251170,87534178,644924,59499452,911
saphir,A,sp_A,5145,3,21233709,87539256,646472,59443110,941
saphir,A,sp_A,5145,1,21091598,87551456,650901,59052427,879
saphir,A,sp_A,5145,2,21106404,87534460,645127,59095828,954
saphir,A,sp_A,2581,2,19160647,88430334,768599,53646286,2247
saphir,A,sp_A,2581,1,19273999,88431372,769475,53969744,2199
saphir,A,sp_A,2581,4,19144794,88428734,768840,53597722,2229
saphir,A,sp_A,2581,3,19255842,88422790,767261,53889245,2238
saphir,A,sp_A,2581,0,19145318,88419500,766889,53602263,2236
saphir,A,sp_A,2412,0,21184158,88825130,1032043,59316035,2416
saphir,A,sp_A,2412,4,21173438,88829827,1033124,59285481,2525
saphir,A,sp_A,2412,3,21198558,88878353,1048545,59317489,2629
saphir,A,sp_A,2412,1,21172198,88830221,1033463,59280464,2547
saphir,A,sp_A,2412,2,21177239,88827605,1032956,59304263,2465
saphir,A,sp_A,5273,4,25853410,86182436,774741,72384085,2155
saphir,A,sp_A,5273,3,26145706,86228586,785348,73202295,2281
saphir,A,sp_A,5273,0,26515639,86190214,775045,74245830,2252
saphir,A,sp_A,5273,2,27232598,86193454,775759,76256760,2282
saphir,A,sp_A,5273,1,25303985,86183012,775114,70847337,2181
saphir,A,sp_A,5163,2,23739478,88051818,776258,66468465,1602
saphir,A,sp_A,5163,1,23708323,88023393,766743,66382009,1606
saphir,A,sp_A,5163,3,24442998,88049926,771787,68435699,1584
saphir,A,sp_A,5163,4,24474550,88047963,770581,68529144,1663
saphir,A,sp_A,5163,0,24295198,88017393,765063,68021993,1543
saphir,A,sp_A,777,4,19663440,86442914,748685,55055076,2204
saphir,A,sp_A,777,3,19784059,86443674,749046,55382289,2180
saphir,A,sp_A,777,0,19818500,86448535,749699,55481754,2307
saphir,A,sp_A,777,2,19536314,86441419,748085,54698943,2240
saphir,A,sp_A,777,1,19842638,86470738,753171,55558291,2266
saphir,A,sp_A,6332,1,20031604,83986171,631999,56087350,912
saphir,A,sp_A,6332,2,20057204,83984787,631341,56154133,888
saphir,A,sp_A,6332,0,20088120,83994325,633673,56241182,1017
saphir,A,sp_A,6332,4,19555693,83986146,632646,54758787,1003
saphir,A,sp_A,6332,3,19504016,84028339,637702,54609040,1019
saphir,A,sp_A,1931,2,20866283,77368580,660573,58426800,460
saphir,A,sp_A,1931,1,20616882,77376291,661931,57720058,565
saphir,A,sp_A,1931,4,20595502,77372840,661791,57662193,604
saphir,A,sp_A,1931,3,21031396,77407255,668496,58880393,575
saphir,A,sp_A,1931,0,20324168,77371675,660676,56905171,524
saphir,A,sp_A,4691,2,20793063,79738241,721469,58209803,741
saphir,A,sp_A,4691,1,20951432,79727537,719510,58660889,573
saphir,A,sp_A,4691,3,20877918,79733045,720894,58451937,667
saphir,A,sp_A,4691,4,20036691,79721854,718412,56095191,625
saphir,A,sp_A,4691,0,20844543,79731745,720736,58351059,563
saphir,A,sp_A,6900,2,20421230,80493391,717684,57179680,1143
saphir,A,sp_A,6900,1,20667744,80486900,716656,57867755,1084
saphir,A,sp_A,6900,3,20574443,80491522,717897,57577625,1139
saphir,A,sp_A,6900,4,20637691,80530336,725653,57788190,1294
saphir,A,sp_A,6900,0,20484761,80489783,717477,57351754,1182
saphir,A,sp_A,5945,1,20282550,80851957,608988,56784663,591
saphir,A,sp_A,5945,2,20360088,80864656,614020,56999446,581
saphir,A,sp_A,5945,0,20213718,80856573,609675,56600042,648
saphir,A,sp_A,5945,3,19724050,80865088,610550,55221244,558
saphir,A,sp_A,5945,4,19987410,80847392,608243,55963823,571
saphir,A,sp_A,1979,0,16462375,81220589,601112,46092211,482
saphir,A,sp_A,1979,4,16478289,81228458,603225,46135748,571
saphir,A,sp_A,1979,3,16518165,81240426,607307,46236906,541
saphir,A,sp_A,1979,1,16623879,81257677,607932,46542521,648
saphir,A,sp_A,1979,2,16496072,81251490,610003,46184874,528
saphir,A,sp_A,638,1,19966685,79465814,669264,55899108,629
saphir,A,sp_A,638,2,19997759,79445278,665678,55990489,617
saphir,A,sp_A,638,0,20137816,79478268,672587,56374493,653
saphir,A,sp_A,638,4,19987778,79442897,665360,55960281,524
saphir,A,sp_A,638,3,19893759,79453316,668258,55702185,684
saphir,A,sp_A,2218,4,17884697,83447992,561932,50080746,670
saphir,A,sp_A,2218,3,17851849,83403172,546729,49977652,641
saphir,A,sp_A,2218,0,17959106,83426405,551036,50275644,618
saphir,A,sp_A,2218,2,17872123,83410363,548986,50032694,687
saphir,A,sp_A,2218,1,17882044,83398279,545634,50059271,573
saphir,A,sp_A,4940,0,25831209,90910397,808342,72318604,2379
saphir,A,sp_A,4940,4,25329774,90909852,811375,70912986,2315
saphir,A,sp_A,4940,3,25694223,90911190,808511,71941079,2377
saphir,A,sp_A,4940,1,24942723,90883322,805382,69834702,2328
saphir,A,sp_A,4940,2,25903601,90888495,806894,72526906,2345
saphir,A,sp_A,4385,4,18272965,89147324,762848,51156869,2285
saphir,A,sp_A,4385,3,18413391,89176023,768361,51551733,2314
saphir,A,sp_A,4385,0,18267482,89148189,763385,51146951,2281
saphir,A,sp_A,4385,2,18351846,89179848,768431,51377279,2317
saphir,A,sp_A,4385,1,18342997,89147264,763736,51340301,2208
saphir,A,sp_A,4006,2,15421763,79238886,661152,43176455,630
saphir,A,sp_A,4006,1,15397333,79239993,661081,43111987,548
saphir,A,sp_A,4006,4,15310330,79218316,656134,42871635,506
saphir,A,sp_A,4006,3,15308056,79207794,655321,42865874,519
saphir,A,sp_A,4006,0,15302122,79209452,655453,42851892,532
saphir,A,sp_A,4301,4,17687065,81300186,715508,49521639,609
saphir,A,sp_A,4301,3,17719809,81303923,716743,49611502,675
saphir,A,sp_A,4301,0,17671239,81314741,716788,49487430,661
saphir,A,sp_A,4301,2,17576962,81296702,718155,49213287,601
saphir,A,sp_A,4301,1,17601037,81272513,711358,49273805,598
saphir,A,sp_A,1726,2,20019838,80970161,730013,55852361,633
saphir,A,sp_A,1726,1,19914561,80961776,727544,55751944,536
saphir,A,sp_A,1726,4,20022079,80961661,727674,56064914,602
saphir,A,sp_A,1726,3,19998482,80965225,728248,55996815,680
saphir,A,sp_A,1726,0,19831482,80967196,729518,55520907,562
saphir,A,sp_A,3878,4,19522088,81074615,715313,54652329,722
saphir,A,sp_A,3878,3,19736001,81064707,712240,55262264,581
saphir,A,sp_A,3878,0,19883317,81118837,725575,55667275,756
saphir,A,sp_A,3878,2,19551878,81065662,713244,54742850,626
saphir,A,sp_A,3878,1,19845235,81087969,716374,55560195,684
saphir,A,sp_A,3902,2,20158959,88564885,1190311,56442969,3006
saphir,A,sp_A,3902,1,20268743,88582452,1192963,56747590,3006
saphir,A,sp_A,3902,3,20111758,88556730,1187826,56309490,3003
saphir,A,sp_A,3902,4,20200196,88585555,1195144,56548102,3104
saphir,A,sp_A,3902,0,20176359,88562971,1189372,56489196,2995
saphir,A,sp_A,1546,2,21039885,90359830,1538181,58906030,4160
saphir,A,sp_A,1546,1,20973165,90362853,1539485,58715461,4150
saphir,A,sp_A,1546,3,21064786,90381402,1545030,58971163,4230
saphir,A,sp_A,1546,4,21042432,90363913,1539002,58915743,4162
saphir,A,sp_A,1546,0,21164722,90403326,1545202,59256483,4254
saphir,A,sp_A,3278,1,20473120,90700772,1857781,57317826,5155
saphir,A,sp_A,3278,2,20501146,90731213,1867366,57397131,5215
saphir,A,sp_A,3278,0,20464083,90700600,1857385,57299824,5179
saphir,A,sp_A,3278,3,20459523,90707182,1858126,57276337,5215
saphir,A,sp_A,3278,4,20488640,90729231,1866113,57357837,5209
saphir,A,sp_A,2651,1,21072700,88965663,917445,58992500,2309
saphir,A,sp_A,2651,2,20937743,88932702,911259,58622149,2211
saphir,A,sp_A,2651,0,20923475,88947187,915693,58591387,2185
saphir,A,sp_A,2651,3,21029167,88959059,915776,58872207,2260
saphir,A,sp_A,2651,4,21080117,89063509,950067,59014861,2259
saphir,A,sp_A,3830,1,21493120,89985750,1700494,60179136,4500
saphir,A,sp_A,3830,2,21507296,90001538,1706144,60206995,4414
saphir,A,sp_A,3830,0,21605079,90009715,1705361,60492570,4472
saphir,A,sp_A,3830,4,21501443,89993549,1702231,60205274,4565
saphir,A,sp_A,3830,3,21468064,89985301,1700542,60114789,4443
saphir,A,sp_A,3978,0,19048449,90469283,1317761,53327393,3712
saphir,A,sp_A,3978,4,18986709,90496977,1322785,53155466,3817
saphir,A,sp_A,3978,3,18825506,90494370,1326332,52702110,3696
saphir,A,sp_A,3978,1,18859475,90468100,1317550,52798938,3728
saphir,A,sp_A,3978,2,18841431,90478983,1320972,52745039,3749
saphir,A,ep_A,28,2,35827558,136123116,15244803,100325642,453301
saphir,A,ep_A,28,1,35895708,136190006,15263489,100514261,453255
saphir,A,ep_A,28,3,35825477,136134787,15246595,100320483,453259
saphir,A,ep_A,28,4,35831490,136135506,15246321,100333531,452962
saphir,A,ep_A,28,0,35829020,136126529,15243964,100331911,453060
saphir,A,ep_A,25,2,37465430,147805150,19074138,104904952,452430
saphir,A,ep_A,25,1,37492117,147827349,19065952,104992554,452650
saphir,A,ep_A,25,3,37449553,147795970,19051364,104865547,452495
saphir,A,ep_A,25,4,37504333,147796659,19073700,105021692,452323
saphir,A,ep_A,25,0,37500405,147804559,19054007,105001935,452558
saphir,A,ep_A,158,3,21534366,81704922,9155103,60304835,271707
saphir,A,ep_A,158,4,21553744,81708190,9153808,60355265,271705
saphir,A,ep_A,158,0,21544751,81690627,9150757,60328920,272210
saphir,A,ep_A,158,2,21519719,81685560,9148082,60273174,271710
saphir,A,ep_A,158,1,21518848,81686597,9148133,60259880,271762
saphir,A,ep_A,21,0,35745108,136215061,15256601,100086228,452781
saphir,A,ep_A,21,4,35753365,136187028,15247490,100116984,453194
saphir,A,ep_A,21,3,35764936,136240885,15263617,100146739,452974
saphir,A,ep_A,21,1,35762477,136193659,15248907,100142165,453219
saphir,A,ep_A,21,2,35745437,136193784,15247793,100103758,453037
saphir,A,ep_A,87,1,35665156,136175738,15244293,99863934,453088
saphir,A,ep_A,87,2,35627678,136178786,15244592,99761815,452987
saphir,A,ep_A,87,0,35638638,136183905,15244224,99801171,452728
saphir,A,ep_A,87,3,35625973,136175979,15245545,99757082,453167
saphir,A,ep_A,87,4,35628122,136174850,15245587,99767943,453320
saphir,A,cg_A,79,1,7297107,61696857,5234166,20431003,38751
saphir,A,cg_A,79,2,7334176,61689328,5232880,20538865,38724
saphir,A,cg_A,79,0,7406095,61692972,5234088,20736648,38706
saphir,A,cg_A,79,4,7297088,61716864,5237842,20434017,38872
saphir,A,cg_A,79,3,7349497,61714943,5237020,20585522,38905
saphir,A,cg_A,10,1,7676088,62360300,5308790,21490010,38694
saphir,A,cg_A,10,2,7873095,62366336,5309783,22048942,38725
saphir,A,cg_A,10,0,7730524,62374907,5311223,21641443,38812
saphir,A,cg_A,10,4,7600227,62366673,5309770,21278704,38699
saphir,A,cg_A,10,3,7830851,62366669,5309777,21923575,38708
saphir,A,cg_A,150,3,1063877,8282018,697423,2984416,5621
saphir,A,cg_A,150,4,1054078,8280805,697186,2964302,5524
saphir,A,cg_A,150,0,1071076,8282212,697392,3008638,5592
saphir,A,cg_A,150,2,1044598,8280886,697252,2928841,5572
saphir,A,cg_A,150,1,1079717,8280921,697168,3027317,5622
saphir,A,lu_A,1874,4,19031270,82902242,1626332,53284311,4532
saphir,A,lu_A,1874,3,19020321,82905960,1626866,53254269,4577
saphir,A,lu_A,1874,0,19196555,82928848,1631601,53748263,4601
saphir,A,lu_A,1874,2,19019318,82903937,1626841,53252608,4695
saphir,A,lu_A,1874,1,18994255,82920090,1632531,53179918,4616
saphir,A,lu_A,4842,2,17803783,81132362,1025208,49842307,2090
saphir,A,lu_A,4842,1,17680726,81108288,1021257,49499576,1997
saphir,A,lu_A,4842,4,17603641,81108878,1021433,49284903,1953
saphir,A,lu_A,4842,3,17632948,81111159,1022010,49365575,2010
saphir,A,lu_A,4842,0,17713562,81105357,1021598,49595700,1964
saphir,A,lu_A,5248,4,15735953,84706888,429369,44052535,1295
saphir,A,lu_A,5248,3,15688919,84700586,427430,43926055,1311
saphir,A,lu_A,5248,0,15720843,84708200,427476,44012563,1217
saphir,A,lu_A,5248,2,15675199,84689077,425148,43890572,1239
saphir,A,lu_A,5248,1,15665279,84696579,426564,43866724,1219
saphir,A,lu_A,1309,2,15270726,85746873,868526,42754878,3092
saphir,A,lu_A,1309,1,15211839,85738982,866544,42591609,3024
saphir,A,lu_A,1309,4,15190494,85745978,869296,42524300,3336
saphir,A,lu_A,1309,3,15221215,85745681,867825,42613430,3062
saphir,A,lu_A,1309,0,15261240,85757462,871909,42719491,2965
saphir,A,lu_A,3177,2,13090797,83078198,245542,36657832,1641
saphir,A,lu_A,3177,1,13085451,83075225,244755,36635462,1529
saphir,A,lu_A,3177,3,13199598,83101509,249910,36956857,1634
saphir,A,lu_A,3177,4,13130639,83082995,248491,36768645,2146
saphir,A,lu_A,3177,0,13231655,83103461,250786,37046531,1787
saphir,A,lu_A,2290,3,12982159,82850124,242743,36360801,1647
saphir,A,lu_A,2290,4,12923048,82851828,242887,36184684,1481
saphir,A,lu_A,2290,0,12953319,82853931,243932,36277176,1654
saphir,A,lu_A,2290,2,13011214,82853667,243557,36430286,1672
saphir,A,lu_A,2290,1,12962839,82849088,242011,36298403,1641
saphir,A,lu_A,4926,4,13179659,83240097,244176,36902429,1518
saphir,A,lu_A,4926,3,13170314,83245314,246114,36875922,1498
saphir,A,lu_A,4926,0,13273722,83252160,246746,37159745,1605
saphir,A,lu_A,4926,2,13216931,83238289,243457,37005341,1486
saphir,A,lu_A,4926,1,13203650,83244645,245597,36967088,1555
saphir,A,lu_A,2534,4,18956803,73317070,2000517,53067143,3735
saphir,A,lu_A,2534,3,18467439,73308794,1999160,51710454,3677
saphir,A,lu_A,2534,0,18404399,73321026,2003166,51536458,3726
saphir,A,lu_A,2534,2,18551599,73327424,2001534,51941869,3788
saphir,A,lu_A,2534,1,18285834,73324853,2003127,51191462,3779
saphir,A,lu_A,5093,3,26531370,83817284,859444,74270086,1923
saphir,A,lu_A,5093,4,26457558,83808040,861021,74080148,1922
saphir,A,lu_A,5093,0,26241868,83798170,855572,73466527,1848
saphir,A,lu_A,5093,2,25835278,83775218,854029,72338937,1977
saphir,A,lu_A,5093,1,26340486,83782093,854764,73743887,1877
saphir,A,lu_A,4496,2,13062599,83733612,247685,36584085,1609
saphir,A,lu_A,4496,1,13037197,83741969,251084,36506044,1476
saphir,A,lu_A,4496,3,13179919,83773484,256977,36900732,1525
saphir,A,lu_A,4496,4,12969168,83737323,248577,36311515,1505
saphir,A,lu_A,4496,0,12946538,83730592,247067,36250421,1635
saphir,A,lu_A,5164,3,20821019,90744319,1649544,58292395,4655
saphir,A,lu_A,5164,4,20787721,90718848,1641601,58206495,4580
saphir,A,lu_A,5164,0,20897429,90742877,1646674,58506503,4521
saphir,A,lu_A,5164,2,20794539,90720236,1642595,58221806,4482
saphir,A,lu_A,5164,1,20934904,90742739,1646646,58608281,4584
saphir,A,lu_A,1766,1,20538523,90275971,2063634,57503953,5990
saphir,A,lu_A,1766,2,20534480,90276226,2063685,57498529,6039
saphir,A,lu_A,1766,0,20530194,90290785,2068371,57481650,6154
saphir,A,lu_A,1766,4,20535839,90283357,2065216,57500363,6135
saphir,A,lu_A,1766,3,20498869,90274906,2063475,57388496,6010
saphir,A,lu_A,5315,3,17463640,87547996,1488866,48896209,4542
saphir,A,lu_A,5315,4,17503444,87555460,1489770,49008899,4604
saphir,A,lu_A,5315,0,17463422,87557961,1490833,48898394,4540
saphir,A,lu_A,5315,2,17501719,87556291,1490307,49005250,4543
saphir,A,lu_A,5315,1,17467997,87553171,1489458,48902990,4541
saphir,A,lu_A,1947,1,17277848,83399983,819934,48379907,1866
saphir,A,lu_A,1947,2,17277407,83395725,819525,48371348,1842
saphir,A,lu_A,1947,0,17255535,83396949,819969,48318465,1820
saphir,A,lu_A,1947,4,17260624,83390845,817995,48328232,1761
saphir,A,lu_A,1947,3,17263359,83392311,818363,48342210,1785
saphir,A,lu_A,2455,1,29326039,84386377,557243,82106285,709
saphir,A,lu_A,2455,2,29880145,84396320,563841,83658910,693
saphir,A,lu_A,2455,0,29267149,84358946,553260,81946249,597
saphir,A,lu_A,2455,4,28981797,84380844,554732,81141513,640
saphir,A,lu_A,2455,3,29338305,84365300,554320,82137588,675
saphir,A,lu_A,3929,4,19206059,77733510,1571297,53771474,2720
saphir,A,lu_A,3929,3,19604027,77692051,1557948,54883849,2679
saphir,A,lu_A,3929,0,19117128,77682935,1556139,53517514,2628
saphir,A,lu_A,3929,2,19406761,77708228,1561020,54315175,2764
saphir,A,lu_A,3929,1,19457113,77708843,1560887,54465929,2655
saphir,A,lu_A,4632,1,19275398,88027538,1242544,53971283,3234
saphir,A,lu_A,4632,2,19162279,87995808,1235730,53660821,3152
saphir,A,lu_A,4632,0,19179044,87999120,1236917,53697487,3157
saphir,A,lu_A,4632,4,19161199,88009322,1239763,53697078,3219
saphir,A,lu_A,4632,3,19203928,88010726,1240934,53767891,3142
saphir,A,lu_A,2201,0,23609024,84661746,692978,66102313,1354
saphir,A,lu_A,2201,4,23761197,84680627,696156,66524091,1319
saphir,A,lu_A,2201,3,23531145,84662570,693707,65884950,1245
saphir,A,lu_A,2201,1,23864989,84681695,699114,66806368,1247
saphir,A,lu_A,2201,2,23546131,84674011,695247,65927013,1246
saphir,A,lu_A,683,1,18682840,76117451,1879206,52312048,4028
saphir,A,lu_A,683,2,18590135,76115908,1879929,52045171,4003
saphir,A,lu_A,683,0,18562014,76121037,1880410,51976581,4069
saphir,A,lu_A,683,4,18773204,76118184,1879462,52562854,3993
saphir,A,lu_A,683,3,18385279,76113886,1878848,51475431,4046
saphir,A,lu_A,1494,2,18852759,79185322,1750374,52784491,4303
saphir,A,lu_A,1494,1,18890029,79180063,1748723,52884034,4337
saphir,A,lu_A,1494,4,18856660,79203756,1753469,52794559,4307
saphir,A,lu_A,1494,3,18863726,79178610,1748138,52810761,4287
saphir,A,lu_A,1494,0,18926562,79177264,1747913,52988917,4232
saphir,A,lu_A,758,2,23038102,82724491,1132576,64496444,3034
saphir,A,lu_A,758,1,22651524,82672123,1124205,63419927,2971
saphir,A,lu_A,758,4,22907319,82706948,1130918,64137316,3023
saphir,A,lu_A,758,3,22798025,82688646,1128256,63820684,2988
saphir,A,lu_A,758,0,22976438,82688667,1128358,64334472,3077
saphir,A,lu_A,4403,3,21310725,91314587,2023887,59668916,5863
saphir,A,lu_A,4403,4,21255878,91286180,2018925,59509373,5795
saphir,A,lu_A,4403,0,21230439,91292083,2020681,59453420,5817
saphir,A,lu_A,4403,2,21288398,91289097,2019106,59604841,5773
saphir,A,lu_A,4403,1,21299795,91316538,2023913,59642703,5860
